#
# A fatal error has been detected by the Java Runtime Environment:
#
#  EXCEPTION_ACCESS_VIOLATION (0xc0000005) at pc=0x00007ffb109f7cca, pid=1912, tid=7096
#
# JRE version: OpenJDK Runtime Environment Temurin-18.0.1+10 (18.0.1+10) (build 18.0.1+10)
# Java VM: OpenJDK 64-Bit Server VM Temurin-18.0.1+10 (18.0.1+10, mixed mode, emulated-client, tiered, compressed oops, compressed class ptrs, g1 gc, windows-amd64)
# Problematic frame:
# V  [jvm.dll+0x7b7cca]
#
# No core dump will be written. Minidumps are not enabled by default on client versions of Windows
#
# If you would like to submit a bug report, please visit:
#   https://github.com/adoptium/adoptium-support/issues
#

---------------  S U M M A R Y ------------

Command Line: -XX:+ShowCodeDetailsInExceptionMessages -agentlib:jdwp=transport=dt_socket,suspend=y,address=localhost:53631 -Dcom.sun.management.jmxremote -Dcom.sun.management.jmxremote.port=53629 -Dcom.sun.management.jmxremote.authenticate=false -Dcom.sun.management.jmxremote.ssl=false -Djava.rmi.server.hostname=localhost -Dspring.jmx.enabled=true -Dspring.application.admin.enabled=true -XX:TieredStopAtLevel=1 -Dspring.boot.project.name=EwayCommonApi -javaagent:F:\java-2022-03\eclipse\configuration\org.eclipse.osgi\225\0\.cp\lib\javaagent-shaded.jar -Dfile.encoding=UTF-8 com.maan.eway.EwayCommonApiApplication

Host: Intel(R) Core(TM) i3-4150 CPU @ 3.50GHz, 4 cores, 7G,  Windows 8.1 , 64 bit Build 9600 (6.3.9600.20778)
Time: Tue Feb 14 12:54:34 2023 India Standard Time elapsed time: 501.468212 seconds (0d 0h 8m 21s)

---------------  T H R E A D  ---------------

Current thread (0x000000ce75ee2c80):  JavaThread "JDWP Transport Listener: dt_socket" daemon [_thread_in_vm, id=7096, stack(0x000000ce76be0000,0x000000ce76ce0000)]

Stack: [0x000000ce76be0000,0x000000ce76ce0000],  sp=0x000000ce76cdf210,  free space=1020k
Native frames: (J=compiled Java code, j=interpreted, Vv=VM code, C=native code)
V  [jvm.dll+0x7b7cca]
V  [jvm.dll+0x52ee8c]
V  [jvm.dll+0x4fc88b]
C  [jdwp.dll+0x22fe7]


siginfo: EXCEPTION_ACCESS_VIOLATION (0xc0000005), reading address 0x0000000001510070


Register to memory mapping:

RIP=0x00007ffb109f7cca jvm.dll
RAX=0x0000000000000152 is an unknown value
RBX=0x000000ce75c737bf points into unknown readable memory: 3b
RCX=0x000000000151006c is an unknown value
RDX=0x000000ce7ae05510 points into unknown readable memory: 0x61616d2f6d6f634c | 4c 63 6f 6d 2f 6d 61 61
RSP=0x000000ce76cdf210 is pointing into the stack for thread: 0x000000ce75ee2c80
RBP=0x000000ce75ed1fb0 points into unknown readable memory: 0x0000000000000002 | 02 00 00 00 00 00 00 00
RSI=0x0 is NULL
RDI=0xffffffffffffffff is an unknown value
R8 =0x0000000000000819 is an unknown value
R9 =0x000000000000002c is an unknown value
R10=0x000000ce7adeb840 points into unknown readable memory: 0x000000ce7b1410f0 | f0 10 14 7b ce 00 00 00
R11=0x000000ce76cdf230 is pointing into the stack for thread: 0x000000ce75ee2c80
R12=0x000000ce76cdf368 is pointing into the stack for thread: 0x000000ce75ee2c80
R13=0x0 is NULL
R14=0x0000000100bed4b8 is a pointer to class: 
com.maan.eway.notification.service.PushedStateChange {0x0000000100bed4c0}
 - instance size:     3
 - klass size:        72
 - access:            public synchronized 
 - state:             fully_initialized
 - name:              'com/maan/eway/notification/service/PushedStateChange'
 - super:             'java/lang/Object'
 - sub:               
 - arrays:            NULL
 - methods:           Array<T>(0x000000ce7d1d2c00)
 - method ordering:   Array<T>(0x000000ce7d1d3428)
 - default_methods:   Array<T>(0x000000ce7d1cbfd0)
 - default vtable indices:   Array<T>(0x000000ce7d1cbfe8)
 - local interfaces:  Array<T>(0x000000ce7d1cb788)
 - trans. interfaces: Array<T>(0x000000ce7d1cb788)
 - constants:         constant pool [345] {0x000000ce7d1d8008} for 'com/maan/eway/notification/service/PushedStateChange' cache=0x000000ce7d1d7590
 - class loader data:  loader data: 0x000000ce75c69da0 for instance a 'jdk/internal/loader/ClassLoaders$AppClassLoader'{0x00000000819f3d40}
 - source file:       'PushedStateChange.java'
 - source debug extension:       SMAP
PushedStateChange.java
Java
*S jdt
*F
1 PushedStateChange.java
2 file:/E:/Kumar/Git/EwayCommonApi/target/classes/
*L
*E

 - class annotations:       Array<T>(0x0000000000000000)
 - class type annotations:  Array<T>(0x0000000000000000)
 - field annotations:       Array<T>(0x0000000000000000)
 - field type annotations:  Array<T>(0x0000000000000000)
 - previous version:  constant pool [336] {0x000000ce7d1cac00} for 'com/maan/eway/notification/service/PushedStateChange' (extra) cache=0x000000ce7d1c9000
 - generic signature: '
[error occurred during error reporting (printing register info), id 0xc0000005, EXCEPTION_ACCESS_VIOLATION (0xc0000005) at pc=0x00007ffb109f88d6]

Registers:
RAX=0x0000000000000152, RBX=0x000000ce75c737bf, RCX=0x000000000151006c, RDX=0x000000ce7ae05510
RSP=0x000000ce76cdf210, RBP=0x000000ce75ed1fb0, RSI=0x0000000000000000, RDI=0xffffffffffffffff
R8 =0x0000000000000819, R9 =0x000000000000002c, R10=0x000000ce7adeb840, R11=0x000000ce76cdf230
R12=0x000000ce76cdf368, R13=0x0000000000000000, R14=0x0000000100bed4b8, R15=0x000000ce76cdf3b8
RIP=0x00007ffb109f7cca, EFLAGS=0x0000000000010202

Top of Stack: (sp=0x000000ce76cdf210)
0x000000ce76cdf210:   0000000000000034 0000000100bed4b8
0x000000ce76cdf220:   000000ce75ee2c80 0000000000000000
0x000000ce76cdf230:   ffffffffffffffff 00007ffb1076ee8c
0x000000ce76cdf240:   000000ce75c737bf 000000ce75ed1fb0
0x000000ce76cdf250:   0000000000000000 000000ce75ee2f10
0x000000ce76cdf260:   000000ce75c73740 00000000000003d8
0x000000ce76cdf270:   000000ce75c73750 000000ce75c73b28
0x000000ce76cdf280:   0000000000000002 000000ce76cdf368
0x000000ce76cdf290:   0000000000000000 0000000000000000
0x000000ce76cdf2a0:   0000000094f07f50 00007ffb1073c88b
0x000000ce76cdf2b0:   000000ce75ee2c80 000000ce76cdf3b8
0x000000ce76cdf2c0:   000000ce63d2e760 000000ce76cdf3b8
0x000000ce76cdf2d0:   000000ce75ee2c80 0000000000000000
0x000000ce76cdf2e0:   000000ce00000000 0000000000000000
0x000000ce76cdf2f0:   000000000000000d 00007ffb1a6f2fe7
0x000000ce76cdf300:   000000ce76cdf3b0 00007ffb1a701640 

Instructions: (pc=0x00007ffb109f7cca)
0x00007ffb109f7bca:   48 8b f8 48 85 db 74 08 48 8b cb e8 b6 66 eb ff
0x00007ffb109f7bda:   48 8b 5c 24 30 48 8b c7 48 83 c4 20 5f c3 8d 42
0x00007ffb109f7bea:   06 83 ff 02 b9 08 00 00 00 0f 4e c1 45 33 c0 48
0x00007ffb109f7bfa:   63 c8 48 83 c1 07 83 e1 f8 48 63 c9 41 8d 50 0b
0x00007ffb109f7c0a:   48 83 c4 20 5f e9 3c ce 8f ff cc cc cc cc cc cc
0x00007ffb109f7c1a:   cc cc cc cc cc cc 83 fa 02 8d 42 06 b9 08 00 00
0x00007ffb109f7c2a:   00 4d 8b c8 0f 4e c1 48 63 c8 49 8b 40 18 48 83
0x00007ffb109f7c3a:   c1 07 83 e1 f8 48 63 d1 49 8b 48 20 48 2b c8 48
0x00007ffb109f7c4a:   3b ca 72 09 48 8d 0c 10 49 89 48 18 c3 45 33 c0
0x00007ffb109f7c5a:   49 8b c9 e9 1e 2c 90 ff cc cc cc cc cc cc cc cc
0x00007ffb109f7c6a:   cc cc cc cc cc cc 4c 8b d2 4c 8b d9 45 85 c0 7e
0x00007ffb109f7c7a:   3c 44 0f b7 49 04 41 8d 40 ff 41 3b c1 44 0f 4c
0x00007ffb109f7c8a:   c8 4d 63 c1 45 85 c9 7e 1f 48 8b c2 4c 2b da 49
0x00007ffb109f7c9a:   8b d0 0f 1f 40 00 41 0f b6 4c 03 06 88 08 48 8d
0x00007ffb109f7caa:   40 01 48 83 ea 01 75 ee 43 c6 04 10 00 49 8b c2
0x00007ffb109f7cba:   c3 cc cc cc cc cc 48 89 5c 24 08 57 48 83 ec 20
0x00007ffb109f7cca:   0f b7 59 04 48 8b f9 33 d2 48 8d 4b 01 e8 e4 9e
0x00007ffb109f7cda:   f3 ff 0f b7 57 04 4c 8b c0 3b da 0f 42 d3 44 8b
0x00007ffb109f7cea:   ca 85 d2 74 39 48 2b f8 0f 1f 40 00 66 66 0f 1f
0x00007ffb109f7cfa:   84 00 00 00 00 00 0f b6 4c 07 06 88 08 48 ff c0
0x00007ffb109f7d0a:   48 8b c8 49 2b c8 49 3b c9 7c eb 42 c6 04 02 00
0x00007ffb109f7d1a:   49 8b c0 48 8b 5c 24 30 48 83 c4 20 5f c3 48 8b
0x00007ffb109f7d2a:   5c 24 30 c6 04 02 00 48 83 c4 20 5f c3 cc cc cc
0x00007ffb109f7d3a:   cc cc cc cc cc cc 4c 8b d1 45 85 c0 7e 6c 44 0f
0x00007ffb109f7d4a:   b7 49 04 41 8d 40 ff 41 3b c1 44 0f 4c c8 4d 63
0x00007ffb109f7d5a:   d9 45 85 c9 7e 22 48 8b ca 4c 2b d2 4d 8b c3 0f
0x00007ffb109f7d6a:   1f 80 00 00 00 00 41 0f b6 44 0a 06 88 01 48 8d
0x00007ffb109f7d7a:   49 01 49 83 e8 01 75 ee 41 c6 04 13 00 48 c7 c0
0x00007ffb109f7d8a:   ff ff ff ff 66 90 48 ff c0 80 3c 02 00 75 f7 48
0x00007ffb109f7d9a:   63 c8 85 c0 48 8b c2 7e 14 80 38 2f 75 03 c6 00
0x00007ffb109f7daa:   2e 48 ff c0 48 83 e9 01 75 ef 48 8b c2 c3 cc cc
0x00007ffb109f7dba:   cc cc cc cc cc cc 48 83 ec 28 e8 f7 fe ff ff 4c 


Stack slot to memory mapping:
stack at sp + 0 slots: 0x0000000000000034 is an unknown value
stack at sp + 1 slots: 0x0000000100bed4b8 is a pointer to class: 
com.maan.eway.notification.service.PushedStateChange {0x0000000100bed4c0}
 - instance size:     3
 - klass size:        72
 - access:            public synchronized 
 - state:             fully_initialized
 - name:              'com/maan/eway/notification/service/PushedStateChange'
 - super:             'java/lang/Object'
 - sub:               
 - arrays:            NULL
 - methods:           Array<T>(0x000000ce7d1d2c00)
 - method ordering:   Array<T>(0x000000ce7d1d3428)
 - default_methods:   Array<T>(0x000000ce7d1cbfd0)
 - default vtable indices:   Array<T>(0x000000ce7d1cbfe8)
 - local interfaces:  Array<T>(0x000000ce7d1cb788)
 - trans. interfaces: Array<T>(0x000000ce7d1cb788)
 - constants:         constant pool [345] {0x000000ce7d1d8008} for 'com/maan/eway/notification/service/PushedStateChange' cache=0x000000ce7d1d7590
 - class loader data:  loader data: 0x000000ce75c69da0 for instance a 'jdk/internal/loader/ClassLoaders$AppClassLoader'{0x00000000819f3d40}
 - source file:       'PushedStateChange.java'
 - source debug extension:       SMAP
PushedStateChange.java
Java
*S jdt
*F
1 PushedStateChange.java
2 file:/E:/Kumar/Git/EwayCommonApi/target/classes/
*L
*E

 - class annotations:       Array<T>(0x0000000000000000)
 - class type annotations:  Array<T>(0x0000000000000000)
 - field annotations:       Array<T>(0x0000000000000000)
 - field type annotations:  Array<T>(0x0000000000000000)
 - previous version:  constant pool [336] {0x000000ce7d1cac00} for 'com/maan/eway/notification/service/PushedStateChange' (extra) cache=0x000000ce7d1c9000
 - generic signature: '
[error occurred during error reporting (inspecting top of stack), id 0xc0000005, EXCEPTION_ACCESS_VIOLATION (0xc0000005) at pc=0x00007ffb109f88d6]


---------------  P R O C E S S  ---------------

Threads class SMR info:
_java_thread_list=0x000000ce7a433fd0, length=72, elements={
0x000000ce71539d20, 0x000000ce7153ac00, 0x000000ce7155cee0, 0x000000ce7155e9f0,
0x000000ce75c2d3f0, 0x000000ce75c2dd90, 0x000000ce75c2e730, 0x000000ce75c4cdf0,
0x000000ce75d13010, 0x000000ce75ee2c80, 0x000000ce75ee7a40, 0x000000ce75ee7f20,
0x000000ce7754b1d0, 0x000000ce77631dc0, 0x000000ce776386f0, 0x000000ce77626390,
0x000000ce780cd940, 0x000000ce780ce700, 0x000000ce78126c70, 0x000000ce77526000,
0x000000ce77527ce0, 0x000000ce775281b0, 0x000000ce77527810, 0x000000ce775264d0,
0x000000ce7ac0e640, 0x000000ce7ac0efe0, 0x000000ce7ac0fe50, 0x000000ce7ac0c960,
0x000000ce7ac0c490, 0x000000ce7ac10320, 0x000000ce7ac107f0, 0x000000ce7ac10cc0,
0x000000ce7ac11190, 0x000000ce7ac124d0, 0x000000ce7ac11660, 0x000000ce7ac129a0,
0x000000ce7ac11b30, 0x000000ce7ac12000, 0x000000ce7ac12e70, 0x000000ce7ac13340,
0x000000ce7ad91a00, 0x000000ce7ad93bb0, 0x000000ce7ad91060, 0x000000ce7ad91ed0,
0x000000ce7ad94080, 0x000000ce7ad936e0, 0x000000ce7ad91530, 0x000000ce7ad94a20,
0x000000ce7ad93210, 0x000000ce7ad94550, 0x000000ce7ad94ef0, 0x000000ce7ad923a0,
0x000000ce7ad953c0, 0x000000ce7ad95890, 0x000000ce7ad95d60, 0x000000ce7ad96230,
0x000000ce7ad92870, 0x000000ce7ad96700, 0x000000ce7ad92d40, 0x000000ce7ad96bd0,
0x000000ce7ad970a0, 0x000000ce7ad97570, 0x000000ce7ad97a40, 0x000000ce7ad97f10,
0x000000ce7ad983e0, 0x000000ce7ad988b0, 0x000000ce7b6cd560, 0x000000ce7b6cc6f0,
0x000000ce7b6cbd50, 0x000000ce7b6cb3b0, 0x000000ce7b6cb880, 0x000000ce7b6ca070
}

Java Threads: ( => current thread )
  0x000000ce71539d20 JavaThread "Reference Handler" daemon [_thread_blocked, id=7188, stack(0x000000ce71970000,0x000000ce71a70000)]
  0x000000ce7153ac00 JavaThread "Finalizer" daemon [_thread_blocked, id=5368, stack(0x000000ce71a70000,0x000000ce71b70000)]
  0x000000ce7155cee0 JavaThread "Signal Dispatcher" daemon [_thread_blocked, id=6324, stack(0x000000ce76000000,0x000000ce76100000)]
  0x000000ce7155e9f0 JavaThread "Attach Listener" daemon [_thread_blocked, id=7148, stack(0x000000ce76100000,0x000000ce76200000)]
  0x000000ce75c2d3f0 JavaThread "Service Thread" daemon [_thread_blocked, id=5284, stack(0x000000ce76200000,0x000000ce76300000)]
  0x000000ce75c2dd90 JavaThread "Monitor Deflation Thread" daemon [_thread_blocked, id=6788, stack(0x000000ce76300000,0x000000ce76400000)]
  0x000000ce75c2e730 JavaThread "C1 CompilerThread0" daemon [_thread_blocked, id=5556, stack(0x000000ce76400000,0x000000ce76500000)]
  0x000000ce75c4cdf0 JavaThread "Sweeper thread" daemon [_thread_blocked, id=7872, stack(0x000000ce76500000,0x000000ce76600000)]
  0x000000ce75d13010 JavaThread "Common-Cleaner" daemon [_thread_blocked, id=2452, stack(0x000000ce76600000,0x000000ce76700000)]
=>0x000000ce75ee2c80 JavaThread "JDWP Transport Listener: dt_socket" daemon [_thread_in_vm, id=7096, stack(0x000000ce76be0000,0x000000ce76ce0000)]
  0x000000ce75ee7a40 JavaThread "JDWP Event Helper Thread" daemon [_thread_blocked, id=2120, stack(0x000000ce76ce0000,0x000000ce76de0000)]
  0x000000ce75ee7f20 JavaThread "JDWP Command Reader" daemon [_thread_in_native, id=4844, stack(0x000000ce76de0000,0x000000ce76ee0000)]
  0x000000ce7754b1d0 JavaThread "Notification Thread" daemon [_thread_blocked, id=6508, stack(0x000000ce776e0000,0x000000ce777e0000)]
  0x000000ce77631dc0 JavaThread "RMI TCP Accept-0" daemon [_thread_in_native, id=8024, stack(0x000000ce77ce0000,0x000000ce77de0000)]
  0x000000ce776386f0 JavaThread "RMI TCP Accept-53629" daemon [_thread_in_native, id=1108, stack(0x000000ce77de0000,0x000000ce77ee0000)]
  0x000000ce77626390 JavaThread "RMI TCP Accept-0" daemon [_thread_in_native, id=6740, stack(0x000000ce78eb0000,0x000000ce78fb0000)]
  0x000000ce780cd940 JavaThread "RMI Scheduler(0)" daemon [_thread_blocked, id=2196, stack(0x000000ce791b0000,0x000000ce792b0000)]
  0x000000ce780ce700 JavaThread "RMI TCP Connection(idle)" daemon [_thread_blocked, id=7224, stack(0x000000ce792b0000,0x000000ce793b0000)]
  0x000000ce78126c70 JavaThread "JMX server connection timeout 24" daemon [_thread_blocked, id=6556, stack(0x000000ce793b0000,0x000000ce794b0000)]
  0x000000ce77526000 JavaThread "mysql-cj-abandoned-connection-cleanup" daemon [_thread_blocked, id=4428, stack(0x000000ce7a7e0000,0x000000ce7a8e0000)]
  0x000000ce77527ce0 JavaThread "HikariPool-1 housekeeper" daemon [_thread_blocked, id=5152, stack(0x000000ce7a9e0000,0x000000ce7aae0000)]
  0x000000ce775281b0 JavaThread "Catalina-utility-1" [_thread_blocked, id=7172, stack(0x000000ce7aae0000,0x000000ce7abe0000)]
  0x000000ce77527810 JavaThread "Catalina-utility-2" [_thread_blocked, id=7192, stack(0x000000ce7fc00000,0x000000ce7fd00000)]
  0x000000ce775264d0 JavaThread "container-0" [_thread_blocked, id=4740, stack(0x000000ce7fd00000,0x000000ce7fe00000)]
  0x000000ce7ac0e640 JavaThread "backgroundjob-zookeeper-pool-1-thread-1" [_thread_blocked, id=6856, stack(0x000000ce00250000,0x000000ce00350000)]
  0x000000ce7ac0efe0 JavaThread "backgroundjob-zookeeper-pool-1-thread-2" [_thread_blocked, id=6344, stack(0x000000ce00350000,0x000000ce00450000)]
  0x000000ce7ac0fe50 JavaThread "backgroundjob-worker-pool-2-thread-1" [_thread_blocked, id=4584, stack(0x000000ce00450000,0x000000ce00550000)]
  0x000000ce7ac0c960 JavaThread "backgroundjob-worker-pool-2-thread-2" [_thread_blocked, id=7004, stack(0x000000ce00550000,0x000000ce00650000)]
  0x000000ce7ac0c490 JavaThread "backgroundjob-worker-pool-2-thread-3" [_thread_blocked, id=5412, stack(0x000000ce00650000,0x000000ce00750000)]
  0x000000ce7ac10320 JavaThread "backgroundjob-worker-pool-2-thread-4" [_thread_blocked, id=8124, stack(0x000000ce00750000,0x000000ce00850000)]
  0x000000ce7ac107f0 JavaThread "backgroundjob-worker-pool-2-thread-5" [_thread_blocked, id=6944, stack(0x000000ce00850000,0x000000ce00950000)]
  0x000000ce7ac10cc0 JavaThread "backgroundjob-worker-pool-2-thread-6" [_thread_blocked, id=3828, stack(0x000000ce00950000,0x000000ce00a50000)]
  0x000000ce7ac11190 JavaThread "backgroundjob-worker-pool-2-thread-7" [_thread_blocked, id=1268, stack(0x000000ce00a50000,0x000000ce00b50000)]
  0x000000ce7ac124d0 JavaThread "backgroundjob-worker-pool-2-thread-8" [_thread_blocked, id=388, stack(0x000000ce00b50000,0x000000ce00c50000)]
  0x000000ce7ac11660 JavaThread "backgroundjob-worker-pool-2-thread-9" [_thread_blocked, id=7832, stack(0x000000ce00c50000,0x000000ce00d50000)]
  0x000000ce7ac129a0 JavaThread "backgroundjob-worker-pool-2-thread-10" [_thread_blocked, id=7568, stack(0x000000ce00d50000,0x000000ce00e50000)]
  0x000000ce7ac11b30 JavaThread "backgroundjob-worker-pool-2-thread-11" [_thread_blocked, id=7228, stack(0x000000ce00e50000,0x000000ce00f50000)]
  0x000000ce7ac12000 JavaThread "backgroundjob-worker-pool-2-thread-12" [_thread_blocked, id=5804, stack(0x000000ce00f50000,0x000000ce01050000)]
  0x000000ce7ac12e70 JavaThread "backgroundjob-worker-pool-2-thread-13" [_thread_blocked, id=5576, stack(0x000000ce01050000,0x000000ce01150000)]
  0x000000ce7ac13340 JavaThread "backgroundjob-worker-pool-2-thread-14" [_thread_blocked, id=7044, stack(0x000000ce01150000,0x000000ce01250000)]
  0x000000ce7ad91a00 JavaThread "backgroundjob-worker-pool-2-thread-15" [_thread_blocked, id=3680, stack(0x000000ce01250000,0x000000ce01350000)]
  0x000000ce7ad93bb0 JavaThread "backgroundjob-worker-pool-2-thread-16" [_thread_blocked, id=7944, stack(0x000000ce01350000,0x000000ce01450000)]
  0x000000ce7ad91060 JavaThread "backgroundjob-worker-pool-2-thread-17" [_thread_blocked, id=3476, stack(0x000000ce01450000,0x000000ce01550000)]
  0x000000ce7ad91ed0 JavaThread "backgroundjob-worker-pool-2-thread-18" [_thread_blocked, id=5940, stack(0x000000ce01550000,0x000000ce01650000)]
  0x000000ce7ad94080 JavaThread "backgroundjob-worker-pool-2-thread-19" [_thread_blocked, id=8084, stack(0x000000ce01650000,0x000000ce01750000)]
  0x000000ce7ad936e0 JavaThread "backgroundjob-worker-pool-2-thread-20" [_thread_blocked, id=7492, stack(0x000000ce01750000,0x000000ce01850000)]
  0x000000ce7ad91530 JavaThread "backgroundjob-worker-pool-2-thread-21" [_thread_blocked, id=2084, stack(0x000000ce01850000,0x000000ce01950000)]
  0x000000ce7ad94a20 JavaThread "backgroundjob-worker-pool-2-thread-22" [_thread_blocked, id=5748, stack(0x000000ce01950000,0x000000ce01a50000)]
  0x000000ce7ad93210 JavaThread "backgroundjob-worker-pool-2-thread-23" [_thread_blocked, id=6080, stack(0x000000ce01a50000,0x000000ce01b50000)]
  0x000000ce7ad94550 JavaThread "backgroundjob-worker-pool-2-thread-24" [_thread_blocked, id=6376, stack(0x000000ce01b50000,0x000000ce01c50000)]
  0x000000ce7ad94ef0 JavaThread "backgroundjob-worker-pool-2-thread-25" [_thread_blocked, id=2180, stack(0x000000ce01c50000,0x000000ce01d50000)]
  0x000000ce7ad923a0 JavaThread "backgroundjob-worker-pool-2-thread-26" [_thread_blocked, id=8004, stack(0x000000ce01d50000,0x000000ce01e50000)]
  0x000000ce7ad953c0 JavaThread "backgroundjob-worker-pool-2-thread-27" [_thread_blocked, id=3864, stack(0x000000ce01e50000,0x000000ce01f50000)]
  0x000000ce7ad95890 JavaThread "backgroundjob-worker-pool-2-thread-28" [_thread_blocked, id=3460, stack(0x000000ce01f50000,0x000000ce02050000)]
  0x000000ce7ad95d60 JavaThread "backgroundjob-worker-pool-2-thread-29" [_thread_blocked, id=5000, stack(0x000000ce02050000,0x000000ce02150000)]
  0x000000ce7ad96230 JavaThread "backgroundjob-worker-pool-2-thread-30" [_thread_blocked, id=6724, stack(0x000000ce02150000,0x000000ce02250000)]
  0x000000ce7ad92870 JavaThread "backgroundjob-worker-pool-2-thread-31" [_thread_blocked, id=6928, stack(0x000000ce02250000,0x000000ce02350000)]
  0x000000ce7ad96700 JavaThread "backgroundjob-worker-pool-2-thread-32" [_thread_blocked, id=8112, stack(0x000000ce02350000,0x000000ce02450000)]
  0x000000ce7ad92d40 JavaThread "MySQL Statement Cancellation Timer" daemon [_thread_blocked, id=4820, stack(0x000000ce02450000,0x000000ce02550000)]
  0x000000ce7ad96bd0 JavaThread "http-nio-8086-exec-1" daemon [_thread_blocked, id=7392, stack(0x000000ce02550000,0x000000ce02650000)]
  0x000000ce7ad970a0 JavaThread "http-nio-8086-exec-2" daemon [_thread_blocked, id=6560, stack(0x000000ce02650000,0x000000ce02750000)]
  0x000000ce7ad97570 JavaThread "http-nio-8086-exec-3" daemon [_thread_blocked, id=6672, stack(0x000000ce02750000,0x000000ce02850000)]
  0x000000ce7ad97a40 JavaThread "http-nio-8086-exec-4" daemon [_thread_blocked, id=3832, stack(0x000000ce02850000,0x000000ce02950000)]
  0x000000ce7ad97f10 JavaThread "http-nio-8086-exec-5" daemon [_thread_blocked, id=7908, stack(0x000000ce02950000,0x000000ce02a50000)]
  0x000000ce7ad983e0 JavaThread "http-nio-8086-exec-6" daemon [_thread_blocked, id=3868, stack(0x000000ce02a50000,0x000000ce02b50000)]
  0x000000ce7ad988b0 JavaThread "http-nio-8086-exec-7" daemon [_thread_blocked, id=6008, stack(0x000000ce02b50000,0x000000ce02c50000)]
  0x000000ce7b6cd560 JavaThread "http-nio-8086-exec-8" daemon [_thread_blocked, id=6448, stack(0x000000ce02c50000,0x000000ce02d50000)]
  0x000000ce7b6cc6f0 JavaThread "http-nio-8086-exec-9" daemon [_thread_blocked, id=6196, stack(0x000000ce02d50000,0x000000ce02e50000)]
  0x000000ce7b6cbd50 JavaThread "http-nio-8086-exec-10" daemon [_thread_blocked, id=6460, stack(0x000000ce02e50000,0x000000ce02f50000)]
  0x000000ce7b6cb3b0 JavaThread "http-nio-8086-Poller" daemon [_thread_in_native, id=6476, stack(0x000000ce02f50000,0x000000ce03050000)]
  0x000000ce7b6cb880 JavaThread "http-nio-8086-Acceptor" daemon [_thread_in_native, id=8104, stack(0x000000ce03050000,0x000000ce03150000)]
  0x000000ce7b6ca070 JavaThread "DestroyJavaVM" [_thread_blocked, id=6184, stack(0x000000ce633c0000,0x000000ce634c0000)]

Other Threads:
  0x000000ce71534fd0 VMThread "VM Thread" [stack: 0x000000ce71870000,0x000000ce71970000] [id=7856]
  0x000000ce63d43720 WatcherThread "VM Periodic Task Thread" [stack: 0x000000ce78fb0000,0x000000ce790b0000] [id=3824]
  0x000000ce63da0200 WorkerThread "GC Thread#0" [stack: 0x000000ce639d0000,0x000000ce63ad0000] [id=2072]
  0x000000ce775317b0 WorkerThread "GC Thread#1" [stack: 0x000000ce777e0000,0x000000ce778e0000] [id=6868]
  0x000000ce77531a50 WorkerThread "GC Thread#2" [stack: 0x000000ce778e0000,0x000000ce779e0000] [id=7496]
  0x000000ce775899b0 WorkerThread "GC Thread#3" [stack: 0x000000ce779e0000,0x000000ce77ae0000] [id=3692]
  0x000000ce63db1ae0 ConcurrentGCThread "G1 Main Marker" [stack: 0x000000ce63ad0000,0x000000ce63bd0000] [id=8088]
  0x000000ce63db24d0 WorkerThread "G1 Conc#0" [stack: 0x000000ce6ef30000,0x000000ce6f030000] [id=3932]
  0x000000ce71397d90 ConcurrentGCThread "G1 Refine#0" [stack: 0x000000ce71670000,0x000000ce71770000] [id=4304]
  0x000000ce77589c50 ConcurrentGCThread "G1 Refine#1" [stack: 0x000000ce77ae0000,0x000000ce77be0000] [id=4752]
  0x000000ce713986a0 ConcurrentGCThread "G1 Service" [stack: 0x000000ce71770000,0x000000ce71870000] [id=7184]

Threads with active compile tasks:

VM state: not at safepoint (normal execution)

VM Mutex/Monitor currently owned by a thread: None

Heap address: 0x0000000081400000, size: 2028 MB, Compressed Oops mode: 32-bit

CDS archive(s) not mapped
Compressed class space mapped at: 0x0000000100000000-0x0000000140000000, reserved size: 1073741824
Narrow klass base: 0x0000000000000000, Narrow klass shift: 3, Narrow klass range: 0x140000000

GC Precious Log:
 CardTable entry size: 512
 Card Set container configuration: InlinePtr #cards 5 size 8 Array Of Cards #cards 12 size 40 Howl #buckets 4 coarsen threshold 1843 Howl Bitmap #cards 512 size 80 coarsen threshold 460 Card regions per heap region 1 cards per card region 2048
 CPUs: 4 total, 4 available
 Memory: 8104M
 Large Page Support: Disabled
 NUMA Support: Disabled
 Compressed Oops: Enabled (32-bit)
 Heap Region Size: 1M
 Heap Min Capacity: 8M
 Heap Initial Capacity: 128M
 Heap Max Capacity: 2028M
 Pre-touch: Disabled
 Parallel Workers: 4
 Concurrent Workers: 1
 Concurrent Refinement Workers: 4
 Periodic GC: Disabled

Heap:
 garbage-first heap   total 335872K, used 139845K [0x0000000081400000, 0x0000000100000000)
  region size 1024K, 29 young (29696K), 15 survivors (15360K)
 Metaspace       used 98324K, committed 99136K, reserved 1179648K
  class space    used 11662K, committed 12096K, reserved 1048576K

Heap Regions: E=young(eden), S=young(survivor), O=old, HS=humongous(starts), HC=humongous(continues), CS=collection set, F=free, OA=open archive, CA=closed archive, TAMS=top-at-mark-start (previous, next)
|   0|0x0000000081400000, 0x0000000081500000, 0x0000000081500000|100%|HS|  |TAMS 0x0000000081500000, 0x0000000081400000| Complete 
|   1|0x0000000081500000, 0x0000000081600000, 0x0000000081600000|100%| O|  |TAMS 0x0000000081600000, 0x0000000081500000| Untracked 
|   2|0x0000000081600000, 0x0000000081700000, 0x0000000081700000|100%| O|  |TAMS 0x0000000081700000, 0x0000000081600000| Untracked 
|   3|0x0000000081700000, 0x0000000081800000, 0x0000000081800000|100%| O|  |TAMS 0x0000000081800000, 0x0000000081700000| Untracked 
|   4|0x0000000081800000, 0x0000000081900000, 0x0000000081900000|100%| O|  |TAMS 0x0000000081900000, 0x0000000081800000| Untracked 
|   5|0x0000000081900000, 0x0000000081a00000, 0x0000000081a00000|100%| O|  |TAMS 0x0000000081a00000, 0x0000000081900000| Untracked 
|   6|0x0000000081a00000, 0x0000000081b00000, 0x0000000081b00000|100%| O|  |TAMS 0x0000000081b00000, 0x0000000081a00000| Untracked 
|   7|0x0000000081b00000, 0x0000000081c00000, 0x0000000081c00000|100%| O|  |TAMS 0x0000000081c00000, 0x0000000081b00000| Untracked 
|   8|0x0000000081c00000, 0x0000000081d00000, 0x0000000081d00000|100%| O|  |TAMS 0x0000000081d00000, 0x0000000081c00000| Untracked 
|   9|0x0000000081d00000, 0x0000000081e00000, 0x0000000081e00000|100%| O|  |TAMS 0x0000000081e00000, 0x0000000081d00000| Untracked 
|  10|0x0000000081e00000, 0x0000000081f00000, 0x0000000081f00000|100%| O|  |TAMS 0x0000000081f00000, 0x0000000081e00000| Untracked 
|  11|0x0000000081f00000, 0x0000000082000000, 0x0000000082000000|100%| O|  |TAMS 0x0000000082000000, 0x0000000081f00000| Untracked 
|  12|0x0000000082000000, 0x0000000082100000, 0x0000000082100000|100%| O|  |TAMS 0x0000000082100000, 0x0000000082000000| Untracked 
|  13|0x0000000082100000, 0x0000000082200000, 0x0000000082200000|100%| O|  |TAMS 0x0000000082200000, 0x0000000082100000| Untracked 
|  14|0x0000000082200000, 0x0000000082300000, 0x0000000082300000|100%| O|  |TAMS 0x0000000082300000, 0x0000000082200000| Untracked 
|  15|0x0000000082300000, 0x0000000082400000, 0x0000000082400000|100%| O|  |TAMS 0x0000000082400000, 0x0000000082300000| Untracked 
|  16|0x0000000082400000, 0x0000000082500000, 0x0000000082500000|100%| O|  |TAMS 0x0000000082500000, 0x0000000082400000| Untracked 
|  17|0x0000000082500000, 0x0000000082600000, 0x0000000082600000|100%| O|  |TAMS 0x0000000082600000, 0x0000000082500000| Untracked 
|  18|0x0000000082600000, 0x0000000082700000, 0x0000000082700000|100%| O|  |TAMS 0x0000000082700000, 0x0000000082600000| Untracked 
|  19|0x0000000082700000, 0x0000000082800000, 0x0000000082800000|100%| O|  |TAMS 0x0000000082800000, 0x0000000082700000| Untracked 
|  20|0x0000000082800000, 0x0000000082900000, 0x0000000082900000|100%| O|  |TAMS 0x0000000082900000, 0x0000000082800000| Untracked 
|  21|0x0000000082900000, 0x0000000082a00000, 0x0000000082a00000|100%| O|  |TAMS 0x0000000082a00000, 0x0000000082900000| Untracked 
|  22|0x0000000082a00000, 0x0000000082b00000, 0x0000000082b00000|100%| O|  |TAMS 0x0000000082b00000, 0x0000000082a00000| Untracked 
|  23|0x0000000082b00000, 0x0000000082c00000, 0x0000000082c00000|100%| O|  |TAMS 0x0000000082c00000, 0x0000000082b00000| Untracked 
|  24|0x0000000082c00000, 0x0000000082d00000, 0x0000000082d00000|100%| O|  |TAMS 0x0000000082d00000, 0x0000000082c00000| Untracked 
|  25|0x0000000082d00000, 0x0000000082e00000, 0x0000000082e00000|100%| O|  |TAMS 0x0000000082e00000, 0x0000000082d00000| Untracked 
|  26|0x0000000082e00000, 0x0000000082f00000, 0x0000000082f00000|100%| O|  |TAMS 0x0000000082f00000, 0x0000000082e00000| Untracked 
|  27|0x0000000082f00000, 0x0000000083000000, 0x0000000083000000|100%| O|  |TAMS 0x0000000083000000, 0x0000000082f00000| Untracked 
|  28|0x0000000083000000, 0x0000000083100000, 0x0000000083100000|100%| O|  |TAMS 0x0000000083100000, 0x0000000083000000| Untracked 
|  29|0x0000000083100000, 0x0000000083200000, 0x0000000083200000|100%| O|  |TAMS 0x0000000083200000, 0x0000000083100000| Untracked 
|  30|0x0000000083200000, 0x0000000083300000, 0x0000000083300000|100%| O|  |TAMS 0x0000000083300000, 0x0000000083200000| Untracked 
|  31|0x0000000083300000, 0x0000000083400000, 0x0000000083400000|100%| O|  |TAMS 0x0000000083400000, 0x0000000083300000| Untracked 
|  32|0x0000000083400000, 0x0000000083500000, 0x0000000083500000|100%| O|  |TAMS 0x000000008348de00, 0x0000000083400000| Untracked 
|  33|0x0000000083500000, 0x0000000083600000, 0x0000000083600000|100%| O|  |TAMS 0x0000000083500000, 0x0000000083500000| Untracked 
|  34|0x0000000083600000, 0x0000000083700000, 0x0000000083700000|100%| O|  |TAMS 0x0000000083600000, 0x0000000083600000| Untracked 
|  35|0x0000000083700000, 0x0000000083800000, 0x0000000083800000|100%| O|  |TAMS 0x0000000083700000, 0x0000000083700000| Untracked 
|  36|0x0000000083800000, 0x0000000083900000, 0x0000000083900000|100%| O|  |TAMS 0x0000000083800000, 0x0000000083800000| Untracked 
|  37|0x0000000083900000, 0x0000000083a00000, 0x0000000083a00000|100%| O|  |TAMS 0x0000000083900000, 0x0000000083900000| Untracked 
|  38|0x0000000083a00000, 0x0000000083b00000, 0x0000000083b00000|100%| O|  |TAMS 0x0000000083a00000, 0x0000000083a00000| Untracked 
|  39|0x0000000083b00000, 0x0000000083c00000, 0x0000000083c00000|100%| O|  |TAMS 0x0000000083b00000, 0x0000000083b00000| Untracked 
|  40|0x0000000083c00000, 0x0000000083d00000, 0x0000000083d00000|100%| O|  |TAMS 0x0000000083c00000, 0x0000000083c00000| Untracked 
|  41|0x0000000083d00000, 0x0000000083e00000, 0x0000000083e00000|100%| O|  |TAMS 0x0000000083d00000, 0x0000000083d00000| Untracked 
|  42|0x0000000083e00000, 0x0000000083f00000, 0x0000000083f00000|100%| O|  |TAMS 0x0000000083e00000, 0x0000000083e00000| Untracked 
|  43|0x0000000083f00000, 0x0000000084000000, 0x0000000084000000|100%| O|  |TAMS 0x0000000083f00000, 0x0000000083f00000| Untracked 
|  44|0x0000000084000000, 0x0000000084100000, 0x0000000084100000|100%| O|  |TAMS 0x0000000084000000, 0x0000000084000000| Untracked 
|  45|0x0000000084100000, 0x0000000084200000, 0x0000000084200000|100%| O|  |TAMS 0x0000000084100000, 0x0000000084100000| Untracked 
|  46|0x0000000084200000, 0x0000000084300000, 0x0000000084300000|100%| O|  |TAMS 0x0000000084200000, 0x0000000084200000| Untracked 
|  47|0x0000000084300000, 0x0000000084400000, 0x0000000084400000|100%| O|  |TAMS 0x0000000084300000, 0x0000000084300000| Untracked 
|  48|0x0000000084400000, 0x0000000084500000, 0x0000000084500000|100%| O|  |TAMS 0x0000000084400000, 0x0000000084400000| Untracked 
|  49|0x0000000084500000, 0x0000000084600000, 0x0000000084600000|100%| O|  |TAMS 0x0000000084500000, 0x0000000084500000| Untracked 
|  50|0x0000000084600000, 0x0000000084700000, 0x0000000084700000|100%| O|  |TAMS 0x0000000084600000, 0x0000000084600000| Untracked 
|  51|0x0000000084700000, 0x0000000084800000, 0x0000000084800000|100%| O|  |TAMS 0x0000000084700000, 0x0000000084700000| Untracked 
|  52|0x0000000084800000, 0x0000000084900000, 0x0000000084900000|100%| O|  |TAMS 0x0000000084800000, 0x0000000084800000| Untracked 
|  53|0x0000000084900000, 0x0000000084a00000, 0x0000000084a00000|100%| O|  |TAMS 0x0000000084900000, 0x0000000084900000| Untracked 
|  54|0x0000000084a00000, 0x0000000084b00000, 0x0000000084b00000|100%| O|  |TAMS 0x0000000084a00000, 0x0000000084a00000| Untracked 
|  55|0x0000000084b00000, 0x0000000084c00000, 0x0000000084c00000|100%| O|  |TAMS 0x0000000084b00000, 0x0000000084b00000| Untracked 
|  56|0x0000000084c00000, 0x0000000084d00000, 0x0000000084d00000|100%| O|  |TAMS 0x0000000084c00000, 0x0000000084c00000| Untracked 
|  57|0x0000000084d00000, 0x0000000084e00000, 0x0000000084e00000|100%| O|  |TAMS 0x0000000084d00000, 0x0000000084d00000| Untracked 
|  58|0x0000000084e00000, 0x0000000084f00000, 0x0000000084f00000|100%| O|  |TAMS 0x0000000084e00000, 0x0000000084e00000| Untracked 
|  59|0x0000000084f00000, 0x0000000085000000, 0x0000000085000000|100%| O|  |TAMS 0x0000000084f00000, 0x0000000084f00000| Untracked 
|  60|0x0000000085000000, 0x0000000085100000, 0x0000000085100000|100%| O|  |TAMS 0x0000000085000000, 0x0000000085000000| Untracked 
|  61|0x0000000085100000, 0x0000000085200000, 0x0000000085200000|100%| O|  |TAMS 0x0000000085100000, 0x0000000085100000| Untracked 
|  62|0x0000000085200000, 0x0000000085300000, 0x0000000085300000|100%| O|  |TAMS 0x0000000085200000, 0x0000000085200000| Untracked 
|  63|0x0000000085300000, 0x0000000085400000, 0x0000000085400000|100%| O|  |TAMS 0x0000000085300000, 0x0000000085300000| Untracked 
|  64|0x0000000085400000, 0x0000000085500000, 0x0000000085500000|100%| O|  |TAMS 0x0000000085400000, 0x0000000085400000| Untracked 
|  65|0x0000000085500000, 0x0000000085600000, 0x0000000085600000|100%| O|  |TAMS 0x0000000085500000, 0x0000000085500000| Untracked 
|  66|0x0000000085600000, 0x0000000085700000, 0x0000000085700000|100%| O|  |TAMS 0x0000000085600000, 0x0000000085600000| Untracked 
|  67|0x0000000085700000, 0x0000000085800000, 0x0000000085800000|100%| O|  |TAMS 0x0000000085700000, 0x0000000085700000| Untracked 
|  68|0x0000000085800000, 0x0000000085900000, 0x0000000085900000|100%| O|  |TAMS 0x0000000085800000, 0x0000000085800000| Untracked 
|  69|0x0000000085900000, 0x0000000085a00000, 0x0000000085a00000|100%| O|  |TAMS 0x0000000085900000, 0x0000000085900000| Untracked 
|  70|0x0000000085a00000, 0x0000000085b00000, 0x0000000085b00000|100%| O|  |TAMS 0x0000000085a00000, 0x0000000085a00000| Untracked 
|  71|0x0000000085b00000, 0x0000000085c00000, 0x0000000085c00000|100%| O|  |TAMS 0x0000000085b00000, 0x0000000085b00000| Untracked 
|  72|0x0000000085c00000, 0x0000000085d00000, 0x0000000085d00000|100%| O|  |TAMS 0x0000000085c00000, 0x0000000085c00000| Untracked 
|  73|0x0000000085d00000, 0x0000000085e00000, 0x0000000085e00000|100%| O|  |TAMS 0x0000000085d00000, 0x0000000085d00000| Untracked 
|  74|0x0000000085e00000, 0x0000000085f00000, 0x0000000085f00000|100%| O|  |TAMS 0x0000000085e00000, 0x0000000085e00000| Untracked 
|  75|0x0000000085f00000, 0x0000000086000000, 0x0000000086000000|100%| O|  |TAMS 0x0000000085f00000, 0x0000000085f00000| Untracked 
|  76|0x0000000086000000, 0x0000000086100000, 0x0000000086100000|100%| O|  |TAMS 0x0000000086000000, 0x0000000086000000| Untracked 
|  77|0x0000000086100000, 0x0000000086200000, 0x0000000086200000|100%| O|  |TAMS 0x0000000086100000, 0x0000000086100000| Untracked 
|  78|0x0000000086200000, 0x0000000086300000, 0x0000000086300000|100%| O|  |TAMS 0x0000000086200000, 0x0000000086200000| Untracked 
|  79|0x0000000086300000, 0x0000000086400000, 0x0000000086400000|100%| O|  |TAMS 0x0000000086300000, 0x0000000086300000| Untracked 
|  80|0x0000000086400000, 0x0000000086500000, 0x0000000086500000|100%| O|  |TAMS 0x0000000086400000, 0x0000000086400000| Untracked 
|  81|0x0000000086500000, 0x0000000086600000, 0x0000000086600000|100%| O|  |TAMS 0x0000000086500000, 0x0000000086500000| Untracked 
|  82|0x0000000086600000, 0x0000000086700000, 0x0000000086700000|100%| O|  |TAMS 0x0000000086600000, 0x0000000086600000| Untracked 
|  83|0x0000000086700000, 0x0000000086800000, 0x0000000086800000|100%| O|  |TAMS 0x0000000086700000, 0x0000000086700000| Untracked 
|  84|0x0000000086800000, 0x0000000086900000, 0x0000000086900000|100%| O|  |TAMS 0x0000000086800000, 0x0000000086800000| Untracked 
|  85|0x0000000086900000, 0x0000000086a00000, 0x0000000086a00000|100%| O|  |TAMS 0x0000000086900000, 0x0000000086900000| Untracked 
|  86|0x0000000086a00000, 0x0000000086b00000, 0x0000000086b00000|100%| O|  |TAMS 0x0000000086a00000, 0x0000000086a00000| Untracked 
|  87|0x0000000086b00000, 0x0000000086c00000, 0x0000000086c00000|100%| O|  |TAMS 0x0000000086b00000, 0x0000000086b00000| Untracked 
|  88|0x0000000086c00000, 0x0000000086d00000, 0x0000000086d00000|100%| O|  |TAMS 0x0000000086c00000, 0x0000000086c00000| Untracked 
|  89|0x0000000086d00000, 0x0000000086e00000, 0x0000000086e00000|100%| O|  |TAMS 0x0000000086d00000, 0x0000000086d00000| Untracked 
|  90|0x0000000086e00000, 0x0000000086f00000, 0x0000000086f00000|100%| O|  |TAMS 0x0000000086e00000, 0x0000000086e00000| Untracked 
|  91|0x0000000086f00000, 0x0000000087000000, 0x0000000087000000|100%| O|  |TAMS 0x0000000086f00000, 0x0000000086f00000| Untracked 
|  92|0x0000000087000000, 0x0000000087100000, 0x0000000087100000|100%| O|  |TAMS 0x0000000087000000, 0x0000000087000000| Untracked 
|  93|0x0000000087100000, 0x0000000087200000, 0x0000000087200000|100%| O|  |TAMS 0x0000000087100000, 0x0000000087100000| Untracked 
|  94|0x0000000087200000, 0x0000000087300000, 0x0000000087300000|100%| O|  |TAMS 0x0000000087200000, 0x0000000087200000| Untracked 
|  95|0x0000000087300000, 0x0000000087400000, 0x0000000087400000|100%| O|  |TAMS 0x0000000087300000, 0x0000000087300000| Untracked 
|  96|0x0000000087400000, 0x0000000087500000, 0x0000000087500000|100%| O|  |TAMS 0x0000000087400000, 0x0000000087400000| Untracked 
|  97|0x0000000087500000, 0x0000000087600000, 0x0000000087600000|100%| O|  |TAMS 0x0000000087500000, 0x0000000087500000| Untracked 
|  98|0x0000000087600000, 0x0000000087700000, 0x0000000087700000|100%| O|  |TAMS 0x0000000087600000, 0x0000000087600000| Untracked 
|  99|0x0000000087700000, 0x0000000087800000, 0x0000000087800000|100%| O|  |TAMS 0x0000000087700000, 0x0000000087700000| Untracked 
| 100|0x0000000087800000, 0x0000000087900000, 0x0000000087900000|100%| O|  |TAMS 0x0000000087800000, 0x0000000087800000| Untracked 
| 101|0x0000000087900000, 0x0000000087a00000, 0x0000000087a00000|100%| O|  |TAMS 0x0000000087900000, 0x0000000087900000| Untracked 
| 102|0x0000000087a00000, 0x0000000087b00000, 0x0000000087b00000|100%| O|  |TAMS 0x0000000087a00000, 0x0000000087a00000| Untracked 
| 103|0x0000000087b00000, 0x0000000087c00000, 0x0000000087c00000|100%| O|  |TAMS 0x0000000087b00000, 0x0000000087b00000| Untracked 
| 104|0x0000000087c00000, 0x0000000087d00000, 0x0000000087d00000|100%| O|  |TAMS 0x0000000087c00000, 0x0000000087c00000| Untracked 
| 105|0x0000000087d00000, 0x0000000087e00000, 0x0000000087e00000|100%| O|  |TAMS 0x0000000087d00000, 0x0000000087d00000| Untracked 
| 106|0x0000000087e00000, 0x0000000087f00000, 0x0000000087f00000|100%| O|  |TAMS 0x0000000087e00000, 0x0000000087e00000| Untracked 
| 107|0x0000000087f00000, 0x0000000088000000, 0x0000000088000000|100%| O|  |TAMS 0x0000000087f00000, 0x0000000087f00000| Untracked 
| 108|0x0000000088000000, 0x0000000088100000, 0x0000000088100000|100%| O|  |TAMS 0x0000000088000000, 0x0000000088000000| Untracked 
| 109|0x0000000088100000, 0x0000000088191600, 0x0000000088200000| 56%| O|  |TAMS 0x0000000088100000, 0x0000000088100000| Untracked 
| 110|0x0000000088200000, 0x0000000088200000, 0x0000000088300000|  0%| F|  |TAMS 0x0000000088200000, 0x0000000088200000| Untracked 
| 111|0x0000000088300000, 0x0000000088300000, 0x0000000088400000|  0%| F|  |TAMS 0x0000000088300000, 0x0000000088300000| Untracked 
| 112|0x0000000088400000, 0x0000000088400000, 0x0000000088500000|  0%| F|  |TAMS 0x0000000088400000, 0x0000000088400000| Untracked 
| 113|0x0000000088500000, 0x0000000088500000, 0x0000000088600000|  0%| F|  |TAMS 0x0000000088500000, 0x0000000088500000| Untracked 
| 114|0x0000000088600000, 0x0000000088600000, 0x0000000088700000|  0%| F|  |TAMS 0x0000000088600000, 0x0000000088600000| Untracked 
| 115|0x0000000088700000, 0x0000000088700000, 0x0000000088800000|  0%| F|  |TAMS 0x0000000088700000, 0x0000000088700000| Untracked 
| 116|0x0000000088800000, 0x0000000088800000, 0x0000000088900000|  0%| F|  |TAMS 0x0000000088800000, 0x0000000088800000| Untracked 
| 117|0x0000000088900000, 0x0000000088900000, 0x0000000088a00000|  0%| F|  |TAMS 0x0000000088900000, 0x0000000088900000| Untracked 
| 118|0x0000000088a00000, 0x0000000088a00000, 0x0000000088b00000|  0%| F|  |TAMS 0x0000000088a00000, 0x0000000088a00000| Untracked 
| 119|0x0000000088b00000, 0x0000000088b00000, 0x0000000088c00000|  0%| F|  |TAMS 0x0000000088b00000, 0x0000000088b00000| Untracked 
| 120|0x0000000088c00000, 0x0000000088c00000, 0x0000000088d00000|  0%| F|  |TAMS 0x0000000088c00000, 0x0000000088c00000| Untracked 
| 121|0x0000000088d00000, 0x0000000088d00000, 0x0000000088e00000|  0%| F|  |TAMS 0x0000000088d00000, 0x0000000088d00000| Untracked 
| 122|0x0000000088e00000, 0x0000000088e00000, 0x0000000088f00000|  0%| F|  |TAMS 0x0000000088e00000, 0x0000000088e00000| Untracked 
| 123|0x0000000088f00000, 0x0000000088f00000, 0x0000000089000000|  0%| F|  |TAMS 0x0000000088f00000, 0x0000000088f00000| Untracked 
| 124|0x0000000089000000, 0x0000000089000000, 0x0000000089100000|  0%| F|  |TAMS 0x0000000089000000, 0x0000000089000000| Untracked 
| 125|0x0000000089100000, 0x0000000089100000, 0x0000000089200000|  0%| F|  |TAMS 0x0000000089100000, 0x0000000089100000| Untracked 
| 126|0x0000000089200000, 0x0000000089200000, 0x0000000089300000|  0%| F|  |TAMS 0x0000000089200000, 0x0000000089200000| Untracked 
| 127|0x0000000089300000, 0x0000000089300000, 0x0000000089400000|  0%| F|  |TAMS 0x0000000089300000, 0x0000000089300000| Untracked 
| 128|0x0000000089400000, 0x0000000089400000, 0x0000000089500000|  0%| F|  |TAMS 0x0000000089400000, 0x0000000089400000| Untracked 
| 129|0x0000000089500000, 0x0000000089500000, 0x0000000089600000|  0%| F|  |TAMS 0x0000000089500000, 0x0000000089500000| Untracked 
| 130|0x0000000089600000, 0x0000000089600000, 0x0000000089700000|  0%| F|  |TAMS 0x0000000089600000, 0x0000000089600000| Untracked 
| 131|0x0000000089700000, 0x0000000089700000, 0x0000000089800000|  0%| F|  |TAMS 0x0000000089700000, 0x0000000089700000| Untracked 
| 132|0x0000000089800000, 0x0000000089800000, 0x0000000089900000|  0%| F|  |TAMS 0x0000000089800000, 0x0000000089800000| Untracked 
| 133|0x0000000089900000, 0x0000000089900000, 0x0000000089a00000|  0%| F|  |TAMS 0x0000000089900000, 0x0000000089900000| Untracked 
| 134|0x0000000089a00000, 0x0000000089a00000, 0x0000000089b00000|  0%| F|  |TAMS 0x0000000089a00000, 0x0000000089a00000| Untracked 
| 135|0x0000000089b00000, 0x0000000089b00000, 0x0000000089c00000|  0%| F|  |TAMS 0x0000000089b00000, 0x0000000089b00000| Untracked 
| 136|0x0000000089c00000, 0x0000000089c00000, 0x0000000089d00000|  0%| F|  |TAMS 0x0000000089c00000, 0x0000000089c00000| Untracked 
| 137|0x0000000089d00000, 0x0000000089d00000, 0x0000000089e00000|  0%| F|  |TAMS 0x0000000089d00000, 0x0000000089d00000| Untracked 
| 138|0x0000000089e00000, 0x0000000089e00000, 0x0000000089f00000|  0%| F|  |TAMS 0x0000000089e00000, 0x0000000089e00000| Untracked 
| 139|0x0000000089f00000, 0x0000000089f00000, 0x000000008a000000|  0%| F|  |TAMS 0x0000000089f00000, 0x0000000089f00000| Untracked 
| 140|0x000000008a000000, 0x000000008a100000, 0x000000008a100000|100%| S|CS|TAMS 0x000000008a000000, 0x000000008a000000| Complete 
| 141|0x000000008a100000, 0x000000008a200000, 0x000000008a200000|100%| S|CS|TAMS 0x000000008a100000, 0x000000008a100000| Complete 
| 142|0x000000008a200000, 0x000000008a200000, 0x000000008a300000|  0%| F|  |TAMS 0x000000008a200000, 0x000000008a200000| Untracked 
| 143|0x000000008a300000, 0x000000008a300000, 0x000000008a400000|  0%| F|  |TAMS 0x000000008a300000, 0x000000008a300000| Untracked 
| 144|0x000000008a400000, 0x000000008a400000, 0x000000008a500000|  0%| F|  |TAMS 0x000000008a400000, 0x000000008a400000| Untracked 
| 145|0x000000008a500000, 0x000000008a500000, 0x000000008a600000|  0%| F|  |TAMS 0x000000008a500000, 0x000000008a500000| Untracked 
| 146|0x000000008a600000, 0x000000008a700000, 0x000000008a700000|100%| S|CS|TAMS 0x000000008a600000, 0x000000008a600000| Complete 
| 147|0x000000008a700000, 0x000000008a800000, 0x000000008a800000|100%| S|CS|TAMS 0x000000008a700000, 0x000000008a700000| Complete 
| 148|0x000000008a800000, 0x000000008a900000, 0x000000008a900000|100%| S|CS|TAMS 0x000000008a800000, 0x000000008a800000| Complete 
| 149|0x000000008a900000, 0x000000008aa00000, 0x000000008aa00000|100%| S|CS|TAMS 0x000000008a900000, 0x000000008a900000| Complete 
| 150|0x000000008aa00000, 0x000000008ab00000, 0x000000008ab00000|100%| S|CS|TAMS 0x000000008aa00000, 0x000000008aa00000| Complete 
| 151|0x000000008ab00000, 0x000000008ab00000, 0x000000008ac00000|  0%| F|  |TAMS 0x000000008ab00000, 0x000000008ab00000| Untracked 
| 152|0x000000008ac00000, 0x000000008ac00000, 0x000000008ad00000|  0%| F|  |TAMS 0x000000008ac00000, 0x000000008ac00000| Untracked 
| 153|0x000000008ad00000, 0x000000008ad00000, 0x000000008ae00000|  0%| F|  |TAMS 0x000000008ad00000, 0x000000008ad00000| Untracked 
| 154|0x000000008ae00000, 0x000000008ae00000, 0x000000008af00000|  0%| F|  |TAMS 0x000000008ae00000, 0x000000008ae00000| Untracked 
| 155|0x000000008af00000, 0x000000008af00000, 0x000000008b000000|  0%| F|  |TAMS 0x000000008af00000, 0x000000008af00000| Untracked 
| 156|0x000000008b000000, 0x000000008b000000, 0x000000008b100000|  0%| F|  |TAMS 0x000000008b000000, 0x000000008b000000| Untracked 
| 157|0x000000008b100000, 0x000000008b100000, 0x000000008b200000|  0%| F|  |TAMS 0x000000008b100000, 0x000000008b100000| Untracked 
| 158|0x000000008b200000, 0x000000008b300000, 0x000000008b300000|100%| S|CS|TAMS 0x000000008b200000, 0x000000008b200000| Complete 
| 159|0x000000008b300000, 0x000000008b400000, 0x000000008b400000|100%| S|CS|TAMS 0x000000008b300000, 0x000000008b300000| Complete 
| 160|0x000000008b400000, 0x000000008b500000, 0x000000008b500000|100%| S|CS|TAMS 0x000000008b400000, 0x000000008b400000| Complete 
| 161|0x000000008b500000, 0x000000008b600000, 0x000000008b600000|100%| S|CS|TAMS 0x000000008b500000, 0x000000008b500000| Complete 
| 162|0x000000008b600000, 0x000000008b700000, 0x000000008b700000|100%| S|CS|TAMS 0x000000008b600000, 0x000000008b600000| Complete 
| 163|0x000000008b700000, 0x000000008b700000, 0x000000008b800000|  0%| F|  |TAMS 0x000000008b700000, 0x000000008b700000| Untracked 
| 164|0x000000008b800000, 0x000000008b800000, 0x000000008b900000|  0%| F|  |TAMS 0x000000008b800000, 0x000000008b800000| Untracked 
| 165|0x000000008b900000, 0x000000008b900000, 0x000000008ba00000|  0%| F|  |TAMS 0x000000008b900000, 0x000000008b900000| Untracked 
| 166|0x000000008ba00000, 0x000000008ba00000, 0x000000008bb00000|  0%| F|  |TAMS 0x000000008ba00000, 0x000000008ba00000| Untracked 
| 167|0x000000008bb00000, 0x000000008bb00000, 0x000000008bc00000|  0%| F|  |TAMS 0x000000008bb00000, 0x000000008bb00000| Untracked 
| 168|0x000000008bc00000, 0x000000008bd00000, 0x000000008bd00000|100%| S|CS|TAMS 0x000000008bc00000, 0x000000008bc00000| Complete 
| 169|0x000000008bd00000, 0x000000008be00000, 0x000000008be00000|100%| S|CS|TAMS 0x000000008bd00000, 0x000000008bd00000| Complete 
| 170|0x000000008be00000, 0x000000008bf00000, 0x000000008bf00000|100%| S|CS|TAMS 0x000000008be00000, 0x000000008be00000| Complete 
| 171|0x000000008bf00000, 0x000000008bf00000, 0x000000008c000000|  0%| F|  |TAMS 0x000000008bf00000, 0x000000008bf00000| Untracked 
| 172|0x000000008c000000, 0x000000008c000000, 0x000000008c100000|  0%| F|  |TAMS 0x000000008c000000, 0x000000008c000000| Untracked 
| 173|0x000000008c100000, 0x000000008c100000, 0x000000008c200000|  0%| F|  |TAMS 0x000000008c100000, 0x000000008c100000| Untracked 
| 174|0x000000008c200000, 0x000000008c200000, 0x000000008c300000|  0%| F|  |TAMS 0x000000008c200000, 0x000000008c200000| Untracked 
| 175|0x000000008c300000, 0x000000008c300000, 0x000000008c400000|  0%| F|  |TAMS 0x000000008c300000, 0x000000008c300000| Untracked 
| 176|0x000000008c400000, 0x000000008c400000, 0x000000008c500000|  0%| F|  |TAMS 0x000000008c400000, 0x000000008c400000| Untracked 
| 177|0x000000008c500000, 0x000000008c500000, 0x000000008c600000|  0%| F|  |TAMS 0x000000008c500000, 0x000000008c500000| Untracked 
| 178|0x000000008c600000, 0x000000008c600000, 0x000000008c700000|  0%| F|  |TAMS 0x000000008c600000, 0x000000008c600000| Untracked 
| 179|0x000000008c700000, 0x000000008c700000, 0x000000008c800000|  0%| F|  |TAMS 0x000000008c700000, 0x000000008c700000| Untracked 
| 180|0x000000008c800000, 0x000000008c800000, 0x000000008c900000|  0%| F|  |TAMS 0x000000008c800000, 0x000000008c800000| Untracked 
| 181|0x000000008c900000, 0x000000008c900000, 0x000000008ca00000|  0%| F|  |TAMS 0x000000008c900000, 0x000000008c900000| Untracked 
| 182|0x000000008ca00000, 0x000000008ca00000, 0x000000008cb00000|  0%| F|  |TAMS 0x000000008ca00000, 0x000000008ca00000| Untracked 
| 183|0x000000008cb00000, 0x000000008cb00000, 0x000000008cc00000|  0%| F|  |TAMS 0x000000008cb00000, 0x000000008cb00000| Untracked 
| 184|0x000000008cc00000, 0x000000008cc00000, 0x000000008cd00000|  0%| F|  |TAMS 0x000000008cc00000, 0x000000008cc00000| Untracked 
| 185|0x000000008cd00000, 0x000000008cd00000, 0x000000008ce00000|  0%| F|  |TAMS 0x000000008cd00000, 0x000000008cd00000| Untracked 
| 186|0x000000008ce00000, 0x000000008ce00000, 0x000000008cf00000|  0%| F|  |TAMS 0x000000008ce00000, 0x000000008ce00000| Untracked 
| 187|0x000000008cf00000, 0x000000008cf00000, 0x000000008d000000|  0%| F|  |TAMS 0x000000008cf00000, 0x000000008cf00000| Untracked 
| 188|0x000000008d000000, 0x000000008d000000, 0x000000008d100000|  0%| F|  |TAMS 0x000000008d000000, 0x000000008d000000| Untracked 
| 189|0x000000008d100000, 0x000000008d100000, 0x000000008d200000|  0%| F|  |TAMS 0x000000008d100000, 0x000000008d100000| Untracked 
| 190|0x000000008d200000, 0x000000008d200000, 0x000000008d300000|  0%| F|  |TAMS 0x000000008d200000, 0x000000008d200000| Untracked 
| 191|0x000000008d300000, 0x000000008d300000, 0x000000008d400000|  0%| F|  |TAMS 0x000000008d300000, 0x000000008d300000| Untracked 
| 192|0x000000008d400000, 0x000000008d400000, 0x000000008d500000|  0%| F|  |TAMS 0x000000008d400000, 0x000000008d400000| Untracked 
| 193|0x000000008d500000, 0x000000008d500000, 0x000000008d600000|  0%| F|  |TAMS 0x000000008d500000, 0x000000008d500000| Untracked 
| 194|0x000000008d600000, 0x000000008d600000, 0x000000008d700000|  0%| F|  |TAMS 0x000000008d600000, 0x000000008d600000| Untracked 
| 195|0x000000008d700000, 0x000000008d700000, 0x000000008d800000|  0%| F|  |TAMS 0x000000008d700000, 0x000000008d700000| Untracked 
| 196|0x000000008d800000, 0x000000008d800000, 0x000000008d900000|  0%| F|  |TAMS 0x000000008d800000, 0x000000008d800000| Untracked 
| 197|0x000000008d900000, 0x000000008d900000, 0x000000008da00000|  0%| F|  |TAMS 0x000000008d900000, 0x000000008d900000| Untracked 
| 198|0x000000008da00000, 0x000000008da00000, 0x000000008db00000|  0%| F|  |TAMS 0x000000008da00000, 0x000000008da00000| Untracked 
| 199|0x000000008db00000, 0x000000008db00000, 0x000000008dc00000|  0%| F|  |TAMS 0x000000008db00000, 0x000000008db00000| Untracked 
| 200|0x000000008dc00000, 0x000000008dc00000, 0x000000008dd00000|  0%| F|  |TAMS 0x000000008dc00000, 0x000000008dc00000| Untracked 
| 201|0x000000008dd00000, 0x000000008dd00000, 0x000000008de00000|  0%| F|  |TAMS 0x000000008dd00000, 0x000000008dd00000| Untracked 
| 202|0x000000008de00000, 0x000000008de00000, 0x000000008df00000|  0%| F|  |TAMS 0x000000008de00000, 0x000000008de00000| Untracked 
| 203|0x000000008df00000, 0x000000008df00000, 0x000000008e000000|  0%| F|  |TAMS 0x000000008df00000, 0x000000008df00000| Untracked 
| 204|0x000000008e000000, 0x000000008e000000, 0x000000008e100000|  0%| F|  |TAMS 0x000000008e000000, 0x000000008e000000| Untracked 
| 205|0x000000008e100000, 0x000000008e100000, 0x000000008e200000|  0%| F|  |TAMS 0x000000008e100000, 0x000000008e100000| Untracked 
| 206|0x000000008e200000, 0x000000008e200000, 0x000000008e300000|  0%| F|  |TAMS 0x000000008e200000, 0x000000008e200000| Untracked 
| 207|0x000000008e300000, 0x000000008e300000, 0x000000008e400000|  0%| F|  |TAMS 0x000000008e300000, 0x000000008e300000| Untracked 
| 208|0x000000008e400000, 0x000000008e400000, 0x000000008e500000|  0%| F|  |TAMS 0x000000008e400000, 0x000000008e400000| Untracked 
| 209|0x000000008e500000, 0x000000008e500000, 0x000000008e600000|  0%| F|  |TAMS 0x000000008e500000, 0x000000008e500000| Untracked 
| 210|0x000000008e600000, 0x000000008e600000, 0x000000008e700000|  0%| F|  |TAMS 0x000000008e600000, 0x000000008e600000| Untracked 
| 211|0x000000008e700000, 0x000000008e700000, 0x000000008e800000|  0%| F|  |TAMS 0x000000008e700000, 0x000000008e700000| Untracked 
| 212|0x000000008e800000, 0x000000008e800000, 0x000000008e900000|  0%| F|  |TAMS 0x000000008e800000, 0x000000008e800000| Untracked 
| 213|0x000000008e900000, 0x000000008e900000, 0x000000008ea00000|  0%| F|  |TAMS 0x000000008e900000, 0x000000008e900000| Untracked 
| 214|0x000000008ea00000, 0x000000008ea00000, 0x000000008eb00000|  0%| F|  |TAMS 0x000000008ea00000, 0x000000008ea00000| Untracked 
| 215|0x000000008eb00000, 0x000000008eb00000, 0x000000008ec00000|  0%| F|  |TAMS 0x000000008eb00000, 0x000000008eb00000| Untracked 
| 216|0x000000008ec00000, 0x000000008ec00000, 0x000000008ed00000|  0%| F|  |TAMS 0x000000008ec00000, 0x000000008ec00000| Untracked 
| 217|0x000000008ed00000, 0x000000008ed00000, 0x000000008ee00000|  0%| F|  |TAMS 0x000000008ed00000, 0x000000008ed00000| Untracked 
| 218|0x000000008ee00000, 0x000000008ee00000, 0x000000008ef00000|  0%| F|  |TAMS 0x000000008ee00000, 0x000000008ee00000| Untracked 
| 219|0x000000008ef00000, 0x000000008ef00000, 0x000000008f000000|  0%| F|  |TAMS 0x000000008ef00000, 0x000000008ef00000| Untracked 
| 220|0x000000008f000000, 0x000000008f000000, 0x000000008f100000|  0%| F|  |TAMS 0x000000008f000000, 0x000000008f000000| Untracked 
| 221|0x000000008f100000, 0x000000008f100000, 0x000000008f200000|  0%| F|  |TAMS 0x000000008f100000, 0x000000008f100000| Untracked 
| 222|0x000000008f200000, 0x000000008f200000, 0x000000008f300000|  0%| F|  |TAMS 0x000000008f200000, 0x000000008f200000| Untracked 
| 223|0x000000008f300000, 0x000000008f300000, 0x000000008f400000|  0%| F|  |TAMS 0x000000008f300000, 0x000000008f300000| Untracked 
| 224|0x000000008f400000, 0x000000008f400000, 0x000000008f500000|  0%| F|  |TAMS 0x000000008f400000, 0x000000008f400000| Untracked 
| 225|0x000000008f500000, 0x000000008f500000, 0x000000008f600000|  0%| F|  |TAMS 0x000000008f500000, 0x000000008f500000| Untracked 
| 226|0x000000008f600000, 0x000000008f600000, 0x000000008f700000|  0%| F|  |TAMS 0x000000008f600000, 0x000000008f600000| Untracked 
| 227|0x000000008f700000, 0x000000008f700000, 0x000000008f800000|  0%| F|  |TAMS 0x000000008f700000, 0x000000008f700000| Untracked 
| 228|0x000000008f800000, 0x000000008f800000, 0x000000008f900000|  0%| F|  |TAMS 0x000000008f800000, 0x000000008f800000| Untracked 
| 229|0x000000008f900000, 0x000000008f900000, 0x000000008fa00000|  0%| F|  |TAMS 0x000000008f900000, 0x000000008f900000| Untracked 
| 230|0x000000008fa00000, 0x000000008fa00000, 0x000000008fb00000|  0%| F|  |TAMS 0x000000008fa00000, 0x000000008fa00000| Untracked 
| 231|0x000000008fb00000, 0x000000008fb00000, 0x000000008fc00000|  0%| F|  |TAMS 0x000000008fb00000, 0x000000008fb00000| Untracked 
| 232|0x000000008fc00000, 0x000000008fc00000, 0x000000008fd00000|  0%| F|  |TAMS 0x000000008fc00000, 0x000000008fc00000| Untracked 
| 233|0x000000008fd00000, 0x000000008fd00000, 0x000000008fe00000|  0%| F|  |TAMS 0x000000008fd00000, 0x000000008fd00000| Untracked 
| 234|0x000000008fe00000, 0x000000008fe00000, 0x000000008ff00000|  0%| F|  |TAMS 0x000000008fe00000, 0x000000008fe00000| Untracked 
| 235|0x000000008ff00000, 0x000000008ff00000, 0x0000000090000000|  0%| F|  |TAMS 0x000000008ff00000, 0x000000008ff00000| Untracked 
| 236|0x0000000090000000, 0x0000000090000000, 0x0000000090100000|  0%| F|  |TAMS 0x0000000090000000, 0x0000000090000000| Untracked 
| 237|0x0000000090100000, 0x0000000090100000, 0x0000000090200000|  0%| F|  |TAMS 0x0000000090100000, 0x0000000090100000| Untracked 
| 238|0x0000000090200000, 0x0000000090200000, 0x0000000090300000|  0%| F|  |TAMS 0x0000000090200000, 0x0000000090200000| Untracked 
| 239|0x0000000090300000, 0x0000000090300000, 0x0000000090400000|  0%| F|  |TAMS 0x0000000090300000, 0x0000000090300000| Untracked 
| 240|0x0000000090400000, 0x0000000090400000, 0x0000000090500000|  0%| F|  |TAMS 0x0000000090400000, 0x0000000090400000| Untracked 
| 241|0x0000000090500000, 0x0000000090500000, 0x0000000090600000|  0%| F|  |TAMS 0x0000000090500000, 0x0000000090500000| Untracked 
| 242|0x0000000090600000, 0x0000000090600000, 0x0000000090700000|  0%| F|  |TAMS 0x0000000090600000, 0x0000000090600000| Untracked 
| 243|0x0000000090700000, 0x0000000090700000, 0x0000000090800000|  0%| F|  |TAMS 0x0000000090700000, 0x0000000090700000| Untracked 
| 244|0x0000000090800000, 0x0000000090800000, 0x0000000090900000|  0%| F|  |TAMS 0x0000000090800000, 0x0000000090800000| Untracked 
| 245|0x0000000090900000, 0x0000000090900000, 0x0000000090a00000|  0%| F|  |TAMS 0x0000000090900000, 0x0000000090900000| Untracked 
| 246|0x0000000090a00000, 0x0000000090a00000, 0x0000000090b00000|  0%| F|  |TAMS 0x0000000090a00000, 0x0000000090a00000| Untracked 
| 247|0x0000000090b00000, 0x0000000090b00000, 0x0000000090c00000|  0%| F|  |TAMS 0x0000000090b00000, 0x0000000090b00000| Untracked 
| 248|0x0000000090c00000, 0x0000000090c00000, 0x0000000090d00000|  0%| F|  |TAMS 0x0000000090c00000, 0x0000000090c00000| Untracked 
| 249|0x0000000090d00000, 0x0000000090d00000, 0x0000000090e00000|  0%| F|  |TAMS 0x0000000090d00000, 0x0000000090d00000| Untracked 
| 250|0x0000000090e00000, 0x0000000090e00000, 0x0000000090f00000|  0%| F|  |TAMS 0x0000000090e00000, 0x0000000090e00000| Untracked 
| 251|0x0000000090f00000, 0x0000000090f00000, 0x0000000091000000|  0%| F|  |TAMS 0x0000000090f00000, 0x0000000090f00000| Untracked 
| 252|0x0000000091000000, 0x0000000091000000, 0x0000000091100000|  0%| F|  |TAMS 0x0000000091000000, 0x0000000091000000| Untracked 
| 253|0x0000000091100000, 0x0000000091100000, 0x0000000091200000|  0%| F|  |TAMS 0x0000000091100000, 0x0000000091100000| Untracked 
| 254|0x0000000091200000, 0x0000000091200000, 0x0000000091300000|  0%| F|  |TAMS 0x0000000091200000, 0x0000000091200000| Untracked 
| 255|0x0000000091300000, 0x0000000091300000, 0x0000000091400000|  0%| F|  |TAMS 0x0000000091300000, 0x0000000091300000| Untracked 
| 256|0x0000000091400000, 0x0000000091400000, 0x0000000091500000|  0%| F|  |TAMS 0x0000000091400000, 0x0000000091400000| Untracked 
| 257|0x0000000091500000, 0x0000000091500000, 0x0000000091600000|  0%| F|  |TAMS 0x0000000091500000, 0x0000000091500000| Untracked 
| 258|0x0000000091600000, 0x0000000091600000, 0x0000000091700000|  0%| F|  |TAMS 0x0000000091600000, 0x0000000091600000| Untracked 
| 259|0x0000000091700000, 0x0000000091700000, 0x0000000091800000|  0%| F|  |TAMS 0x0000000091700000, 0x0000000091700000| Untracked 
| 260|0x0000000091800000, 0x0000000091800000, 0x0000000091900000|  0%| F|  |TAMS 0x0000000091800000, 0x0000000091800000| Untracked 
| 261|0x0000000091900000, 0x0000000091900000, 0x0000000091a00000|  0%| F|  |TAMS 0x0000000091900000, 0x0000000091900000| Untracked 
| 262|0x0000000091a00000, 0x0000000091a00000, 0x0000000091b00000|  0%| F|  |TAMS 0x0000000091a00000, 0x0000000091a00000| Untracked 
| 263|0x0000000091b00000, 0x0000000091b00000, 0x0000000091c00000|  0%| F|  |TAMS 0x0000000091b00000, 0x0000000091b00000| Untracked 
| 264|0x0000000091c00000, 0x0000000091c00000, 0x0000000091d00000|  0%| F|  |TAMS 0x0000000091c00000, 0x0000000091c00000| Untracked 
| 265|0x0000000091d00000, 0x0000000091d00000, 0x0000000091e00000|  0%| F|  |TAMS 0x0000000091d00000, 0x0000000091d00000| Untracked 
| 266|0x0000000091e00000, 0x0000000091e00000, 0x0000000091f00000|  0%| F|  |TAMS 0x0000000091e00000, 0x0000000091e00000| Untracked 
| 267|0x0000000091f00000, 0x0000000091f00000, 0x0000000092000000|  0%| F|  |TAMS 0x0000000091f00000, 0x0000000091f00000| Untracked 
| 268|0x0000000092000000, 0x0000000092000000, 0x0000000092100000|  0%| F|  |TAMS 0x0000000092000000, 0x0000000092000000| Untracked 
| 269|0x0000000092100000, 0x0000000092100000, 0x0000000092200000|  0%| F|  |TAMS 0x0000000092100000, 0x0000000092100000| Untracked 
| 270|0x0000000092200000, 0x0000000092200000, 0x0000000092300000|  0%| F|  |TAMS 0x0000000092200000, 0x0000000092200000| Untracked 
| 271|0x0000000092300000, 0x0000000092300000, 0x0000000092400000|  0%| F|  |TAMS 0x0000000092300000, 0x0000000092300000| Untracked 
| 272|0x0000000092400000, 0x0000000092400000, 0x0000000092500000|  0%| F|  |TAMS 0x0000000092400000, 0x0000000092400000| Untracked 
| 273|0x0000000092500000, 0x0000000092500000, 0x0000000092600000|  0%| F|  |TAMS 0x0000000092500000, 0x0000000092500000| Untracked 
| 274|0x0000000092600000, 0x0000000092600000, 0x0000000092700000|  0%| F|  |TAMS 0x0000000092600000, 0x0000000092600000| Untracked 
| 275|0x0000000092700000, 0x0000000092700000, 0x0000000092800000|  0%| F|  |TAMS 0x0000000092700000, 0x0000000092700000| Untracked 
| 276|0x0000000092800000, 0x0000000092800000, 0x0000000092900000|  0%| F|  |TAMS 0x0000000092800000, 0x0000000092800000| Untracked 
| 277|0x0000000092900000, 0x0000000092900000, 0x0000000092a00000|  0%| F|  |TAMS 0x0000000092900000, 0x0000000092900000| Untracked 
| 278|0x0000000092a00000, 0x0000000092a00000, 0x0000000092b00000|  0%| F|  |TAMS 0x0000000092a00000, 0x0000000092a00000| Untracked 
| 279|0x0000000092b00000, 0x0000000092b00000, 0x0000000092c00000|  0%| F|  |TAMS 0x0000000092b00000, 0x0000000092b00000| Untracked 
| 280|0x0000000092c00000, 0x0000000092c00000, 0x0000000092d00000|  0%| F|  |TAMS 0x0000000092c00000, 0x0000000092c00000| Untracked 
| 281|0x0000000092d00000, 0x0000000092d00000, 0x0000000092e00000|  0%| F|  |TAMS 0x0000000092d00000, 0x0000000092d00000| Untracked 
| 282|0x0000000092e00000, 0x0000000092e00000, 0x0000000092f00000|  0%| F|  |TAMS 0x0000000092e00000, 0x0000000092e00000| Untracked 
| 283|0x0000000092f00000, 0x0000000092f00000, 0x0000000093000000|  0%| F|  |TAMS 0x0000000092f00000, 0x0000000092f00000| Untracked 
| 284|0x0000000093000000, 0x0000000093000000, 0x0000000093100000|  0%| F|  |TAMS 0x0000000093000000, 0x0000000093000000| Untracked 
| 285|0x0000000093100000, 0x0000000093100000, 0x0000000093200000|  0%| F|  |TAMS 0x0000000093100000, 0x0000000093100000| Untracked 
| 286|0x0000000093200000, 0x0000000093200000, 0x0000000093300000|  0%| F|  |TAMS 0x0000000093200000, 0x0000000093200000| Untracked 
| 287|0x0000000093300000, 0x0000000093300000, 0x0000000093400000|  0%| F|  |TAMS 0x0000000093300000, 0x0000000093300000| Untracked 
| 288|0x0000000093400000, 0x0000000093400000, 0x0000000093500000|  0%| F|  |TAMS 0x0000000093400000, 0x0000000093400000| Untracked 
| 289|0x0000000093500000, 0x0000000093500000, 0x0000000093600000|  0%| F|  |TAMS 0x0000000093500000, 0x0000000093500000| Untracked 
| 290|0x0000000093600000, 0x0000000093600000, 0x0000000093700000|  0%| F|  |TAMS 0x0000000093600000, 0x0000000093600000| Untracked 
| 291|0x0000000093700000, 0x0000000093700000, 0x0000000093800000|  0%| F|  |TAMS 0x0000000093700000, 0x0000000093700000| Untracked 
| 292|0x0000000093800000, 0x0000000093800000, 0x0000000093900000|  0%| F|  |TAMS 0x0000000093800000, 0x0000000093800000| Untracked 
| 293|0x0000000093900000, 0x0000000093900000, 0x0000000093a00000|  0%| F|  |TAMS 0x0000000093900000, 0x0000000093900000| Untracked 
| 294|0x0000000093a00000, 0x0000000093a00000, 0x0000000093b00000|  0%| F|  |TAMS 0x0000000093a00000, 0x0000000093a00000| Untracked 
| 295|0x0000000093b00000, 0x0000000093b00000, 0x0000000093c00000|  0%| F|  |TAMS 0x0000000093b00000, 0x0000000093b00000| Untracked 
| 296|0x0000000093c00000, 0x0000000093c00000, 0x0000000093d00000|  0%| F|  |TAMS 0x0000000093c00000, 0x0000000093c00000| Untracked 
| 297|0x0000000093d00000, 0x0000000093d00000, 0x0000000093e00000|  0%| F|  |TAMS 0x0000000093d00000, 0x0000000093d00000| Untracked 
| 298|0x0000000093e00000, 0x0000000093e00000, 0x0000000093f00000|  0%| F|  |TAMS 0x0000000093e00000, 0x0000000093e00000| Untracked 
| 299|0x0000000093f00000, 0x0000000093f00000, 0x0000000094000000|  0%| F|  |TAMS 0x0000000093f00000, 0x0000000093f00000| Untracked 
| 300|0x0000000094000000, 0x0000000094000000, 0x0000000094100000|  0%| F|  |TAMS 0x0000000094000000, 0x0000000094000000| Untracked 
| 301|0x0000000094100000, 0x0000000094100000, 0x0000000094200000|  0%| F|  |TAMS 0x0000000094100000, 0x0000000094100000| Untracked 
| 302|0x0000000094200000, 0x0000000094200000, 0x0000000094300000|  0%| F|  |TAMS 0x0000000094200000, 0x0000000094200000| Untracked 
| 303|0x0000000094300000, 0x0000000094300000, 0x0000000094400000|  0%| F|  |TAMS 0x0000000094300000, 0x0000000094300000| Untracked 
| 304|0x0000000094400000, 0x0000000094400000, 0x0000000094500000|  0%| F|  |TAMS 0x0000000094400000, 0x0000000094400000| Untracked 
| 305|0x0000000094500000, 0x0000000094500000, 0x0000000094600000|  0%| F|  |TAMS 0x0000000094500000, 0x0000000094500000| Untracked 
| 306|0x0000000094600000, 0x0000000094600000, 0x0000000094700000|  0%| F|  |TAMS 0x0000000094600000, 0x0000000094600000| Untracked 
| 307|0x0000000094700000, 0x0000000094700000, 0x0000000094800000|  0%| F|  |TAMS 0x0000000094700000, 0x0000000094700000| Untracked 
| 308|0x0000000094800000, 0x0000000094800000, 0x0000000094900000|  0%| F|  |TAMS 0x0000000094800000, 0x0000000094800000| Untracked 
| 309|0x0000000094900000, 0x0000000094900000, 0x0000000094a00000|  0%| F|  |TAMS 0x0000000094900000, 0x0000000094900000| Untracked 
| 310|0x0000000094a00000, 0x0000000094a00000, 0x0000000094b00000|  0%| F|  |TAMS 0x0000000094a00000, 0x0000000094a00000| Untracked 
| 311|0x0000000094b00000, 0x0000000094b00000, 0x0000000094c00000|  0%| F|  |TAMS 0x0000000094b00000, 0x0000000094b00000| Untracked 
| 312|0x0000000094c00000, 0x0000000094c00000, 0x0000000094d00000|  0%| F|  |TAMS 0x0000000094c00000, 0x0000000094c00000| Untracked 
| 313|0x0000000094d00000, 0x0000000094d00000, 0x0000000094e00000|  0%| F|  |TAMS 0x0000000094d00000, 0x0000000094d00000| Untracked 
| 314|0x0000000094e00000, 0x0000000094f00000, 0x0000000094f00000|100%| E|  |TAMS 0x0000000094e00000, 0x0000000094e00000| Complete 
| 315|0x0000000094f00000, 0x0000000095000000, 0x0000000095000000|100%| E|CS|TAMS 0x0000000094f00000, 0x0000000094f00000| Complete 
| 316|0x0000000095000000, 0x0000000095100000, 0x0000000095100000|100%| E|CS|TAMS 0x0000000095000000, 0x0000000095000000| Complete 
| 317|0x0000000095100000, 0x0000000095200000, 0x0000000095200000|100%| E|CS|TAMS 0x0000000095100000, 0x0000000095100000| Complete 
| 318|0x0000000095200000, 0x0000000095300000, 0x0000000095300000|100%| E|CS|TAMS 0x0000000095200000, 0x0000000095200000| Complete 
| 319|0x0000000095300000, 0x0000000095400000, 0x0000000095400000|100%| E|CS|TAMS 0x0000000095300000, 0x0000000095300000| Complete 
| 320|0x0000000095400000, 0x0000000095500000, 0x0000000095500000|100%| E|CS|TAMS 0x0000000095400000, 0x0000000095400000| Complete 
| 321|0x0000000095500000, 0x0000000095600000, 0x0000000095600000|100%| E|CS|TAMS 0x0000000095500000, 0x0000000095500000| Complete 
| 322|0x0000000095600000, 0x0000000095700000, 0x0000000095700000|100%| E|CS|TAMS 0x0000000095600000, 0x0000000095600000| Complete 
| 323|0x0000000095700000, 0x0000000095800000, 0x0000000095800000|100%| E|CS|TAMS 0x0000000095700000, 0x0000000095700000| Complete 
| 324|0x0000000095800000, 0x0000000095900000, 0x0000000095900000|100%| E|CS|TAMS 0x0000000095800000, 0x0000000095800000| Complete 
| 325|0x0000000095900000, 0x0000000095a00000, 0x0000000095a00000|100%| E|CS|TAMS 0x0000000095900000, 0x0000000095900000| Complete 
| 326|0x0000000095a00000, 0x0000000095b00000, 0x0000000095b00000|100%| E|  |TAMS 0x0000000095a00000, 0x0000000095a00000| Complete 
| 327|0x0000000095b00000, 0x0000000095c00000, 0x0000000095c00000|100%| E|CS|TAMS 0x0000000095b00000, 0x0000000095b00000| Complete 

Card table byte_map: [0x000000ce6a7d0000,0x000000ce6abd0000] _byte_map_base: 0x000000ce6a3c6000

Marking Bits (Prev, Next): (CMBitMap*) 0x000000ce63da0840, (CMBitMap*) 0x000000ce63da0800
 Prev Bits: [0x000000ce6cf80000, 0x000000ce6ef30000)
 Next Bits: [0x000000ce6afd0000, 0x000000ce6cf80000)

Polling page: 0x000000ce634c0000

Metaspace:

Usage:
  Non-class:     84.63 MB used.
      Class:     11.39 MB used.
       Both:     96.02 MB used.

Virtual space:
  Non-class space:      128.00 MB reserved,      85.00 MB ( 66%) committed,  2 nodes.
      Class space:        1.00 GB reserved,      11.81 MB (  1%) committed,  1 nodes.
             Both:        1.13 GB reserved,      96.81 MB (  8%) committed. 

Chunk freelists:
   Non-Class:  2.14 MB
       Class:  59.00 KB
        Both:  2.20 MB

MaxMetaspaceSize: unlimited
CompressedClassSpaceSize: 1.00 GB
Initial GC threshold: 21.00 MB
Current GC threshold: 99.38 MB
CDS: off
MetaspaceReclaimPolicy: balanced
 - commit_granule_bytes: 65536.
 - commit_granule_words: 8192.
 - virtual_space_node_default_size: 8388608.
 - enlarge_chunks_in_place: 1.
 - new_chunks_are_fully_committed: 0.
 - uncommit_free_chunks: 1.
 - use_allocation_guard: 0.


Internal statistics:

num_allocs_failed_limit: 12.
num_arena_births: 1252.
num_arena_deaths: 0.
num_vsnodes_births: 3.
num_vsnodes_deaths: 0.
num_space_committed: 1549.
num_space_uncommitted: 0.
num_chunks_returned_to_freelist: 12.
num_chunks_taken_from_freelist: 4732.
num_chunk_merges: 12.
num_chunk_splits: 3330.
num_chunks_enlarged: 2573.
num_inconsistent_stats: 0.

CodeCache: size=49152Kb used=23383Kb max_used=24087Kb free=25768Kb
 bounds [0x000000ce673d0000, 0x000000ce68b60000, 0x000000ce6a3d0000]
 total_blobs=13074 nmethods=12382 adapters=618
 compilation: enabled
              stopped_count=0, restarted_count=0
 full_count=0

Compilation events (20 events):
Event: 434.643 Thread 0x000000ce75c2e730 12568       1       java.time.Instant::compareTo (28 bytes)
Event: 434.643 Thread 0x000000ce75c2e730 nmethod 12568 0x000000ce68503210 code [0x000000ce685033a0, 0x000000ce685034f8]
Event: 464.650 Thread 0x000000ce75c2e730 12569       1       org.jobrunr.jobs.Job::getUpdatedAt (10 bytes)
Event: 464.651 Thread 0x000000ce75c2e730 nmethod 12569 0x000000ce67daed10 code [0x000000ce67daeec0, 0x000000ce67daf018]
Event: 466.803 Thread 0x000000ce75c2e730 12570   !   1       org.apache.catalina.core.ContainerBase::findChildren (42 bytes)
Event: 466.804 Thread 0x000000ce75c2e730 nmethod 12570 0x000000ce67dae610 code [0x000000ce67dae7e0, 0x000000ce67daeb18]
Event: 479.612 Thread 0x000000ce75c2e730 12572       1       com.fasterxml.jackson.databind.DeserializationContext::isEnabled (18 bytes)
Event: 479.613 Thread 0x000000ce75c2e730 nmethod 12572 0x000000ce67dade90 code [0x000000ce67dae020, 0x000000ce67dae118]
Event: 479.613 Thread 0x000000ce75c2e730 12573       1       com.fasterxml.jackson.databind.deser.std.UUIDDeserializer::shortFromChars (21 bytes)
Event: 479.614 Thread 0x000000ce75c2e730 nmethod 12573 0x000000ce67dada90 code [0x000000ce67dadc40, 0x000000ce67dadd78]
Event: 494.613 Thread 0x000000ce75c2e730 12574       1       java.lang.invoke.VarHandleReferences$Array::runtimeTypeCheck (26 bytes)
Event: 494.615 Thread 0x000000ce75c2e730 nmethod 12574 0x000000ce6853aa10 code [0x000000ce6853ac20, 0x000000ce6853b058]
Event: 494.615 Thread 0x000000ce75c2e730 12575       1       java.util.Calendar::getSetStateFields (36 bytes)
Event: 494.615 Thread 0x000000ce75c2e730 nmethod 12575 0x000000ce6853a690 code [0x000000ce6853a820, 0x000000ce6853a958]
Event: 494.628 Thread 0x000000ce75c2e730 12576       1       org.jobrunr.storage.PageRequest::getOrder (5 bytes)
Event: 494.628 Thread 0x000000ce75c2e730 nmethod 12576 0x000000ce6853a390 code [0x000000ce6853a520, 0x000000ce6853a5f8]
Event: 494.629 Thread 0x000000ce75c2e730 12577       1       org.jobrunr.storage.PageRequest::getOffset (5 bytes)
Event: 494.629 Thread 0x000000ce75c2e730 nmethod 12577 0x000000ce6853a090 code [0x000000ce6853a220, 0x000000ce6853a2f8]
Event: 494.656 Thread 0x000000ce75c2e730 12578       1       org.jobrunr.jobs.states.AbstractJobState::getUpdatedAt (5 bytes)
Event: 494.656 Thread 0x000000ce75c2e730 nmethod 12578 0x000000ce68539d90 code [0x000000ce68539f20, 0x000000ce68539ff8]

GC Heap History (20 events):
Event: 32.273 GC heap before
{Heap before GC invocations=39 (full 0):
 garbage-first heap   total 279552K, used 225480K [0x0000000081400000, 0x0000000100000000)
  region size 1024K, 163 young (166912K), 16 survivors (16384K)
 Metaspace       used 77479K, committed 78016K, reserved 1179648K
  class space    used 9254K, committed 9536K, reserved 1048576K
}
Event: 32.332 GC heap after
{Heap after GC invocations=40 (full 0):
 garbage-first heap   total 279552K, used 78900K [0x0000000081400000, 0x0000000100000000)
  region size 1024K, 13 young (13312K), 13 survivors (13312K)
 Metaspace       used 77479K, committed 78016K, reserved 1179648K
  class space    used 9254K, committed 9536K, reserved 1048576K
}
Event: 33.859 GC heap before
{Heap before GC invocations=40 (full 0):
 garbage-first heap   total 279552K, used 232500K [0x0000000081400000, 0x0000000100000000)
  region size 1024K, 163 young (166912K), 13 survivors (13312K)
 Metaspace       used 77920K, committed 78464K, reserved 1179648K
  class space    used 9280K, committed 9536K, reserved 1048576K
}
Event: 33.891 GC heap after
{Heap after GC invocations=41 (full 0):
 garbage-first heap   total 279552K, used 83501K [0x0000000081400000, 0x0000000100000000)
  region size 1024K, 13 young (13312K), 13 survivors (13312K)
 Metaspace       used 77920K, committed 78464K, reserved 1179648K
  class space    used 9280K, committed 9536K, reserved 1048576K
}
Event: 35.168 GC heap before
{Heap before GC invocations=41 (full 0):
 garbage-first heap   total 279552K, used 235053K [0x0000000081400000, 0x0000000100000000)
  region size 1024K, 161 young (164864K), 13 survivors (13312K)
 Metaspace       used 78710K, committed 79296K, reserved 1179648K
  class space    used 9327K, committed 9600K, reserved 1048576K
}
Event: 35.234 GC heap after
{Heap after GC invocations=42 (full 0):
 garbage-first heap   total 279552K, used 88000K [0x0000000081400000, 0x0000000100000000)
  region size 1024K, 13 young (13312K), 13 survivors (13312K)
 Metaspace       used 78710K, committed 79296K, reserved 1179648K
  class space    used 9327K, committed 9600K, reserved 1048576K
}
Event: 37.470 GC heap before
{Heap before GC invocations=42 (full 0):
 garbage-first heap   total 279552K, used 236480K [0x0000000081400000, 0x0000000100000000)
  region size 1024K, 158 young (161792K), 13 survivors (13312K)
 Metaspace       used 80802K, committed 81408K, reserved 1179648K
  class space    used 9545K, committed 9856K, reserved 1048576K
}
Event: 37.507 GC heap after
{Heap after GC invocations=43 (full 0):
 garbage-first heap   total 335872K, used 93156K [0x0000000081400000, 0x0000000100000000)
  region size 1024K, 14 young (14336K), 14 survivors (14336K)
 Metaspace       used 80802K, committed 81408K, reserved 1179648K
  class space    used 9545K, committed 9856K, reserved 1048576K
}
Event: 39.333 GC heap before
{Heap before GC invocations=43 (full 0):
 garbage-first heap   total 335872K, used 279524K [0x0000000081400000, 0x0000000100000000)
  region size 1024K, 196 young (200704K), 14 survivors (14336K)
 Metaspace       used 84169K, committed 84736K, reserved 1179648K
  class space    used 9758K, committed 10048K, reserved 1048576K
}
Event: 39.375 GC heap after
{Heap after GC invocations=44 (full 0):
 garbage-first heap   total 335872K, used 99328K [0x0000000081400000, 0x0000000100000000)
  region size 1024K, 15 young (15360K), 15 survivors (15360K)
 Metaspace       used 84169K, committed 84736K, reserved 1179648K
  class space    used 9758K, committed 10048K, reserved 1048576K
}
Event: 44.030 GC heap before
{Heap before GC invocations=44 (full 0):
 garbage-first heap   total 335872K, used 280576K [0x0000000081400000, 0x0000000100000000)
  region size 1024K, 192 young (196608K), 15 survivors (15360K)
 Metaspace       used 90020K, committed 90752K, reserved 1179648K
  class space    used 10588K, committed 10944K, reserved 1048576K
}
Event: 44.107 GC heap after
{Heap after GC invocations=45 (full 0):
 garbage-first heap   total 335872K, used 107394K [0x0000000081400000, 0x0000000100000000)
  region size 1024K, 19 young (19456K), 19 survivors (19456K)
 Metaspace       used 90020K, committed 90752K, reserved 1179648K
  class space    used 10588K, committed 10944K, reserved 1048576K
}
Event: 45.704 GC heap before
{Heap before GC invocations=45 (full 0):
 garbage-first heap   total 335872K, used 280450K [0x0000000081400000, 0x0000000100000000)
  region size 1024K, 189 young (193536K), 19 survivors (19456K)
 Metaspace       used 94472K, committed 95168K, reserved 1179648K
  class space    used 11088K, committed 11456K, reserved 1048576K
}
Event: 45.759 GC heap after
{Heap after GC invocations=46 (full 0):
 garbage-first heap   total 335872K, used 113584K [0x0000000081400000, 0x0000000100000000)
  region size 1024K, 14 young (14336K), 14 survivors (14336K)
 Metaspace       used 94472K, committed 95168K, reserved 1179648K
  class space    used 11088K, committed 11456K, reserved 1048576K
}
Event: 48.885 GC heap before
{Heap before GC invocations=46 (full 0):
 garbage-first heap   total 335872K, used 282544K [0x0000000081400000, 0x0000000100000000)
  region size 1024K, 179 young (183296K), 14 survivors (14336K)
 Metaspace       used 96745K, committed 97536K, reserved 1179648K
  class space    used 11467K, committed 11840K, reserved 1048576K
}
Event: 48.944 GC heap after
{Heap after GC invocations=47 (full 0):
 garbage-first heap   total 335872K, used 119185K [0x0000000081400000, 0x0000000100000000)
  region size 1024K, 12 young (12288K), 12 survivors (12288K)
 Metaspace       used 96745K, committed 97536K, reserved 1179648K
  class space    used 11467K, committed 11840K, reserved 1048576K
}
Event: 50.687 GC heap before
{Heap before GC invocations=47 (full 0):
 garbage-first heap   total 335872K, used 283025K [0x0000000081400000, 0x0000000100000000)
  region size 1024K, 172 young (176128K), 12 survivors (12288K)
 Metaspace       used 97068K, committed 97856K, reserved 1179648K
  class space    used 11496K, committed 11904K, reserved 1048576K
}
Event: 50.720 GC heap after
{Heap after GC invocations=48 (full 0):
 garbage-first heap   total 335872K, used 123793K [0x0000000081400000, 0x0000000100000000)
  region size 1024K, 16 young (16384K), 16 survivors (16384K)
 Metaspace       used 97068K, committed 97856K, reserved 1179648K
  class space    used 11496K, committed 11904K, reserved 1048576K
}
Event: 104.689 GC heap before
{Heap before GC invocations=48 (full 0):
 garbage-first heap   total 335872K, used 284561K [0x0000000081400000, 0x0000000100000000)
  region size 1024K, 173 young (177152K), 16 survivors (16384K)
 Metaspace       used 97489K, committed 98304K, reserved 1179648K
  class space    used 11545K, committed 11968K, reserved 1048576K
}
Event: 104.770 GC heap after
{Heap after GC invocations=49 (full 0):
 garbage-first heap   total 335872K, used 127557K [0x0000000081400000, 0x0000000100000000)
  region size 1024K, 15 young (15360K), 15 survivors (15360K)
 Metaspace       used 97489K, committed 98304K, reserved 1179648K
  class space    used 11545K, committed 11968K, reserved 1048576K
}

Deoptimization events (20 events):
Event: 224.789 Thread 0x000000ce7ad93bb0 DEOPT PACKING pc=0x000000ce67812f64 sp=0x000000ce0144bbd0
Event: 224.789 Thread 0x000000ce7ad93bb0 DEOPT UNPACKING pc=0x000000ce67422b43 sp=0x000000ce0144b098 mode 1
Event: 224.789 Thread 0x000000ce7ad93bb0 DEOPT PACKING pc=0x000000ce67812c5c sp=0x000000ce0144bc60
Event: 224.789 Thread 0x000000ce7ad93bb0 DEOPT UNPACKING pc=0x000000ce67422b43 sp=0x000000ce0144b138 mode 1
Event: 224.818 Thread 0x000000ce7ad93bb0 DEOPT PACKING pc=0x000000ce67d6121c sp=0x000000ce0144dd00
Event: 224.818 Thread 0x000000ce7ad93bb0 DEOPT UNPACKING pc=0x000000ce67422b43 sp=0x000000ce0144d390 mode 1
Event: 224.818 Thread 0x000000ce7ad93bb0 DEOPT PACKING pc=0x000000ce67aa8784 sp=0x000000ce0144e030
Event: 224.818 Thread 0x000000ce7ad93bb0 DEOPT UNPACKING pc=0x000000ce67422b43 sp=0x000000ce0144d4f8 mode 1
Event: 224.829 Thread 0x000000ce7ad93bb0 DEOPT PACKING pc=0x000000ce67d6121c sp=0x000000ce0144dd00
Event: 224.829 Thread 0x000000ce7ad93bb0 DEOPT UNPACKING pc=0x000000ce67422b43 sp=0x000000ce0144d390 mode 1
Event: 224.829 Thread 0x000000ce7ad93bb0 DEOPT PACKING pc=0x000000ce67aa8784 sp=0x000000ce0144e030
Event: 224.829 Thread 0x000000ce7ad93bb0 DEOPT UNPACKING pc=0x000000ce67422b43 sp=0x000000ce0144d4f8 mode 1
Event: 224.944 Thread 0x000000ce7ad93bb0 DEOPT PACKING pc=0x000000ce67d6121c sp=0x000000ce0144d5a0
Event: 224.945 Thread 0x000000ce7ad93bb0 DEOPT UNPACKING pc=0x000000ce67422b43 sp=0x000000ce0144cc30 mode 1
Event: 224.945 Thread 0x000000ce7ad93bb0 DEOPT PACKING pc=0x000000ce67aa8784 sp=0x000000ce0144d8d0
Event: 224.945 Thread 0x000000ce7ad93bb0 DEOPT UNPACKING pc=0x000000ce67422b43 sp=0x000000ce0144cd98 mode 1
Event: 224.951 Thread 0x000000ce7ad93bb0 DEOPT PACKING pc=0x000000ce67d6121c sp=0x000000ce0144d5a0
Event: 224.951 Thread 0x000000ce7ad93bb0 DEOPT UNPACKING pc=0x000000ce67422b43 sp=0x000000ce0144cc30 mode 1
Event: 224.951 Thread 0x000000ce7ad93bb0 DEOPT PACKING pc=0x000000ce67aa8784 sp=0x000000ce0144d8d0
Event: 224.951 Thread 0x000000ce7ad93bb0 DEOPT UNPACKING pc=0x000000ce67422b43 sp=0x000000ce0144cd98 mode 1

Classes loaded (20 events):
Event: 47.121 Loading class java/util/TreeMap$TreeMapSpliterator done
Event: 47.121 Loading class java/util/TreeMap$ValueSpliterator done
Event: 47.148 Loading class java/util/TreeMap$KeySpliterator
Event: 47.148 Loading class java/util/TreeMap$KeySpliterator done
Event: 47.500 Loading class java/util/OptionalLong
Event: 47.501 Loading class java/util/OptionalLong done
Event: 47.501 Loading class java/util/OptionalDouble
Event: 47.501 Loading class java/util/OptionalDouble done
Event: 49.738 Loading class jdk/internal/loader/BootLoader$PackageHelper
Event: 49.739 Loading class jdk/internal/loader/BootLoader$PackageHelper done
Event: 52.147 Loading class java/util/AbstractMap$1$1
Event: 52.147 Loading class java/util/AbstractMap$1$1 done
Event: 103.622 Loading class java/util/concurrent/ConcurrentHashMap$EntrySpliterator
Event: 103.623 Loading class java/util/concurrent/ConcurrentHashMap$EntrySpliterator done
Event: 224.916 Loading class java/text/CalendarBuilder
Event: 224.917 Loading class java/text/CalendarBuilder done
Event: 236.915 Loading class java/lang/ObjectCustomizer
Event: 236.915 Loading class java/lang/ObjectCustomizer done
Event: 236.917 Loading class java/lang/ObjectCustomizer
Event: 236.917 Loading class java/lang/ObjectCustomizer done

Classes unloaded (0 events):
No events

Classes redefined (1 events):
Event: 500.502 Thread 0x000000ce71534fd0 redefined class name=com.maan.eway.notification.service.PushedStateChange, count=1

Internal exceptions (20 events):
Event: 46.060 Thread 0x000000ce63d42970 Exception <a 'java/lang/ClassNotFoundException'{0x0000000093b3cd68}: com/maan/eway/bean/MailDetailsCustomizer> (0x0000000093b3cd68) 
thrown [s\src\hotspot\share\classfile\systemDictionary.cpp, line 255]
Event: 46.137 Thread 0x000000ce63d42970 Exception <a 'java/lang/ClassNotFoundException'{0x000000009369b6b8}: java/lang/ObjectCustomizer> (0x000000009369b6b8) 
thrown [s\src\hotspot\share\classfile\systemDictionary.cpp, line 255]
Event: 46.139 Thread 0x000000ce63d42970 Exception <a 'java/lang/ClassNotFoundException'{0x00000000936a2a68}: com/maan/eway/bean/DocumentMasterCustomizer> (0x00000000936a2a68) 
thrown [s\src\hotspot\share\classfile\systemDictionary.cpp, line 255]
Event: 46.241 Thread 0x000000ce63d42970 Exception <a 'java/lang/ClassNotFoundException'{0x000000009306ae78}: java/lang/ObjectCustomizer> (0x000000009306ae78) 
thrown [s\src\hotspot\share\classfile\systemDictionary.cpp, line 255]
Event: 46.243 Thread 0x000000ce63d42970 Exception <a 'java/lang/ClassNotFoundException'{0x0000000093072228}: com/maan/eway/bean/MsHumanDetailsCustomizer> (0x0000000093072228) 
thrown [s\src\hotspot\share\classfile\systemDictionary.cpp, line 255]
Event: 46.325 Thread 0x000000ce63d42970 Exception <a 'java/lang/ClassNotFoundException'{0x0000000092a87210}: java/lang/ObjectCustomizer> (0x0000000092a87210) 
thrown [s\src\hotspot\share\classfile\systemDictionary.cpp, line 255]
Event: 46.328 Thread 0x000000ce63d42970 Exception <a 'java/lang/ClassNotFoundException'{0x0000000092a8e860}: com/maan/eway/bean/SectionCoverOfsGridMasterCustomizer> (0x0000000092a8e860) 
thrown [s\src\hotspot\share\classfile\systemDictionary.cpp, line 255]
Event: 47.026 Thread 0x000000ce63d42970 Exception <a 'java/lang/NoSuchMethodError'{0x0000000091308b30}: 'java.lang.Object java.lang.invoke.DirectMethodHandle$Holder.invokeSpecial(java.lang.Object, java.lang.Object, int, java.lang.Object, int, java.lang.Object)'> (0x0000000091308b30) 
thrown [s\src\hotspot\share\interpreter\linkResolver.cpp, line 766]
Event: 47.028 Thread 0x000000ce63d42970 Exception <a 'java/lang/NoSuchMethodError'{0x0000000091310928}: 'java.lang.Object java.lang.invoke.DirectMethodHandle$Holder.newInvokeSpecial(java.lang.Object, java.lang.Object, int, java.lang.Object, int)'> (0x0000000091310928) 
thrown [s\src\hotspot\share\interpreter\linkResolver.cpp, line 766]
Event: 47.029 Thread 0x000000ce63d42970 Exception <a 'java/lang/NoSuchMethodError'{0x0000000091314a30}: 'java.lang.Object java.lang.invoke.DirectMethodHandle$Holder.invokeSpecial(java.lang.Object, java.lang.Object, java.lang.Object, int, java.lang.Object, int)'> (0x0000000091314a30) 
thrown [s\src\hotspot\share\interpreter\linkResolver.cpp, line 766]
Event: 47.509 Thread 0x000000ce63d42970 Exception <a 'java/lang/NoSuchMethodError'{0x000000008efbc828}: 'java.lang.Object java.lang.invoke.DirectMethodHandle$Holder.newInvokeSpecial(java.lang.Object, java.lang.Object, java.lang.Object, java.lang.Object, java.lang.Object, java.lang.Object, java.lang.Object)'> (0x000000008efbc828) 
thrown [s\src\hotspot\share\interpreter\linkResolver.cpp, line 766]
Event: 47.510 Thread 0x000000ce63d42970 Exception <a 'java/lang/NoSuchMethodError'{0x000000008efc0d08}: 'java.lang.Object java.lang.invoke.Invokers$Holder.linkToTargetMethod(java.lang.Object, java.lang.Object, java.lang.Object, java.lang.Object, java.lang.Object, java.lang.Object, java.lang.Object)'> (0x000000008efc0d08) 
thrown [s\src\hotspot\share\interpreter\linkResolver.cpp, line 766]
Event: 47.689 Thread 0x000000ce63d42970 Exception <a 'java/lang/NoSuchMethodError'{0x000000008ea35198}: 'java.lang.Object java.lang.invoke.DirectMethodHandle$Holder.newInvokeSpecial(java.lang.Object, java.lang.Object, java.lang.Object, int)'> (0x000000008ea35198) 
thrown [s\src\hotspot\share\interpreter\linkResolver.cpp, line 766]
Event: 47.690 Thread 0x000000ce63d42970 Exception <a 'java/lang/NoSuchMethodError'{0x000000008ea392a8}: 'java.lang.Object java.lang.invoke.DirectMethodHandle$Holder.invokeSpecial(java.lang.Object, java.lang.Object, java.lang.Object, java.lang.Object, int)'> (0x000000008ea392a8) 
thrown [s\src\hotspot\share\interpreter\linkResolver.cpp, line 766]
Event: 47.691 Thread 0x000000ce63d42970 Exception <a 'java/lang/NoSuchMethodError'{0x000000008ea3c9b0}: 'java.lang.Object java.lang.invoke.Invokers$Holder.linkToTargetMethod(java.lang.Object, java.lang.Object, int, java.lang.Object)'> (0x000000008ea3c9b0) 
thrown [s\src\hotspot\share\interpreter\linkResolver.cpp, line 766]
Event: 47.950 Thread 0x000000ce63d42970 Exception <a 'java/lang/NoSuchMethodError'{0x000000008e3f7948}: 'java.lang.Object java.lang.invoke.DirectMethodHandle$Holder.invokeStatic(java.lang.Object, int, java.lang.Object)'> (0x000000008e3f7948) 
thrown [s\src\hotspot\share\interpreter\linkResolver.cpp, line 766]
Event: 224.792 Thread 0x000000ce7ad93bb0 Exception <a 'java/lang/NoSuchMethodError'{0x00000000959a9718}: 'java.lang.Object java.lang.invoke.DirectMethodHandle$Holder.invokeStaticInit(java.lang.Object, java.lang.Object, java.lang.Object, java.lang.Object, java.lang.Object, java.lang.Object)'> (0x00000000959a9718) 
thrown [s\src\hotspot\share\interpreter\linkResolver.cpp, line 766]
Event: 224.919 Thread 0x000000ce7ad93bb0 Exception <a 'java/lang/NoSuchMethodError'{0x000000009560f960}: 'java.lang.Object java.lang.invoke.DirectMethodHandle$Holder.invokeInterface(java.lang.Object, java.lang.Object, java.lang.Object, java.lang.Object)'> (0x000000009560f960) 
thrown [s\src\hotspot\share\interpreter\linkResolver.cpp, line 766]
Event: 236.917 Thread 0x000000ce7ad93bb0 Exception <a 'java/lang/ClassNotFoundException'{0x00000000955c0e68}: java/lang/ObjectCustomizer> (0x00000000955c0e68) 
thrown [s\src\hotspot\share\classfile\systemDictionary.cpp, line 255]
Event: 236.940 Thread 0x000000ce7ad93bb0 Exception <a 'java/lang/ClassNotFoundException'{0x00000000955c90c0}: com/maan/eway/notification/bean/NotifTransactionDetailsCustomizer> (0x00000000955c90c0) 
thrown [s\src\hotspot\share\classfile\systemDictionary.cpp, line 255]

VM Operations (20 events):
Event: 500.459 Executing VM operation: RedefineClasses
Event: 500.606 Executing VM operation: RedefineClasses done
Event: 500.653 Executing VM operation: ChangeBreakpoints
Event: 500.659 Executing VM operation: ChangeBreakpoints done
Event: 500.697 Executing VM operation: ChangeBreakpoints
Event: 500.703 Executing VM operation: ChangeBreakpoints done
Event: 500.706 Executing VM operation: ChangeSingleStep
Event: 500.706 Executing VM operation: ChangeSingleStep done
Event: 500.706 Executing VM operation: get/set locals
Event: 500.706 Executing VM operation: get/set locals done
Event: 500.708 Executing VM operation: ChangeSingleStep
Event: 500.708 Executing VM operation: ChangeSingleStep done
Event: 500.720 Executing VM operation: GetObjectMonitorUsage
Event: 500.720 Executing VM operation: GetObjectMonitorUsage done
Event: 500.720 Executing VM operation: GetObjectMonitorUsage
Event: 500.720 Executing VM operation: GetObjectMonitorUsage done
Event: 500.736 Executing VM operation: GetObjectMonitorUsage
Event: 500.736 Executing VM operation: GetObjectMonitorUsage done
Event: 500.737 Executing VM operation: GetObjectMonitorUsage
Event: 500.737 Executing VM operation: GetObjectMonitorUsage done

Events (20 events):
Event: 237.152 Thread 0x000000ce75c4cdf0 flushing nmethod 0x000000ce68426590
Event: 237.153 Thread 0x000000ce75c4cdf0 flushing nmethod 0x000000ce68483990
Event: 237.154 Thread 0x000000ce75c4cdf0 flushing nmethod 0x000000ce684cb690
Event: 237.154 Thread 0x000000ce75c4cdf0 flushing nmethod 0x000000ce68503210
Event: 237.155 Thread 0x000000ce75c4cdf0 flushing nmethod 0x000000ce68539410
Event: 237.155 Thread 0x000000ce75c4cdf0 flushing nmethod 0x000000ce6853a790
Event: 237.156 Thread 0x000000ce75c4cdf0 flushing nmethod 0x000000ce6857e590
Event: 237.156 Thread 0x000000ce75c4cdf0 flushing nmethod 0x000000ce68587690
Event: 237.157 Thread 0x000000ce75c4cdf0 flushing nmethod 0x000000ce685cff10
Event: 237.157 Thread 0x000000ce75c4cdf0 flushing nmethod 0x000000ce685d5910
Event: 237.157 Thread 0x000000ce75c4cdf0 flushing nmethod 0x000000ce685eb390
Event: 237.157 Thread 0x000000ce75c4cdf0 flushing nmethod 0x000000ce6860c910
Event: 237.157 Thread 0x000000ce75c4cdf0 flushing nmethod 0x000000ce68612d90
Event: 237.158 Thread 0x000000ce75c4cdf0 flushing nmethod 0x000000ce6867f210
Event: 237.159 Thread 0x000000ce75c4cdf0 flushing nmethod 0x000000ce686e0390
Event: 237.159 Thread 0x000000ce75c4cdf0 flushing nmethod 0x000000ce686eba90
Event: 237.159 Thread 0x000000ce75c4cdf0 flushing nmethod 0x000000ce686f8890
Event: 237.160 Thread 0x000000ce75c4cdf0 flushing nmethod 0x000000ce68702210
Event: 374.616 Thread 0x000000ce78554350 Thread added: 0x000000ce78554350
Event: 379.619 Thread 0x000000ce78554350 Thread exited: 0x000000ce78554350


Dynamic libraries:
0x00007ff6527c0000 - 0x00007ff6527ce000 	C:\Users\Developer\.p2\pool\plugins\org.eclipse.justj.openjdk.hotspot.jre.full.win32.x86_64_18.0.1.v20220515-1614\jre\bin\javaw.exe
0x00007ffb31ce0000 - 0x00007ffb31e8d000 	C:\Windows\SYSTEM32\ntdll.dll
0x00007ffb2f8f0000 - 0x00007ffb2fa2f000 	C:\Windows\system32\KERNEL32.DLL
0x00007ffb2ef00000 - 0x00007ffb2f014000 	C:\Windows\system32\KERNELBASE.dll
0x00007ffb19840000 - 0x00007ffb19857000 	C:\Users\Developer\.p2\pool\plugins\org.eclipse.justj.openjdk.hotspot.jre.full.win32.x86_64_18.0.1.v20220515-1614\jre\bin\jli.dll
0x00007ffb1f730000 - 0x00007ffb1f749000 	C:\Users\Developer\.p2\pool\plugins\org.eclipse.justj.openjdk.hotspot.jre.full.win32.x86_64_18.0.1.v20220515-1614\jre\bin\VCRUNTIME140.dll
0x00007ffb25f20000 - 0x00007ffb25f24000 	C:\Users\Developer\.p2\pool\plugins\org.eclipse.justj.openjdk.hotspot.jre.full.win32.x86_64_18.0.1.v20220515-1614\jre\bin\api-ms-win-crt-stdio-l1-1-0.dll
0x00007ffb1f850000 - 0x00007ffb1f854000 	C:\Users\Developer\.p2\pool\plugins\org.eclipse.justj.openjdk.hotspot.jre.full.win32.x86_64_18.0.1.v20220515-1614\jre\bin\api-ms-win-crt-runtime-l1-1-0.dll
0x00007ffb1f7d0000 - 0x00007ffb1f7d3000 	C:\Users\Developer\.p2\pool\plugins\org.eclipse.justj.openjdk.hotspot.jre.full.win32.x86_64_18.0.1.v20220515-1614\jre\bin\api-ms-win-crt-environment-l1-1-0.dll
0x00007ffb1f5e0000 - 0x00007ffb1f5e5000 	C:\Users\Developer\.p2\pool\plugins\org.eclipse.justj.openjdk.hotspot.jre.full.win32.x86_64_18.0.1.v20220515-1614\jre\bin\api-ms-win-crt-math-l1-1-0.dll
0x00007ffb1ed30000 - 0x00007ffb1ed33000 	C:\Users\Developer\.p2\pool\plugins\org.eclipse.justj.openjdk.hotspot.jre.full.win32.x86_64_18.0.1.v20220515-1614\jre\bin\api-ms-win-crt-locale-l1-1-0.dll
0x00007ffb1ed20000 - 0x00007ffb1ed23000 	C:\Users\Developer\.p2\pool\plugins\org.eclipse.justj.openjdk.hotspot.jre.full.win32.x86_64_18.0.1.v20220515-1614\jre\bin\api-ms-win-crt-heap-l1-1-0.dll
0x00007ffb2c180000 - 0x00007ffb2c3fb000 	C:\Windows\WinSxS\amd64_microsoft.windows.common-controls_6595b64144ccf1df_6.0.9600.19394_none_62486577ecb635cf\COMCTL32.dll
0x00007ffb31920000 - 0x00007ffb31a97000 	C:\Windows\system32\USER32.dll
0x00007ffb1ed10000 - 0x00007ffb1ed13000 	C:\Users\Developer\.p2\pool\plugins\org.eclipse.justj.openjdk.hotspot.jre.full.win32.x86_64_18.0.1.v20220515-1614\jre\bin\api-ms-win-crt-filesystem-l1-1-0.dll
0x00007ffb1ecc0000 - 0x00007ffb1ecc4000 	C:\Users\Developer\.p2\pool\plugins\org.eclipse.justj.openjdk.hotspot.jre.full.win32.x86_64_18.0.1.v20220515-1614\jre\bin\api-ms-win-crt-string-l1-1-0.dll
0x00007ffb1ec90000 - 0x00007ffb1ec94000 	C:\Users\Developer\.p2\pool\plugins\org.eclipse.justj.openjdk.hotspot.jre.full.win32.x86_64_18.0.1.v20220515-1614\jre\bin\api-ms-win-crt-convert-l1-1-0.dll
0x00007ffb30070000 - 0x00007ffb3011a000 	C:\Windows\system32\msvcrt.dll
0x00007ffb2f3e0000 - 0x00007ffb2f52f000 	C:\Windows\system32\GDI32.dll
0x00007ffb1a7b0000 - 0x00007ffb1a8aa000 	C:\Users\Developer\.p2\pool\plugins\org.eclipse.justj.openjdk.hotspot.jre.full.win32.x86_64_18.0.1.v20220515-1614\jre\bin\ucrtbase.DLL
0x00007ffb318e0000 - 0x00007ffb31916000 	C:\Windows\system32\IMM32.DLL
0x00007ffb2ff10000 - 0x00007ffb30061000 	C:\Windows\system32\MSCTF.dll
0x00007ffb1ec00000 - 0x00007ffb1ec0c000 	C:\Users\Developer\.p2\pool\plugins\org.eclipse.justj.openjdk.hotspot.jre.full.win32.x86_64_18.0.1.v20220515-1614\jre\bin\vcruntime140_1.dll
0x00007ffb1a710000 - 0x00007ffb1a7a1000 	C:\Users\Developer\.p2\pool\plugins\org.eclipse.justj.openjdk.hotspot.jre.full.win32.x86_64_18.0.1.v20220515-1614\jre\bin\msvcp140.dll
0x00007ffb1ebf0000 - 0x00007ffb1ebf3000 	C:\Users\Developer\.p2\pool\plugins\org.eclipse.justj.openjdk.hotspot.jre.full.win32.x86_64_18.0.1.v20220515-1614\jre\bin\api-ms-win-crt-time-l1-1-0.dll
0x00007ffb1e680000 - 0x00007ffb1e683000 	C:\Users\Developer\.p2\pool\plugins\org.eclipse.justj.openjdk.hotspot.jre.full.win32.x86_64_18.0.1.v20220515-1614\jre\bin\api-ms-win-crt-utility-l1-1-0.dll
0x00007ffb10240000 - 0x00007ffb10ec9000 	C:\Users\Developer\.p2\pool\plugins\org.eclipse.justj.openjdk.hotspot.jre.full.win32.x86_64_18.0.1.v20220515-1614\jre\bin\server\jvm.dll
0x00007ffb2fb70000 - 0x00007ffb2fc1d000 	C:\Windows\system32\ADVAPI32.dll
0x00007ffb26aa0000 - 0x00007ffb26aa9000 	C:\Windows\SYSTEM32\WSOCK32.dll
0x00007ffb26880000 - 0x00007ffb268a2000 	C:\Windows\SYSTEM32\WINMM.dll
0x00007ffb28140000 - 0x00007ffb2814a000 	C:\Windows\SYSTEM32\VERSION.dll
0x00007ffb31870000 - 0x00007ffb31877000 	C:\Windows\system32\PSAPI.DLL
0x00007ffb31c80000 - 0x00007ffb31cdb000 	C:\Windows\SYSTEM32\sechost.dll
0x00007ffb2fa30000 - 0x00007ffb2fb65000 	C:\Windows\system32\RPCRT4.dll
0x00007ffb2f360000 - 0x00007ffb2f3ba000 	C:\Windows\system32\WS2_32.dll
0x00007ffb26830000 - 0x00007ffb2685a000 	C:\Windows\SYSTEM32\WINMMBASE.dll
0x00007ffb2f020000 - 0x00007ffb2f04e000 	C:\Windows\system32\SspiCli.dll
0x00007ffb2f530000 - 0x00007ffb2f539000 	C:\Windows\system32\NSI.dll
0x00007ffb2f2b0000 - 0x00007ffb2f2ff000 	C:\Windows\SYSTEM32\cfgmgr32.dll
0x00007ffb2da70000 - 0x00007ffb2da98000 	C:\Windows\SYSTEM32\DEVOBJ.dll
0x00007ffb19b80000 - 0x00007ffb19b8a000 	C:\Users\Developer\.p2\pool\plugins\org.eclipse.justj.openjdk.hotspot.jre.full.win32.x86_64_18.0.1.v20220515-1614\jre\bin\jimage.dll
0x00007ffb26910000 - 0x00007ffb26a9a000 	C:\Windows\SYSTEM32\DBGHELP.DLL
0x00007ffb1a6d0000 - 0x00007ffb1a70b000 	C:\Users\Developer\.p2\pool\plugins\org.eclipse.justj.openjdk.hotspot.jre.full.win32.x86_64_18.0.1.v20220515-1614\jre\bin\jdwp.dll
0x00007ffb19b70000 - 0x00007ffb19b7e000 	C:\Users\Developer\.p2\pool\plugins\org.eclipse.justj.openjdk.hotspot.jre.full.win32.x86_64_18.0.1.v20220515-1614\jre\bin\instrument.dll
0x00007ffb128e0000 - 0x00007ffb12905000 	C:\Users\Developer\.p2\pool\plugins\org.eclipse.justj.openjdk.hotspot.jre.full.win32.x86_64_18.0.1.v20220515-1614\jre\bin\java.dll
0x00007ffb1ef50000 - 0x00007ffb1ef68000 	C:\Users\Developer\.p2\pool\plugins\org.eclipse.justj.openjdk.hotspot.jre.full.win32.x86_64_18.0.1.v20220515-1614\jre\bin\zip.dll
0x00007ffb30340000 - 0x00007ffb3186f000 	C:\Windows\system32\SHELL32.dll
0x00007ffb30120000 - 0x00007ffb30332000 	C:\Windows\SYSTEM32\combase.dll
0x00007ffb2f540000 - 0x00007ffb2f594000 	C:\Windows\system32\SHLWAPI.dll
0x00007ffb2d5e0000 - 0x00007ffb2d692000 	C:\Windows\SYSTEM32\SHCORE.dll
0x00007ffb2ed80000 - 0x00007ffb2ed95000 	C:\Windows\SYSTEM32\profapi.dll
0x00007ffb1f720000 - 0x00007ffb1f72c000 	C:\Users\Developer\.p2\pool\plugins\org.eclipse.justj.openjdk.hotspot.jre.full.win32.x86_64_18.0.1.v20220515-1614\jre\bin\dt_socket.dll
0x00007ffb2a080000 - 0x00007ffb2a0aa000 	C:\Windows\SYSTEM32\IPHLPAPI.DLL
0x00007ffb2c490000 - 0x00007ffb2c49a000 	C:\Windows\SYSTEM32\WINNSI.DLL
0x00007ffb2e5c0000 - 0x00007ffb2e619000 	C:\Windows\system32\mswsock.dll
0x00007ffb2e3c0000 - 0x00007ffb2e464000 	C:\Windows\SYSTEM32\DNSAPI.dll
0x00007ffb268b0000 - 0x00007ffb268ba000 	C:\Windows\System32\rasadhlp.dll
0x00007ffb29e50000 - 0x00007ffb29ebb000 	C:\Windows\System32\fwpuclnt.dll
0x00007ffb03460000 - 0x00007ffb03473000 	C:\Users\Developer\.p2\pool\plugins\org.eclipse.justj.openjdk.hotspot.jre.full.win32.x86_64_18.0.1.v20220515-1614\jre\bin\net.dll
0x00007ffb25ab0000 - 0x00007ffb25b79000 	C:\Windows\SYSTEM32\WINHTTP.dll
0x00007ffb03440000 - 0x00007ffb03456000 	C:\Users\Developer\.p2\pool\plugins\org.eclipse.justj.openjdk.hotspot.jre.full.win32.x86_64_18.0.1.v20220515-1614\jre\bin\nio.dll
0x00007ffb1e670000 - 0x00007ffb1e679000 	C:\Users\Developer\.p2\pool\plugins\org.eclipse.justj.openjdk.hotspot.jre.full.win32.x86_64_18.0.1.v20220515-1614\jre\bin\management.dll
0x00007ffb1e620000 - 0x00007ffb1e62b000 	C:\Users\Developer\.p2\pool\plugins\org.eclipse.justj.openjdk.hotspot.jre.full.win32.x86_64_18.0.1.v20220515-1614\jre\bin\management_ext.dll
0x00007ffb268f0000 - 0x00007ffb26905000 	C:\Windows\system32\napinsp.dll
0x00007ffb268d0000 - 0x00007ffb268ea000 	C:\Windows\system32\pnrpnsp.dll
0x00007ffb2ad30000 - 0x00007ffb2ad4b000 	C:\Windows\system32\NLAapi.dll
0x00007ffb268c0000 - 0x00007ffb268cd000 	C:\Windows\System32\winrnr.dll
0x00007ffb2e620000 - 0x00007ffb2e640000 	C:\Windows\SYSTEM32\CRYPTSP.dll
0x00007ffb2e240000 - 0x00007ffb2e276000 	C:\Windows\system32\rsaenh.dll
0x00007ffb2e860000 - 0x00007ffb2e886000 	C:\Windows\SYSTEM32\bcrypt.dll
0x00007ffb2e350000 - 0x00007ffb2e371000 	C:\Windows\SYSTEM32\USERENV.dll
0x00007ffb2eb80000 - 0x00007ffb2ebe3000 	C:\Windows\system32\bcryptprimitives.dll
0x00007ffb2ecf0000 - 0x00007ffb2ecfb000 	C:\Windows\SYSTEM32\CRYPTBASE.dll
0x00007ffb29f30000 - 0x00007ffb29f46000 	C:\Windows\SYSTEM32\dhcpcsvc6.DLL
0x00007ffb29f10000 - 0x00007ffb29f2a000 	C:\Windows\SYSTEM32\dhcpcsvc.DLL
0x00007ffb18e60000 - 0x00007ffb18e70000 	C:\Users\Developer\.p2\pool\plugins\org.eclipse.justj.openjdk.hotspot.jre.full.win32.x86_64_18.0.1.v20220515-1614\jre\bin\verify.dll
0x00007ffb1df60000 - 0x00007ffb1df6e000 	C:\Users\Developer\.p2\pool\plugins\org.eclipse.justj.openjdk.hotspot.jre.full.win32.x86_64_18.0.1.v20220515-1614\jre\bin\sunmscapi.dll
0x00007ffb2f050000 - 0x00007ffb2f2a7000 	C:\Windows\system32\CRYPT32.dll
0x00007ffb2e830000 - 0x00007ffb2e855000 	C:\Windows\SYSTEM32\ncrypt.dll
0x00007ffb2ee30000 - 0x00007ffb2ee41000 	C:\Windows\system32\MSASN1.dll
0x00007ffb2e7f0000 - 0x00007ffb2e827000 	C:\Windows\SYSTEM32\NTASN1.dll
0x00007ffb01f60000 - 0x00007ffb01faf000 	C:\Windows\SYSTEM32\pdh.dll
0x00007ffb1e9e0000 - 0x00007ffb1e9ef000 	C:\Windows\System32\perfproc.dll
0x00007ffb1df80000 - 0x00007ffb1df8d000 	C:\Windows\System32\perfos.dll

dbghelp: loaded successfully - version: 4.0.5 - missing functions: none
symbol engine: initialized successfully - sym options: 0x614 - pdb path: .;C:\Users\Developer\.p2\pool\plugins\org.eclipse.justj.openjdk.hotspot.jre.full.win32.x86_64_18.0.1.v20220515-1614\jre\bin;C:\Windows\SYSTEM32;C:\Windows\WinSxS\amd64_microsoft.windows.common-controls_6595b64144ccf1df_6.0.9600.19394_none_62486577ecb635cf;C:\Users\Developer\.p2\pool\plugins\org.eclipse.justj.openjdk.hotspot.jre.full.win32.x86_64_18.0.1.v20220515-1614\jre\bin\server

VM Arguments:
jvm_args: -XX:+ShowCodeDetailsInExceptionMessages -agentlib:jdwp=transport=dt_socket,suspend=y,address=localhost:53631 -Dcom.sun.management.jmxremote -Dcom.sun.management.jmxremote.port=53629 -Dcom.sun.management.jmxremote.authenticate=false -Dcom.sun.management.jmxremote.ssl=false -Djava.rmi.server.hostname=localhost -Dspring.jmx.enabled=true -Dspring.application.admin.enabled=true -XX:TieredStopAtLevel=1 -Dspring.boot.project.name=EwayCommonApi -javaagent:F:\java-2022-03\eclipse\configuration\org.eclipse.osgi\225\0\.cp\lib\javaagent-shaded.jar -Dfile.encoding=UTF-8 
java_command: com.maan.eway.EwayCommonApiApplication
java_class_path (initial): E:\Kumar\Git\EwayCommonApi\target\classes;C:\Users\Developer\.m2\repository\org\springframework\boot\spring-boot-starter-data-jpa\2.7.5\spring-boot-starter-data-jpa-2.7.5.jar;C:\Users\Developer\.m2\repository\org\springframework\boot\spring-boot-starter-aop\2.7.5\spring-boot-starter-aop-2.7.5.jar;C:\Users\Developer\.m2\repository\org\aspectj\aspectjweaver\1.9.7\aspectjweaver-1.9.7.jar;C:\Users\Developer\.m2\repository\org\springframework\boot\spring-boot-starter-jdbc\2.7.5\spring-boot-starter-jdbc-2.7.5.jar;C:\Users\Developer\.m2\repository\com\zaxxer\HikariCP\4.0.3\HikariCP-4.0.3.jar;C:\Users\Developer\.m2\repository\org\springframework\spring-jdbc\5.3.23\spring-jdbc-5.3.23.jar;C:\Users\Developer\.m2\repository\jakarta\transaction\jakarta.transaction-api\1.3.3\jakarta.transaction-api-1.3.3.jar;C:\Users\Developer\.m2\repository\jakarta\persistence\jakarta.persistence-api\2.2.3\jakarta.persistence-api-2.2.3.jar;C:\Users\Developer\.m2\repository\org\hibernate\hibernate-core\5.6.12.Final\hibernate-core-5.6.12.Final.jar;C:\Users\Developer\.m2\repository\org\jboss\logging\jboss-logging\3.4.3.Final\jboss-logging-3.4.3.Final.jar;C:\Users\Developer\.m2\repository\net\bytebuddy\byte-buddy\1.12.18\byte-buddy-1.12.18.jar;C:\Users\Developer\.m2\repository\antlr\antlr\2.7.7\antlr-2.7.7.jar;C:\Users\Developer\.m2\repository\org\jboss\jandex\2.4.2.Final\jandex-2.4.2.Final.jar;C:\Users\Developer\.m2\repository\org\hibernate\common\hibernate-commons-annotations\5.1.2.Final\hibernate-commons-annotations-5.1.2.Final.jar;C:\Users\Developer\.m2\repository\org\glassfish\jaxb\jaxb-runtime\2.3.7\jaxb-runtime-2.3.7.jar;C:\Users\Developer\.m2\repository\org\glassfish\jaxb\txw2\2.3.7\txw2-2.3.7.jar;C:\Users\Developer\.m2\repository\com\sun\istack\istack-commons-runtime\3.0.12\istack-commons-runtime-3.0.12.jar;C:\Users\Developer\.m2\repository\org\springframework\data\spring-data-jpa\2.7.5\spring-data-jpa-2.7.5.jar;C:\Users\Developer\.m2\repository\org\springframework\data\spring-data-commons\2.7.5\spring-data-commons-2.7.5.jar;C:\Users\Developer\.m2\repository\org\springframework\spring-orm\5.3.23\spring-orm-5.3.23.jar;C:\Users\Developer\.m2\repository\org\springframework\spring-context\5.3.23\spring-context-5.3.23.jar;C:\Users\Developer\.m2\repository\org\springframework\spring-tx\5.3.23\spring-tx-5.3.23.jar;C:\Users\Developer\.m2\repository\org\springframework\spring-beans\5.3.23\spring-beans-5.3.23.jar;C:\Users\Developer\.m2\repository\org\springframework\spring-aspects\5.3.23\spring-aspects-5.3.23.jar;C:\Users\Developer\.m2\repository\org\springframework\boot\spring-boot-starter-web\2.7.5\spring-boot-starter-web-2.7.5.jar;C:\Users\Developer\.m2\repository\org\springframework\boot\spring-boot-starter\2.7.5\spring-boot-starter-2.7.5.jar;C:\Users\Developer\.m2\repository\org\springframework\boot\spring-boot\2.7.5\spring-boot-2.7.5.jar;C:\Users\Developer\.m2\repository\org\springframework\boot\spring-boot-autoconfigure\2.7.5\spring-boot-autoconfigure-2.7.5.jar;C:\Users\Developer\.m2\repository\org\springframework\boot\spring-boot-starter-logging\2.7.5\spring-boot-starter-logging-2.7.5.jar;C:\Users\Developer\.m2\repository\ch\qos\logback\logback-classic\1.2.11\logback-classic-1.2.11.jar;C:\Users\Developer\.m2\repository\ch\qos\logback\logback-core\1.2.11\logback-core-1.2.11.jar;C:\Users\Developer\.m2\repository\org\apache\logging\log4j\log4j-to-slf4j\2.17.2\log4j-to-slf4j-2.17.2.jar;C:\Users\Developer\.m2\repository\org\slf4j\jul-to-slf4j\1.7.36\jul-to-slf4j-1.7.36.jar;C:\Users\Developer\.m2\repository\org\yaml\snakeyaml\1.30\snakeyaml-1.30.jar;C:\Users\Developer\.m2\repository\org\springframework\boot\spring-boot-starter-json\2.7.5\spring-boot-starter-json-2.7.5.jar;C:\Users\Developer\.m2\repository\com\fasterxml\jackson\datatype\jackson-datatype-jdk8\2.13.4\jackson-datatype-jdk8-2.13.4.jar;C:\Users\Developer\.m2\repository\com\fasterxml\jackson\datatype\jackson-datatype-jsr310\2.13.4\jackson-datatype-jsr310-2.13.4.jar;C:\Users\Developer\.m2\repository\com\fasterxml\jackson\module\jackson-module-parameter-names\2.13.4\jackson-module-parameter-names-2.13.4.jar;C:\Users\Developer\.m2\repository\org\springframework\spring-web\5.3.23\spring-web-5.3.23.jar;C:\Users\Developer\.m2\repository\org\springframework\spring-webmvc\5.3.23\spring-webmvc-5.3.23.jar;C:\Users\Developer\.m2\repository\org\springframework\spring-expression\5.3.23\spring-expression-5.3.23.jar;C:\Users\Developer\.m2\repository\org\springframework\boot\spring-boot-starter-web-services\2.7.5\spring-boot-starter-web-services-2.7.5.jar;C:\Users\Developer\.m2\repository\com\sun\xml\messaging\saaj\saaj-impl\1.5.3\saaj-impl-1.5.3.jar;C:\Users\Developer\.m2\repository\jakarta\xml\soap\jakarta.xml.soap-api\1.4.2\jakarta.xml.soap-api-1.4.2.jar;C:\Users\Developer\.m2\repository\org\jvnet\staxex\stax-ex\1.8.3\stax-ex-1.8.3.jar;C:\Users\Developer\.m2\repository\com\sun\activation\jakarta.activation\1.2.2\jakarta.activation-1.2.2.jar;C:\Users\Developer\.m2\repository\jakarta\xml\ws\jakarta.xml.ws-api\2.3.3\jakarta.xml.ws-api-2.3.3.jar;C:\Users\Developer\.m2\repository\jakarta\jws\jakarta.jws-api\2.1.0\jakarta.jws-api-2.1.0.jar;C:\Users\Developer\.m2\repository\org\springframework\spring-oxm\5.3.23\spring-oxm-5.3.23.jar;C:\Users\Developer\.m2\repository\org\springframework\ws\spring-ws-core\3.1.3\spring-ws-core-3.1.3.jar;C:\Users\Developer\.m2\repository\org\springframework\ws\spring-xml\3.1.3\spring-xml-3.1.3.jar;C:\Users\Developer\.m2\repository\org\springframework\boot\spring-boot-starter-cache\2.7.5\spring-boot-starter-cache-2.7.5.jar;C:\Users\Developer\.m2\repository\org\springframework\spring-context-support\5.3.23\spring-context-support-5.3.23.jar;C:\Users\Developer\.m2\repository\com\fasterxml\jackson\core\jackson-databind\2.13.0\jackson-databind-2.13.0.jar;C:\Users\Developer\.m2\repository\com\fasterxml\jackson\core\jackson-annotations\2.13.4\jackson-annotations-2.13.4.jar;C:\Users\Developer\.m2\repository\com\fasterxml\jackson\core\jackson-core\2.13.4\jackson-core-2.13.4.jar;C:\Users\Developer\.m2\repository\com\mysql\mysql-connector-j\8.0.31\mysql-connector-j-8.0.31.jar;C:\Users\Developer\.m2\repository\org\projectlombok\lombok\1.18.24\lombok-1.18.24.jar;C:\Users\Developer\.m2\repository\org\springframework\boot\spring-boot-starter-tomcat\2.7.5\spring-boot-starter-tomcat-2.7.5.jar;C:\Users\Developer\.m2\repository\jakarta\annotation\jakarta.annotation-api\1.3.5\jakarta.annotation-api-1.3.5.jar;C:\Users\Developer\.m2\repository\org\apache\tomcat\embed\tomcat-embed-core\9.0.68\tomcat-embed-core-9.0.68.jar;C:\Users\Developer\.m2\repository\org\apache\tomcat\embed\tomcat-embed-el\9.0.68\tomcat-embed-el-9.0.68.jar;C:\Users\Developer\.m2\repository\org\apache\tomcat\embed\tomcat-embed-websocket\9.0.68\tomcat-embed-websocket-9.0.68.jar;C:\Users\Developer\.m2\repository\jakarta\xml\bind\jakarta.xml.bind-api\2.3.3\jakarta.xml.bind-api-2.3.3.jar;C:\Users\Developer\.m2\repository\jakarta\activation\jakarta.activation-api\1.2.2\jakarta.activation-api-1.2.2.jar;C:\Users\Developer\.m2\repository\org\hamcrest\hamcrest\2.2\hamcrest-2.2.jar;C:\Users\Developer\.m2\repository\org\springframework\spring-core\5.3.23\spring-core-5.3.23.jar;C:\Users\Developer\.m2\repository\org\springframework\spring-jcl\5.3.23\spring-jcl-5.3.23.jar;C:\Users\Developer\.m2\repository\io\springfox\springfox-boot-starter\3.0.0\springfox-boot-starter-3.0.0.jar;C:\Users\Developer\.m2\repository\io\springfox\springfox-oas\3.0.0\springfox-oas-3.0.0.jar;C:\Users\Developer\.m2\repository\io\swagger\core\v3\swagger-annotations\2.1.2\swagger-annotations-2.1.2.jar;C:\Users\Developer\.m2\repository\io\swagger\core\v3\swagger-models\2.1.2\swagger-models-2.1.2.jar;C:\Users\Developer\.m2\repository\io\springfox\springfox-spi\3.0.0\springfox-spi-3.0.0.jar;C:\Users\Developer\.m2\repository\io\springfox\springfox-schema\3.0.0\springfox-schema-3.0.0.jar;C:\Users\Developer\.m2\repository\io\springfox\springfox-core\3.0.0\springfox-core-3.0.0.jar;C:\Users\Developer\.m2\repository\io\springfox\springfox-spring-web\3.0.0\springfox-spring-web-3.0.0.jar;C:\Users\Developer\.m2\repository\io\github\classgraph\classgraph\4.8.83\classgraph-4.8.83.jar;C:\Users\Developer\.m2\repository\io\springfox\springfox-spring-webmvc\3.0.0\springfox-spring-webmvc-3.0.0.jar;C:\Users\Developer\.m2\repository\io\springfox\springfox-spring-webflux\3.0.0\springfox-spring-webflux-3.0.0.jar;C:\Users\Developer\.m2\repository\io\springfox\springfox-swagger-common\3.0.0\springfox-swagger-common-3.0.0.jar;C:\Users\Developer\.m2\repository\org\mapstruct\mapstruct\1.3.1.Final\mapstruct-1.3.1.Final.jar;C:\Users\Developer\.m2\repository\io\springfox\springfox-data-rest\3.0.0\springfox-data-rest-3.0.0.jar;C:\Users\Developer\.m2\repository\io\springfox\springfox-bean-validators\3.0.0\springfox-bean-validators-3.0.0.jar;C:\Users\Developer\.m2\repository\io\springfox\springfox-swagger2\3.0.0\springfox-swagger2-3.0.0.jar;C:\Users\Developer\.m2\repository\io\swagger\swagger-annotations\1.5.20\swagger-annotations-1.5.20.jar;C:\Users\Developer\.m2\repository\io\swagger\swagger-models\1.5.20\swagger-models-1.5.20.jar;C:\Users\Developer\.m2\repository\io\springfox\springfox-swagger-ui\3.0.0\springfox-swagger-ui-3.0.0.jar;C:\Users\Developer\.m2\repository\com\fasterxml\classmate\1.5.1\classmate-1.5.1.jar;C:\Users\Developer\.m2\repository\org\slf4j\slf4j-api\1.7.36\slf4j-api-1.7.36.jar;C:\Users\Developer\.m2\repository\org\springframework\plugin\spring-plugin-core\2.0.0.RELEASE\spring-plugin-core-2.0.0.RELEASE.jar;C:\Users\Developer\.m2\repository\org\springframework\plugin\spring-plugin-metadata\2.0.0.RELEASE\spring-plugin-metadata-2.0.0.RELEASE.jar;C:\Users\Developer\.m2\repository\org\apache\logging\log4j\log4j-api\2.15.0\log4j-api-2.15.0.jar;C:\Users\Developer\.m2\repository\org\javassist\javassist\3.25.0-GA\javassist-3.25.0-GA.jar;C:\Users\Developer\.m2\repository\commons-io\commons-io\2.6\commons-io-2.6.jar;C:\Users\Developer\.m2\repository\org\modelmapper\modelmapper\2.3.5\modelmapper-2.3.5.jar;C:\Users\Developer\.m2\repository\net\sf\dozer\dozer\5.5.1\dozer-5.5.1.jar;C:\Users\Developer\.m2\repository\commons-beanutils\commons-beanutils\1.9.1\commons-beanutils-1.9.1.jar;C:\Users\Developer\.m2\repository\org\slf4j\jcl-over-slf4j\1.7.36\jcl-over-slf4j-1.7.36.jar;C:\Users\Developer\.m2\repository\com\google\code\gson\gson\2.9.1\gson-2.9.1.jar;C:\Users\Developer\.m2\repository\com\sun\mail\javax.mail\1.6.2\javax.mail-1.6.2.jar;C:\Users\Developer\.m2\repository\javax\activation\activation\1.1\activation-1.1.jar;C:\Users\Developer\.m2\repository\org\springframework\boot\spring-boot-starter-mail\2.7.0\spring-boot-starter-mail-2.7.0.jar;C:\Users\Developer\.m2\repository\com\sun\mail\jakarta.mail\1.6.7\jakarta.mail-1.6.7.jar;C:\Users\Developer\.m2\repository\org\apache\tika\tika-core\2.0.0\tika-core-2.0.0.jar;C:\Users\Developer\.m2\repository\net\coobird\thumbnailator\0.4.12\thumbnailator-0.4.12.jar;C:\Users\Developer\.m2\repository\org\jsoup\jsoup\1.15.1\jsoup-1.15.1.jar;C:\Users\Developer\.m2\repository\com\googlecode\json-simple\json-simple\1.1.1\json-simple-1.1.1.jar;C:\Users\Developer\.m2\repository\junit\junit\4.13.2\junit-4.13.2.jar;C:\Users\Developer\.m2\repository\org\hamcrest\hamcrest-core\2.2\hamcrest-core-2.2.jar;C:\Users\Developer\.m2\repository\org\apache\commons\commons-lang3\3.8.1\commons-lang3-3.8.1.jar;C:\Users\Developer\.m2\repository\com\googlecode\jmapper-framework\jmapper-core\1.6.0.1\jmapper-core-1.6.0.1.jar;C:\Users\Developer\.m2\repository\org\reflections\reflections\0.9.10\reflections-0.9.10.jar;C:\Users\Developer\.m2\repository\com\google\guava\guava\15.0\guava-15.0.jar;C:\Users\Developer\.m2\repository\com\google\code\findbugs\annotations\2.0.1\annotations-2.0.1.jar;C:\Users\Developer\.m2\repository\com\googlecode\jmapper-framework\jmapper-api\1.2.1\jmapper-api-1.2.1.jar;C:\Users\Developer\.m2\repository\commons-collections\commons-collections\3.2.2\commons-collections-3.2.2.jar;C:\Users\Developer\.m2\repository\com\thoughtworks\xstream\xstream\1.4.9\xstream-1.4.9.jar;C:\Users\Developer\.m2\repository\xmlpull\xmlpull\1.1.3.1\xmlpull-1.1.3.1.jar;C:\Users\Developer\.m2\repository\xpp3\xpp3_min\1.1.4c\xpp3_min-1.1.4c.jar;C:\Users\Developer\.m2\repository\net\sf\kxml\kxml2\2.3.0\kxml2-2.3.0.jar;C:\Users\Developer\.m2\repository\io\jsonwebtoken\jjwt\0.9.1\jjwt-0.9.1.jar;C:\Users\Developer\.m2\repository\org\springframework\boot\spring-boot-starter-security\2.7.5\spring-boot-starter-security-2.7.5.jar;C:\Users\Developer\.m2\repository\org\springframework\spring-aop\5.3.23\spring-aop-5.3.23.jar;C:\Users\Developer\.m2\repository\org\springframework\security\spring-security-config\5.7.4\spring-security-config-5.7.4.jar;C:\Users\Developer\.m2\repository\org\springframework\security\spring-security-core\5.7.4\spring-security-core-5.7.4.jar;C:\Users\Developer\.m2\repository\org\springframework\security\spring-security-crypto\5.7.4\spring-security-crypto-5.7.4.jar;C:\Users\Developer\.m2\repository\org\springframework\security\spring-security-web\5.7.4\spring-security-web-5.7.4.jar;C:\Users\Developer\.m2\repository\com\fasterxml\jackson\dataformat\jackson-dataformat-xml\2.13.4\jackson-dataformat-xml-2.13.4.jar;C:\Users\Developer\.m2\repository\org\codehaus\woodstox\stax2-api\4.2.1\stax2-api-4.2.1.jar;C:\Users\Developer\.m2\repository\com\fasterxml\woodstox\woodstox-core\6.3.1\woodstox-core-6.3.1.jar;C:\Users\Developer\.m2\repository\org\jobrunr\jobrunr-spring-boot-starter\3.2.1\jobrunr-spring-boot-starter-3.2.1.jar;C:\Users\Developer\.m2\repository\org\jobrunr\jobrunr\3.2.1\jobrunr-3.2.1.jar;C:\Users\Developer\.m2\repository\org\ow2\asm\asm\9.1\asm-9.1.jar;C:\Users\Developer\.m2\repository\org\cache2k\cache2k-api\2.6.1.Final\cache2k-api-2.6.1.Final.jar;C:\Users\Developer\.m2\repository\org\cache2k\cache2k-core\2.6.1.Final\cache2k-core-2.6.1.Final.jar;C:\Users\Developer\.m2\repository\org\cache2k\cache2k-spring\2.6.1.Final\cache2k-spring-2.6.1.Final.jar
Launcher Type: SUN_STANDARD

[Global flags]
     intx CICompilerCount                          = 3                                         {product} {ergonomic}
     uint ConcGCThreads                            = 1                                         {product} {ergonomic}
     uint G1ConcRefinementThreads                  = 4                                         {product} {ergonomic}
   size_t G1HeapRegionSize                         = 1048576                                   {product} {ergonomic}
    uintx GCDrainStackTargetSize                   = 64                                        {product} {ergonomic}
   size_t InitialHeapSize                          = 134217728                                 {product} {ergonomic}
     bool ManagementServer                         = true                                      {product} {command line}
   size_t MarkStackSize                            = 4194304                                   {product} {ergonomic}
   size_t MaxHeapSize                              = 2126512128                                {product} {ergonomic}
   size_t MaxNewSize                               = 1275068416                                {product} {ergonomic}
   size_t MinHeapDeltaBytes                        = 1048576                                   {product} {ergonomic}
   size_t MinHeapSize                              = 8388608                                   {product} {ergonomic}
    uintx NonProfiledCodeHeapSize                  = 0                                      {pd product} {ergonomic}
     bool ProfileInterpreter                       = false                                  {pd product} {command line}
    uintx ProfiledCodeHeapSize                     = 0                                      {pd product} {ergonomic}
     bool ShowCodeDetailsInExceptionMessages       = true                                   {manageable} {command line}
   size_t SoftMaxHeapSize                          = 2126512128                             {manageable} {ergonomic}
     intx TieredStopAtLevel                        = 1                                         {product} {command line}
     bool UseCompressedClassPointers               = true                           {product lp64_product} {ergonomic}
     bool UseCompressedOops                        = true                           {product lp64_product} {ergonomic}
     bool UseG1GC                                  = true                                      {product} {ergonomic}
     bool UseLargePagesIndividualAllocation        = false                                  {pd product} {ergonomic}

Logging:
Log output configuration:
 #0: stdout all=warning uptime,level,tags foldmultilines=false
 #1: stderr all=off uptime,level,tags foldmultilines=false

Environment Variables:
JAVA_HOME=C:\Program Files\Java\jdk1.8.0_111
PATH=C:\Users\Developer\.p2\pool\plugins\org.eclipse.justj.openjdk.hotspot.jre.full.win32.x86_64_18.0.1.v20220515-1614\jre\bin;C:/Users/Developer/.p2/pool/plugins/org.eclipse.justj.openjdk.hotspot.jre.full.win32.x86_64_18.0.1.v20220515-1614/jre/bin/server;C:/Users/Developer/.p2/pool/plugins/org.eclipse.justj.openjdk.hotspot.jre.full.win32.x86_64_18.0.1.v20220515-1614/jre/bin;C:\Python310\Scripts\;C:\Python310\;C:\Program Files (x86)\Common Files\Oracle\Java\javapath;C:\ProgramData\Oracle\Java\javapath;C:\Windows\system32;C:\Windows;C:\Windows\System32\Wbem;C:\Windows\System32\WindowsPowerShell\v1.0\;D:\Oracle\product\10.1.0\Client_1\bin;C:\Program Files\Java\jdk1.8.0_111;C:\Program Files (x86)\Java\jdk1.7.0_03\bin;%M2_HOME%\bin;c:\Program Files (x86)\Microsoft SQL Server\110\Tools\Binn\ManagementStudio\;c:\Program Files (x86)\Microsoft SQL Server\110\Tools\Binn\;c:\Program Files\Microsoft SQL Server\110\Tools\Binn\;c:\Program Files (x86)\Microsoft SQL Server\110\DTS\Binn\;C:\Program Files\TortoiseSVN\bin;C:\Users\Developer\Downloads\xmlbeans-2.1.0\bin;C:\maven\bin;C:\Users\Developer\AppData\Roaming\npm;C:\Program Files\nodejs\;C:\ProgramData\chocolatey\bin;C:\Program Files\PuTTY\;C:\Program Files\nodejs;;C:\Users\Developer\AppData\Local\Programs\Microsoft VS Code\bin;C:\Users\Developer\AppData\Roaming\npm;F:\java-2022-03\eclipse;
USERNAME=Shanishg
OS=Windows_NT
PROCESSOR_IDENTIFIER=Intel64 Family 6 Model 60 Stepping 3, GenuineIntel



---------------  S Y S T E M  ---------------

OS:
 Windows 8.1 , 64 bit Build 9600 (6.3.9600.20778)
OS uptime: 1 days 3:00 hours

CPU: total 4 (initial active 4) (2 cores per cpu, 2 threads per core) family 6 model 60 stepping 3 microcode 0x1d, cx8, cmov, fxsr, ht, mmx, sse, sse2, sse3, ssse3, sse4.1, sse4.2, popcnt, lzcnt, tsc, tscinvbit, avx, avx2, aes, erms, clmul, bmi1, bmi2, fma, vzeroupper, clflush

Memory: 4k page, system-wide physical 8104M (1780M free)
TotalPageFile size 10445M (AvailPageFile size 3224M)
current process WorkingSet (physical memory assigned to process): 540M, peak: 541M
current process commit charge ("private bytes"): 572M, peak: 572M

vm_info: OpenJDK 64-Bit Server VM (18.0.1+10) for windows-amd64 JRE (18.0.1+10), built on Apr 20 2022 05:04:48 by "" with MS VC++ 16.7 (VS2019)

END.
