#
# A fatal error has been detected by the Java Runtime Environment:
#
#  EXCEPTION_ACCESS_VIOLATION (0xc0000005) at pc=0x00007ff90d6a7cca, pid=7480, tid=2600
#
# JRE version: OpenJDK Runtime Environment Temurin-18.0.1+10 (18.0.1+10) (build 18.0.1+10)
# Java VM: OpenJDK 64-Bit Server VM Temurin-18.0.1+10 (18.0.1+10, mixed mode, emulated-client, tiered, compressed oops, compressed class ptrs, g1 gc, windows-amd64)
# Problematic frame:
# V  [jvm.dll+0x7b7cca]
#
# No core dump will be written. Minidumps are not enabled by default on client versions of Windows
#
# If you would like to submit a bug report, please visit:
#   https://github.com/adoptium/adoptium-support/issues
#

---------------  S U M M A R Y ------------

Command Line: -XX:+ShowCodeDetailsInExceptionMessages -agentlib:jdwp=transport=dt_socket,suspend=y,address=localhost:53598 -Dcom.sun.management.jmxremote -Dcom.sun.management.jmxremote.port=53596 -Dcom.sun.management.jmxremote.authenticate=false -Dcom.sun.management.jmxremote.ssl=false -Djava.rmi.server.hostname=localhost -Dspring.jmx.enabled=true -Dspring.application.admin.enabled=true -XX:TieredStopAtLevel=1 -Dspring.boot.project.name=EwayCommonApi -javaagent:C:\Users\Admin\eclipse\jee-2021-062\eclipse\configuration\org.eclipse.osgi\1241\0\.cp\lib\javaagent-shaded.jar -Dfile.encoding=UTF-8 com.maan.eway.EwayCommonApiApplication --spring.output.ansi.enabled=always

Host: Intel(R) Core(TM) i5-6400 CPU @ 2.70GHz, 4 cores, 7G,  Windows 10 , 64 bit Build 19041 (10.0.19041.5438)
Time: Thu Apr  3 18:51:43 2025 India Standard Time elapsed time: 267.324955 seconds (0d 0h 4m 27s)

---------------  T H R E A D  ---------------

Current thread (0x000001a2caa9fe70):  JavaThread "JDWP Transport Listener: dt_socket" daemon [_thread_in_vm, id=2600, stack(0x0000004e71400000,0x0000004e71500000)]

Stack: [0x0000004e71400000,0x0000004e71500000],  sp=0x0000004e714ff3f0,  free space=1020k
Native frames: (J=compiled Java code, j=interpreted, Vv=VM code, C=native code)
V  [jvm.dll+0x7b7cca]
V  [jvm.dll+0x52ee8c]
V  [jvm.dll+0x4fc88b]
C  [jdwp.dll+0x22fe7]


siginfo: EXCEPTION_ACCESS_VIOLATION (0xc0000005), reading address 0x000000000312002c


Register to memory mapping:

RIP=0x00007ff90d6a7cca jvm.dll
RAX=0x0000000000000311 is an unknown value
RBX=0x000001a2ca84102c points into unknown readable memory: 74 3b 00 3b
RCX=0x0000000003120028 is an unknown value
RDX=0x000001a2d2d86fc0 points into unknown readable memory: 0x61616d2f6d6f634c | 4c 63 6f 6d 2f 6d 61 61
RSP=0x0000004e714ff3f0 is pointing into the stack for thread: 0x000001a2caa9fe70
RBP=0x000001a2caa972b0 points into unknown readable memory: 0x0043005000000002 | 02 00 00 00 50 00 43 00
RSI=0x0 is NULL
RDI=0xffffffffffffffff is an unknown value
R8 =0x000000000000082e is an unknown value
R9 =0x000000000000002f is an unknown value
R10=0x0000000000000800 is an unknown value
R11=0x0000004e714ff410 is pointing into the stack for thread: 0x000001a2caa9fe70
R12=0x0000004e714ff548 is pointing into the stack for thread: 0x000001a2caa9fe70
R13=0x0 is NULL
R14=0x0000000100fd6360 is a pointer to class: 
com.maan.eway.calculator.util.EndtCoverCalculator {0x0000000100fd6368}
 - instance size:     9
 - klass size:        76
 - access:            public synchronized 
 - state:             fully_initialized
 - name:              'com/maan/eway/calculator/util/EndtCoverCalculator'
 - super:             'com/maan/eway/calculator/util/CommonCalculator'
 - sub:               
 - arrays:            NULL
 - methods:           Array<T>(0x000001a2d244f698)
 - method ordering:   Array<T>(0x000001a2d24522d8)
 - default_methods:   Array<T>(0x000001a2d244a2f8)
 - default vtable indices:   Array<T>(0x000001a2d244a308)
 - local interfaces:  Array<T>(0x000001a2d2446eb0)
 - trans. interfaces: Array<T>(0x000001a2d2446eb0)
 - constants:         constant pool [880]/operands[105] {0x000001a2d2458008} for 'com/maan/eway/calculator/util/EndtCoverCalculator' cache=0x000001a2d24565b0
 - class loader data:  loader data: 0x000001a2ca8a49d0 for instance a 'jdk/internal/loader/ClassLoaders$AppClassLoader'{0x0000000081eba9e0}
 - source file:       'EndtCoverCalculator.java'
 - source debug extension:       SMAP
EndtCoverCalculator.java
Java
*S jdt
*F
1 EndtCoverCalculator.java
2 file:/E:/GIT/EwayCommonApi/target/classes/
*L
*E

 - class annotations:       Array<T>(0x0000000000000000)
 - class type annotations:  Array<T>(0x0000000000000000)
 - field annotations:       Array<T>(0x0000000000000000)
 - field type annotations:  Array<T>(0x0000000000000000)
 - generic signature: '
[error occurred during error reporting (printing register info), id 0xc0000005, EXCEPTION_ACCESS_VIOLATION (0xc0000005) at pc=0x00007ff90d6a88d6]

Registers:
RAX=0x0000000000000311, RBX=0x000001a2ca84102c, RCX=0x0000000003120028, RDX=0x000001a2d2d86fc0
RSP=0x0000004e714ff3f0, RBP=0x000001a2caa972b0, RSI=0x0000000000000000, RDI=0xffffffffffffffff
R8 =0x000000000000082e, R9 =0x000000000000002f, R10=0x0000000000000800, R11=0x0000004e714ff410
R12=0x0000004e714ff548, R13=0x0000000000000000, R14=0x0000000100fd6360, R15=0x0000004e714ff598
RIP=0x00007ff90d6a7cca, EFLAGS=0x0000000000010206

Top of Stack: (sp=0x0000004e714ff3f0)
0x0000004e714ff3f0:   0000000000000031 0000000100fd6360
0x0000004e714ff400:   000001a2caa9fe70 0000000000000000
0x0000004e714ff410:   ffffffffffffffff 00007ff90d41ee8c
0x0000004e714ff420:   000001a2ca84102c 000001a2caa972b0
0x0000004e714ff430:   0000000000000000 000001a2caaa0100
0x0000004e714ff440:   000001a2ca840fb0 00000000000003d8
0x0000004e714ff450:   000001a2ca840fc0 000001a2ca841398
0x0000004e714ff460:   0000000000000002 0000004e714ff548
0x0000004e714ff470:   0000000000000000 0000000000000000
0x0000004e714ff480:   000000009b8a6088 00007ff90d3ec88b
0x0000004e714ff490:   000001a2caa9fe70 0000004e714ff598
0x0000004e714ff4a0:   000001a2b6fff4c0 0000004e714ff598
0x0000004e714ff4b0:   000001a2caa9fe70 0000000000000000
0x0000004e714ff4c0:   000001a200000000 0000000000000000
0x0000004e714ff4d0:   000000000000000d 00007ff95a122fe7
0x0000004e714ff4e0:   0000004e714ff590 00007ff95a131640 

Instructions: (pc=0x00007ff90d6a7cca)
0x00007ff90d6a7bca:   48 8b f8 48 85 db 74 08 48 8b cb e8 b6 66 eb ff
0x00007ff90d6a7bda:   48 8b 5c 24 30 48 8b c7 48 83 c4 20 5f c3 8d 42
0x00007ff90d6a7bea:   06 83 ff 02 b9 08 00 00 00 0f 4e c1 45 33 c0 48
0x00007ff90d6a7bfa:   63 c8 48 83 c1 07 83 e1 f8 48 63 c9 41 8d 50 0b
0x00007ff90d6a7c0a:   48 83 c4 20 5f e9 3c ce 8f ff cc cc cc cc cc cc
0x00007ff90d6a7c1a:   cc cc cc cc cc cc 83 fa 02 8d 42 06 b9 08 00 00
0x00007ff90d6a7c2a:   00 4d 8b c8 0f 4e c1 48 63 c8 49 8b 40 18 48 83
0x00007ff90d6a7c3a:   c1 07 83 e1 f8 48 63 d1 49 8b 48 20 48 2b c8 48
0x00007ff90d6a7c4a:   3b ca 72 09 48 8d 0c 10 49 89 48 18 c3 45 33 c0
0x00007ff90d6a7c5a:   49 8b c9 e9 1e 2c 90 ff cc cc cc cc cc cc cc cc
0x00007ff90d6a7c6a:   cc cc cc cc cc cc 4c 8b d2 4c 8b d9 45 85 c0 7e
0x00007ff90d6a7c7a:   3c 44 0f b7 49 04 41 8d 40 ff 41 3b c1 44 0f 4c
0x00007ff90d6a7c8a:   c8 4d 63 c1 45 85 c9 7e 1f 48 8b c2 4c 2b da 49
0x00007ff90d6a7c9a:   8b d0 0f 1f 40 00 41 0f b6 4c 03 06 88 08 48 8d
0x00007ff90d6a7caa:   40 01 48 83 ea 01 75 ee 43 c6 04 10 00 49 8b c2
0x00007ff90d6a7cba:   c3 cc cc cc cc cc 48 89 5c 24 08 57 48 83 ec 20
0x00007ff90d6a7cca:   0f b7 59 04 48 8b f9 33 d2 48 8d 4b 01 e8 e4 9e
0x00007ff90d6a7cda:   f3 ff 0f b7 57 04 4c 8b c0 3b da 0f 42 d3 44 8b
0x00007ff90d6a7cea:   ca 85 d2 74 39 48 2b f8 0f 1f 40 00 66 66 0f 1f
0x00007ff90d6a7cfa:   84 00 00 00 00 00 0f b6 4c 07 06 88 08 48 ff c0
0x00007ff90d6a7d0a:   48 8b c8 49 2b c8 49 3b c9 7c eb 42 c6 04 02 00
0x00007ff90d6a7d1a:   49 8b c0 48 8b 5c 24 30 48 83 c4 20 5f c3 48 8b
0x00007ff90d6a7d2a:   5c 24 30 c6 04 02 00 48 83 c4 20 5f c3 cc cc cc
0x00007ff90d6a7d3a:   cc cc cc cc cc cc 4c 8b d1 45 85 c0 7e 6c 44 0f
0x00007ff90d6a7d4a:   b7 49 04 41 8d 40 ff 41 3b c1 44 0f 4c c8 4d 63
0x00007ff90d6a7d5a:   d9 45 85 c9 7e 22 48 8b ca 4c 2b d2 4d 8b c3 0f
0x00007ff90d6a7d6a:   1f 80 00 00 00 00 41 0f b6 44 0a 06 88 01 48 8d
0x00007ff90d6a7d7a:   49 01 49 83 e8 01 75 ee 41 c6 04 13 00 48 c7 c0
0x00007ff90d6a7d8a:   ff ff ff ff 66 90 48 ff c0 80 3c 02 00 75 f7 48
0x00007ff90d6a7d9a:   63 c8 85 c0 48 8b c2 7e 14 80 38 2f 75 03 c6 00
0x00007ff90d6a7daa:   2e 48 ff c0 48 83 e9 01 75 ef 48 8b c2 c3 cc cc
0x00007ff90d6a7dba:   cc cc cc cc cc cc 48 83 ec 28 e8 f7 fe ff ff 4c 


Stack slot to memory mapping:
stack at sp + 0 slots: 0x0000000000000031 is an unknown value
stack at sp + 1 slots: 0x0000000100fd6360 is a pointer to class: 
com.maan.eway.calculator.util.EndtCoverCalculator {0x0000000100fd6368}
 - instance size:     9
 - klass size:        76
 - access:            public synchronized 
 - state:             fully_initialized
 - name:              'com/maan/eway/calculator/util/EndtCoverCalculator'
 - super:             'com/maan/eway/calculator/util/CommonCalculator'
 - sub:               
 - arrays:            NULL
 - methods:           Array<T>(0x000001a2d244f698)
 - method ordering:   Array<T>(0x000001a2d24522d8)
 - default_methods:   Array<T>(0x000001a2d244a2f8)
 - default vtable indices:   Array<T>(0x000001a2d244a308)
 - local interfaces:  Array<T>(0x000001a2d2446eb0)
 - trans. interfaces: Array<T>(0x000001a2d2446eb0)
 - constants:         constant pool [880]/operands[105] {0x000001a2d2458008} for 'com/maan/eway/calculator/util/EndtCoverCalculator' cache=0x000001a2d24565b0
 - class loader data:  loader data: 0x000001a2ca8a49d0 for instance a 'jdk/internal/loader/ClassLoaders$AppClassLoader'{0x0000000081eba9e0}
 - source file:       'EndtCoverCalculator.java'
 - source debug extension:       SMAP
EndtCoverCalculator.java
Java
*S jdt
*F
1 EndtCoverCalculator.java
2 file:/E:/GIT/EwayCommonApi/target/classes/
*L
*E

 - class annotations:       Array<T>(0x0000000000000000)
 - class type annotations:  Array<T>(0x0000000000000000)
 - field annotations:       Array<T>(0x0000000000000000)
 - field type annotations:  Array<T>(0x0000000000000000)
 - generic signature: '
[error occurred during error reporting (inspecting top of stack), id 0xc0000005, EXCEPTION_ACCESS_VIOLATION (0xc0000005) at pc=0x00007ff90d6a88d6]


---------------  P R O C E S S  ---------------

Threads class SMR info:
_java_thread_list=0x000001a2d31de130, length=40, elements={
0x000001a2c64b3150, 0x000001a2c64b3f00, 0x000001a2c64dc420, 0x000001a2c64dccd0,
0x000001a2c64dd580, 0x000001a2c64dde30, 0x000001a2c64de820, 0x000001a2ca8202f0,
0x000001a2c6423940, 0x000001a2caa9fe70, 0x000001a2caab9440, 0x000001a2caabdb30,
0x000001a2cb5a4da0, 0x000001a2cb82d790, 0x000001a2cb856910, 0x000001a2cb86e740,
0x000001a2cb873440, 0x000001a2cb8e61d0, 0x000001a2cb918a30, 0x000001a2cce28a50,
0x000001a2cce280b0, 0x000001a2cce25f00, 0x000001a2cce27be0, 0x000001a2cce263d0,
0x000001a2d2974e70, 0x000001a2d2977e90, 0x000001a2d29749a0, 0x000001a2d29774f0,
0x000001a2d2978360, 0x000001a2d2978d00, 0x000001a2d29791d0, 0x000001a2d297a9e0,
0x000001a2d2975340, 0x000001a2d2976680, 0x000001a2d2975ce0, 0x000001a2d297a040,
0x000001a2d297aeb0, 0x000001a2d29761b0, 0x000001a2d29796a0, 0x000001a2d297b380
}

Java Threads: ( => current thread )
  0x000001a2c64b3150 JavaThread "Reference Handler" daemon [_thread_blocked, id=13028, stack(0x0000004e70900000,0x0000004e70a00000)]
  0x000001a2c64b3f00 JavaThread "Finalizer" daemon [_thread_blocked, id=3704, stack(0x0000004e70a00000,0x0000004e70b00000)]
  0x000001a2c64dc420 JavaThread "Signal Dispatcher" daemon [_thread_blocked, id=8688, stack(0x0000004e70b00000,0x0000004e70c00000)]
  0x000001a2c64dccd0 JavaThread "Attach Listener" daemon [_thread_blocked, id=456, stack(0x0000004e70c00000,0x0000004e70d00000)]
  0x000001a2c64dd580 JavaThread "Service Thread" daemon [_thread_blocked, id=11180, stack(0x0000004e70d00000,0x0000004e70e00000)]
  0x000001a2c64dde30 JavaThread "Monitor Deflation Thread" daemon [_thread_blocked, id=11688, stack(0x0000004e70e00000,0x0000004e70f00000)]
  0x000001a2c64de820 JavaThread "C1 CompilerThread0" daemon [_thread_blocked, id=12048, stack(0x0000004e70f00000,0x0000004e71000000)]
  0x000001a2ca8202f0 JavaThread "Sweeper thread" daemon [_thread_blocked, id=1872, stack(0x0000004e71000000,0x0000004e71100000)]
  0x000001a2c6423940 JavaThread "Common-Cleaner" daemon [_thread_blocked, id=11976, stack(0x0000004e71100000,0x0000004e71200000)]
=>0x000001a2caa9fe70 JavaThread "JDWP Transport Listener: dt_socket" daemon [_thread_in_vm, id=2600, stack(0x0000004e71400000,0x0000004e71500000)]
  0x000001a2caab9440 JavaThread "JDWP Event Helper Thread" daemon [_thread_blocked, id=12628, stack(0x0000004e71500000,0x0000004e71600000)]
  0x000001a2caabdb30 JavaThread "JDWP Command Reader" daemon [_thread_in_native, id=12296, stack(0x0000004e71600000,0x0000004e71700000)]
  0x000001a2cb5a4da0 JavaThread "Notification Thread" daemon [_thread_blocked, id=14196, stack(0x0000004e71a00000,0x0000004e71b00000)]
  0x000001a2cb82d790 JavaThread "RMI TCP Accept-0" daemon [_thread_in_native, id=10764, stack(0x0000004e71b00000,0x0000004e71c00000)]
  0x000001a2cb856910 JavaThread "RMI TCP Accept-53596" daemon [_thread_in_native, id=13764, stack(0x0000004e71c00000,0x0000004e71d00000)]
  0x000001a2cb86e740 JavaThread "RMI TCP Accept-0" daemon [_thread_in_native, id=6044, stack(0x0000004e71e00000,0x0000004e71f00000)]
  0x000001a2cb873440 JavaThread "RMI Scheduler(0)" daemon [_thread_blocked, id=6316, stack(0x0000004e72000000,0x0000004e72100000)]
  0x000001a2cb8e61d0 JavaThread "RMI TCP Connection(idle)" daemon [_thread_blocked, id=8452, stack(0x0000004e72100000,0x0000004e72200000)]
  0x000001a2cb918a30 JavaThread "JMX server connection timeout 24" daemon [_thread_blocked, id=3568, stack(0x0000004e72200000,0x0000004e72300000)]
  0x000001a2cce28a50 JavaThread "mysql-cj-abandoned-connection-cleanup" daemon [_thread_blocked, id=2168, stack(0x0000004e72400000,0x0000004e72500000)]
  0x000001a2cce280b0 JavaThread "HikariPool-1 housekeeper" daemon [_thread_blocked, id=11340, stack(0x0000004e72600000,0x0000004e72700000)]
  0x000001a2cce25f00 JavaThread "Catalina-utility-1" [_thread_blocked, id=8840, stack(0x0000004e72700000,0x0000004e72800000)]
  0x000001a2cce27be0 JavaThread "Catalina-utility-2" [_thread_blocked, id=13320, stack(0x0000004e72c00000,0x0000004e72d00000)]
  0x000001a2cce263d0 JavaThread "container-0" [_thread_blocked, id=9872, stack(0x0000004e72d00000,0x0000004e72e00000)]
  0x000001a2d2974e70 JavaThread "http-nio-8086-exec-1" daemon [_thread_blocked, id=5492, stack(0x0000004e72e00000,0x0000004e72f00000)]
  0x000001a2d2977e90 JavaThread "http-nio-8086-exec-2" daemon [_thread_blocked, id=13756, stack(0x0000004e72f00000,0x0000004e73000000)]
  0x000001a2d29749a0 JavaThread "http-nio-8086-exec-3" daemon [_thread_blocked, id=9388, stack(0x0000004e73000000,0x0000004e73100000)]
  0x000001a2d29774f0 JavaThread "http-nio-8086-exec-4" daemon [_thread_blocked, id=6796, stack(0x0000004e73100000,0x0000004e73200000)]
  0x000001a2d2978360 JavaThread "http-nio-8086-exec-5" daemon [_thread_blocked, id=3088, stack(0x0000004e73200000,0x0000004e73300000)]
  0x000001a2d2978d00 JavaThread "http-nio-8086-exec-6" daemon [_thread_blocked, id=12908, stack(0x0000004e73300000,0x0000004e73400000)]
  0x000001a2d29791d0 JavaThread "http-nio-8086-exec-7" daemon [_thread_blocked, id=12132, stack(0x0000004e73400000,0x0000004e73500000)]
  0x000001a2d297a9e0 JavaThread "http-nio-8086-exec-8" daemon [_thread_blocked, id=11396, stack(0x0000004e73500000,0x0000004e73600000)]
  0x000001a2d2975340 JavaThread "http-nio-8086-exec-9" daemon [_thread_blocked, id=2044, stack(0x0000004e73600000,0x0000004e73700000)]
  0x000001a2d2976680 JavaThread "http-nio-8086-exec-10" daemon [_thread_blocked, id=13704, stack(0x0000004e73700000,0x0000004e73800000)]
  0x000001a2d2975ce0 JavaThread "http-nio-8086-Poller" daemon [_thread_in_native, id=13448, stack(0x0000004e73800000,0x0000004e73900000)]
  0x000001a2d297a040 JavaThread "http-nio-8086-Acceptor" daemon [_thread_in_native, id=2240, stack(0x0000004e73900000,0x0000004e73a00000)]
  0x000001a2d297aeb0 JavaThread "DestroyJavaVM" [_thread_blocked, id=1816, stack(0x0000004e70200000,0x0000004e70300000)]
  0x000001a2d29761b0 JavaThread "cache2k-scheduler" daemon [_thread_blocked, id=5332, stack(0x0000004e70100000,0x0000004e70200000)]
  0x000001a2d29796a0 JavaThread "cache2k-scheduler" daemon [_thread_blocked, id=9948, stack(0x0000004e71200000,0x0000004e71300000)]
  0x000001a2d297b380 JavaThread "ForkJoinPool.commonPool-worker-2" daemon [_thread_blocked, id=12852, stack(0x0000004e70000000,0x0000004e70100000)]

Other Threads:
  0x000001a2c649ee70 VMThread "VM Thread" [stack: 0x0000004e70800000,0x0000004e70900000] [id=11048]
  0x000001a2cb82a280 WatcherThread "VM Periodic Task Thread" [stack: 0x0000004e71f00000,0x0000004e72000000] [id=9232]
  0x000001a2b706f8a0 WorkerThread "GC Thread#0" [stack: 0x0000004e70300000,0x0000004e70400000] [id=7196]
  0x000001a2cb4f04d0 WorkerThread "GC Thread#1" [stack: 0x0000004e71700000,0x0000004e71800000] [id=14300]
  0x000001a2cb4f0770 WorkerThread "GC Thread#2" [stack: 0x0000004e71800000,0x0000004e71900000] [id=4276]
  0x000001a2cb50a690 WorkerThread "GC Thread#3" [stack: 0x0000004e71900000,0x0000004e71a00000] [id=14016]
  0x000001a2b7080c90 ConcurrentGCThread "G1 Main Marker" [stack: 0x0000004e70400000,0x0000004e70500000] [id=8808]
  0x000001a2b7081590 WorkerThread "G1 Conc#0" [stack: 0x0000004e70500000,0x0000004e70600000] [id=3128]
  0x000001a2b70ae790 ConcurrentGCThread "G1 Refine#0" [stack: 0x0000004e70600000,0x0000004e70700000] [id=7120]
  0x000001a2cbf179d0 ConcurrentGCThread "G1 Refine#1" [stack: 0x0000004e72300000,0x0000004e72400000] [id=7400]
  0x000001a2cd964c90 ConcurrentGCThread "G1 Refine#2" [stack: 0x0000004e72800000,0x0000004e72900000] [id=8060]
  0x000001a2cd9665e0 ConcurrentGCThread "G1 Refine#3" [stack: 0x0000004e72900000,0x0000004e72a00000] [id=6048]
  0x000001a2c62f00f0 ConcurrentGCThread "G1 Service" [stack: 0x0000004e70700000,0x0000004e70800000] [id=14244]

Threads with active compile tasks:

VM state: not at safepoint (normal execution)

VM Mutex/Monitor currently owned by a thread: None

Heap address: 0x0000000081600000, size: 2026 MB, Compressed Oops mode: 32-bit

CDS archive(s) not mapped
Compressed class space mapped at: 0x0000000100000000-0x0000000140000000, reserved size: 1073741824
Narrow klass base: 0x0000000000000000, Narrow klass shift: 3, Narrow klass range: 0x140000000

GC Precious Log:
 CardTable entry size: 512
 Card Set container configuration: InlinePtr #cards 5 size 8 Array Of Cards #cards 12 size 40 Howl #buckets 4 coarsen threshold 1843 Howl Bitmap #cards 512 size 80 coarsen threshold 460 Card regions per heap region 1 cards per card region 2048
 CPUs: 4 total, 4 available
 Memory: 8102M
 Large Page Support: Disabled
 NUMA Support: Disabled
 Compressed Oops: Enabled (32-bit)
 Heap Region Size: 1M
 Heap Min Capacity: 8M
 Heap Initial Capacity: 128M
 Heap Max Capacity: 2026M
 Pre-touch: Disabled
 Parallel Workers: 4
 Concurrent Workers: 1
 Concurrent Refinement Workers: 4
 Periodic GC: Disabled

Heap:
 garbage-first heap   total 537600K, used 410624K [0x0000000081600000, 0x0000000100000000)
  region size 1024K, 119 young (121856K), 8 survivors (8192K)
 Metaspace       used 142173K, committed 143424K, reserved 1179648K
  class space    used 15616K, committed 16256K, reserved 1048576K

Heap Regions: E=young(eden), S=young(survivor), O=old, HS=humongous(starts), HC=humongous(continues), CS=collection set, F=free, OA=open archive, CA=closed archive, TAMS=top-at-mark-start (previous, next)
|   0|0x0000000081600000, 0x0000000081700000, 0x0000000081700000|100%|HS|  |TAMS 0x0000000081700000, 0x0000000081600000| Complete 
|   1|0x0000000081700000, 0x0000000081800000, 0x0000000081800000|100%| O|  |TAMS 0x0000000081800000, 0x0000000081700000| Untracked 
|   2|0x0000000081800000, 0x0000000081900000, 0x0000000081900000|100%| O|  |TAMS 0x0000000081900000, 0x0000000081800000| Untracked 
|   3|0x0000000081900000, 0x0000000081a00000, 0x0000000081a00000|100%| O|  |TAMS 0x0000000081a00000, 0x0000000081900000| Untracked 
|   4|0x0000000081a00000, 0x0000000081b00000, 0x0000000081b00000|100%| O|  |TAMS 0x0000000081b00000, 0x0000000081a00000| Untracked 
|   5|0x0000000081b00000, 0x0000000081c00000, 0x0000000081c00000|100%| O|  |TAMS 0x0000000081c00000, 0x0000000081b00000| Untracked 
|   6|0x0000000081c00000, 0x0000000081d00000, 0x0000000081d00000|100%| O|  |TAMS 0x0000000081d00000, 0x0000000081c00000| Untracked 
|   7|0x0000000081d00000, 0x0000000081e00000, 0x0000000081e00000|100%| O|  |TAMS 0x0000000081e00000, 0x0000000081d00000| Untracked 
|   8|0x0000000081e00000, 0x0000000081f00000, 0x0000000081f00000|100%| O|  |TAMS 0x0000000081f00000, 0x0000000081e00000| Untracked 
|   9|0x0000000081f00000, 0x0000000082000000, 0x0000000082000000|100%| O|  |TAMS 0x0000000082000000, 0x0000000081f00000| Untracked 
|  10|0x0000000082000000, 0x0000000082100000, 0x0000000082100000|100%| O|  |TAMS 0x0000000082100000, 0x0000000082000000| Untracked 
|  11|0x0000000082100000, 0x0000000082200000, 0x0000000082200000|100%| O|  |TAMS 0x0000000082200000, 0x0000000082100000| Untracked 
|  12|0x0000000082200000, 0x0000000082300000, 0x0000000082300000|100%| O|  |TAMS 0x0000000082300000, 0x0000000082200000| Untracked 
|  13|0x0000000082300000, 0x0000000082400000, 0x0000000082400000|100%| O|  |TAMS 0x0000000082400000, 0x0000000082300000| Untracked 
|  14|0x0000000082400000, 0x0000000082500000, 0x0000000082500000|100%| O|  |TAMS 0x0000000082500000, 0x0000000082400000| Untracked 
|  15|0x0000000082500000, 0x0000000082600000, 0x0000000082600000|100%| O|  |TAMS 0x0000000082600000, 0x0000000082500000| Untracked 
|  16|0x0000000082600000, 0x0000000082700000, 0x0000000082700000|100%| O|  |TAMS 0x0000000082700000, 0x0000000082600000| Untracked 
|  17|0x0000000082700000, 0x0000000082800000, 0x0000000082800000|100%| O|  |TAMS 0x0000000082800000, 0x0000000082700000| Untracked 
|  18|0x0000000082800000, 0x0000000082900000, 0x0000000082900000|100%| O|  |TAMS 0x0000000082900000, 0x0000000082800000| Untracked 
|  19|0x0000000082900000, 0x0000000082a00000, 0x0000000082a00000|100%| O|  |TAMS 0x0000000082a00000, 0x0000000082900000| Untracked 
|  20|0x0000000082a00000, 0x0000000082b00000, 0x0000000082b00000|100%| O|  |TAMS 0x0000000082b00000, 0x0000000082a00000| Untracked 
|  21|0x0000000082b00000, 0x0000000082c00000, 0x0000000082c00000|100%| O|  |TAMS 0x0000000082c00000, 0x0000000082b00000| Untracked 
|  22|0x0000000082c00000, 0x0000000082d00000, 0x0000000082d00000|100%| O|  |TAMS 0x0000000082d00000, 0x0000000082c00000| Untracked 
|  23|0x0000000082d00000, 0x0000000082e00000, 0x0000000082e00000|100%| O|  |TAMS 0x0000000082e00000, 0x0000000082d00000| Untracked 
|  24|0x0000000082e00000, 0x0000000082f00000, 0x0000000082f00000|100%| O|  |TAMS 0x0000000082f00000, 0x0000000082e00000| Untracked 
|  25|0x0000000082f00000, 0x0000000083000000, 0x0000000083000000|100%| O|  |TAMS 0x0000000083000000, 0x0000000082f00000| Untracked 
|  26|0x0000000083000000, 0x0000000083100000, 0x0000000083100000|100%| O|  |TAMS 0x0000000083100000, 0x0000000083000000| Untracked 
|  27|0x0000000083100000, 0x0000000083200000, 0x0000000083200000|100%| O|  |TAMS 0x0000000083200000, 0x0000000083100000| Untracked 
|  28|0x0000000083200000, 0x0000000083300000, 0x0000000083300000|100%| O|  |TAMS 0x0000000083300000, 0x0000000083200000| Untracked 
|  29|0x0000000083300000, 0x0000000083400000, 0x0000000083400000|100%| O|  |TAMS 0x0000000083400000, 0x0000000083300000| Untracked 
|  30|0x0000000083400000, 0x0000000083500000, 0x0000000083500000|100%| O|  |TAMS 0x0000000083500000, 0x0000000083400000| Untracked 
|  31|0x0000000083500000, 0x0000000083600000, 0x0000000083600000|100%| O|  |TAMS 0x0000000083600000, 0x0000000083500000| Untracked 
|  32|0x0000000083600000, 0x0000000083700000, 0x0000000083700000|100%| O|  |TAMS 0x0000000083700000, 0x0000000083600000| Untracked 
|  33|0x0000000083700000, 0x0000000083800000, 0x0000000083800000|100%| O|  |TAMS 0x0000000083800000, 0x0000000083700000| Untracked 
|  34|0x0000000083800000, 0x0000000083900000, 0x0000000083900000|100%| O|  |TAMS 0x0000000083900000, 0x0000000083800000| Untracked 
|  35|0x0000000083900000, 0x0000000083a00000, 0x0000000083a00000|100%| O|  |TAMS 0x0000000083a00000, 0x0000000083900000| Untracked 
|  36|0x0000000083a00000, 0x0000000083b00000, 0x0000000083b00000|100%| O|  |TAMS 0x0000000083a00000, 0x0000000083a00000| Untracked 
|  37|0x0000000083b00000, 0x0000000083c00000, 0x0000000083c00000|100%| O|  |TAMS 0x0000000083c00000, 0x0000000083b00000| Untracked 
|  38|0x0000000083c00000, 0x0000000083d00000, 0x0000000083d00000|100%| O|  |TAMS 0x0000000083d00000, 0x0000000083c00000| Untracked 
|  39|0x0000000083d00000, 0x0000000083e00000, 0x0000000083e00000|100%| O|  |TAMS 0x0000000083e00000, 0x0000000083d00000| Untracked 
|  40|0x0000000083e00000, 0x0000000083f00000, 0x0000000083f00000|100%| O|  |TAMS 0x0000000083f00000, 0x0000000083e00000| Untracked 
|  41|0x0000000083f00000, 0x0000000084000000, 0x0000000084000000|100%| O|  |TAMS 0x0000000084000000, 0x0000000083f00000| Untracked 
|  42|0x0000000084000000, 0x0000000084100000, 0x0000000084100000|100%| O|  |TAMS 0x0000000084100000, 0x0000000084000000| Untracked 
|  43|0x0000000084100000, 0x0000000084200000, 0x0000000084200000|100%| O|  |TAMS 0x0000000084200000, 0x0000000084100000| Untracked 
|  44|0x0000000084200000, 0x0000000084300000, 0x0000000084300000|100%| O|  |TAMS 0x0000000084300000, 0x0000000084200000| Untracked 
|  45|0x0000000084300000, 0x0000000084400000, 0x0000000084400000|100%| O|  |TAMS 0x0000000084400000, 0x0000000084300000| Untracked 
|  46|0x0000000084400000, 0x0000000084500000, 0x0000000084500000|100%| O|  |TAMS 0x0000000084500000, 0x0000000084400000| Untracked 
|  47|0x0000000084500000, 0x0000000084600000, 0x0000000084600000|100%| O|  |TAMS 0x0000000084600000, 0x0000000084500000| Untracked 
|  48|0x0000000084600000, 0x0000000084700000, 0x0000000084700000|100%| O|  |TAMS 0x0000000084700000, 0x0000000084600000| Untracked 
|  49|0x0000000084700000, 0x0000000084800000, 0x0000000084800000|100%| O|  |TAMS 0x0000000084800000, 0x0000000084700000| Untracked 
|  50|0x0000000084800000, 0x0000000084900000, 0x0000000084900000|100%| O|  |TAMS 0x0000000084900000, 0x0000000084800000| Untracked 
|  51|0x0000000084900000, 0x0000000084a00000, 0x0000000084a00000|100%| O|  |TAMS 0x0000000084a00000, 0x0000000084900000| Untracked 
|  52|0x0000000084a00000, 0x0000000084b00000, 0x0000000084b00000|100%| O|  |TAMS 0x0000000084b00000, 0x0000000084a00000| Untracked 
|  53|0x0000000084b00000, 0x0000000084c00000, 0x0000000084c00000|100%| O|  |TAMS 0x0000000084c00000, 0x0000000084b00000| Untracked 
|  54|0x0000000084c00000, 0x0000000084d00000, 0x0000000084d00000|100%| O|  |TAMS 0x0000000084d00000, 0x0000000084c00000| Untracked 
|  55|0x0000000084d00000, 0x0000000084e00000, 0x0000000084e00000|100%| O|  |TAMS 0x0000000084e00000, 0x0000000084d00000| Untracked 
|  56|0x0000000084e00000, 0x0000000084f00000, 0x0000000084f00000|100%| O|  |TAMS 0x0000000084f00000, 0x0000000084e00000| Untracked 
|  57|0x0000000084f00000, 0x0000000085000000, 0x0000000085000000|100%| O|  |TAMS 0x0000000085000000, 0x0000000084f00000| Untracked 
|  58|0x0000000085000000, 0x0000000085100000, 0x0000000085100000|100%| O|  |TAMS 0x0000000085100000, 0x0000000085000000| Untracked 
|  59|0x0000000085100000, 0x0000000085200000, 0x0000000085200000|100%| O|  |TAMS 0x0000000085200000, 0x0000000085100000| Untracked 
|  60|0x0000000085200000, 0x0000000085300000, 0x0000000085300000|100%| O|  |TAMS 0x0000000085300000, 0x0000000085200000| Untracked 
|  61|0x0000000085300000, 0x0000000085400000, 0x0000000085400000|100%| O|  |TAMS 0x0000000085400000, 0x0000000085300000| Untracked 
|  62|0x0000000085400000, 0x0000000085500000, 0x0000000085500000|100%| O|  |TAMS 0x0000000085500000, 0x0000000085400000| Untracked 
|  63|0x0000000085500000, 0x0000000085600000, 0x0000000085600000|100%| O|  |TAMS 0x0000000085600000, 0x0000000085500000| Untracked 
|  64|0x0000000085600000, 0x0000000085700000, 0x0000000085700000|100%| O|  |TAMS 0x0000000085700000, 0x0000000085600000| Untracked 
|  65|0x0000000085700000, 0x0000000085800000, 0x0000000085800000|100%| O|  |TAMS 0x0000000085800000, 0x0000000085700000| Untracked 
|  66|0x0000000085800000, 0x0000000085900000, 0x0000000085900000|100%| O|  |TAMS 0x0000000085900000, 0x0000000085800000| Untracked 
|  67|0x0000000085900000, 0x0000000085a00000, 0x0000000085a00000|100%| O|  |TAMS 0x0000000085a00000, 0x0000000085900000| Untracked 
|  68|0x0000000085a00000, 0x0000000085b00000, 0x0000000085b00000|100%| O|  |TAMS 0x0000000085b00000, 0x0000000085a00000| Untracked 
|  69|0x0000000085b00000, 0x0000000085c00000, 0x0000000085c00000|100%| O|  |TAMS 0x0000000085c00000, 0x0000000085b00000| Untracked 
|  70|0x0000000085c00000, 0x0000000085d00000, 0x0000000085d00000|100%| O|  |TAMS 0x0000000085d00000, 0x0000000085c00000| Untracked 
|  71|0x0000000085d00000, 0x0000000085e00000, 0x0000000085e00000|100%| O|  |TAMS 0x0000000085e00000, 0x0000000085d00000| Untracked 
|  72|0x0000000085e00000, 0x0000000085f00000, 0x0000000085f00000|100%| O|  |TAMS 0x0000000085f00000, 0x0000000085e00000| Untracked 
|  73|0x0000000085f00000, 0x0000000086000000, 0x0000000086000000|100%| O|  |TAMS 0x0000000086000000, 0x0000000085f00000| Untracked 
|  74|0x0000000086000000, 0x0000000086100000, 0x0000000086100000|100%| O|  |TAMS 0x0000000086100000, 0x0000000086000000| Untracked 
|  75|0x0000000086100000, 0x0000000086200000, 0x0000000086200000|100%| O|  |TAMS 0x0000000086200000, 0x0000000086100000| Untracked 
|  76|0x0000000086200000, 0x0000000086300000, 0x0000000086300000|100%| O|  |TAMS 0x0000000086300000, 0x0000000086200000| Untracked 
|  77|0x0000000086300000, 0x0000000086400000, 0x0000000086400000|100%| O|  |TAMS 0x0000000086400000, 0x0000000086300000| Untracked 
|  78|0x0000000086400000, 0x0000000086500000, 0x0000000086500000|100%| O|  |TAMS 0x0000000086500000, 0x0000000086400000| Untracked 
|  79|0x0000000086500000, 0x0000000086600000, 0x0000000086600000|100%| O|  |TAMS 0x0000000086600000, 0x0000000086500000| Untracked 
|  80|0x0000000086600000, 0x0000000086700000, 0x0000000086700000|100%| O|  |TAMS 0x0000000086700000, 0x0000000086600000| Untracked 
|  81|0x0000000086700000, 0x0000000086800000, 0x0000000086800000|100%| O|  |TAMS 0x0000000086700000, 0x0000000086700000| Untracked 
|  82|0x0000000086800000, 0x0000000086900000, 0x0000000086900000|100%| O|  |TAMS 0x0000000086900000, 0x0000000086800000| Untracked 
|  83|0x0000000086900000, 0x0000000086a00000, 0x0000000086a00000|100%| O|  |TAMS 0x0000000086a00000, 0x0000000086900000| Untracked 
|  84|0x0000000086a00000, 0x0000000086b00000, 0x0000000086b00000|100%| O|  |TAMS 0x0000000086b00000, 0x0000000086a00000| Untracked 
|  85|0x0000000086b00000, 0x0000000086c00000, 0x0000000086c00000|100%| O|  |TAMS 0x0000000086c00000, 0x0000000086b00000| Untracked 
|  86|0x0000000086c00000, 0x0000000086d00000, 0x0000000086d00000|100%| O|  |TAMS 0x0000000086d00000, 0x0000000086c00000| Untracked 
|  87|0x0000000086d00000, 0x0000000086e00000, 0x0000000086e00000|100%| O|  |TAMS 0x0000000086e00000, 0x0000000086d00000| Untracked 
|  88|0x0000000086e00000, 0x0000000086f00000, 0x0000000086f00000|100%| O|  |TAMS 0x0000000086e00000, 0x0000000086e00000| Untracked 
|  89|0x0000000086f00000, 0x0000000087000000, 0x0000000087000000|100%| O|  |TAMS 0x0000000086f00000, 0x0000000086f00000| Untracked 
|  90|0x0000000087000000, 0x0000000087100000, 0x0000000087100000|100%| O|  |TAMS 0x0000000087100000, 0x0000000087000000| Untracked 
|  91|0x0000000087100000, 0x0000000087200000, 0x0000000087200000|100%| O|  |TAMS 0x0000000087200000, 0x0000000087100000| Untracked 
|  92|0x0000000087200000, 0x0000000087300000, 0x0000000087300000|100%| O|  |TAMS 0x0000000087300000, 0x0000000087200000| Untracked 
|  93|0x0000000087300000, 0x0000000087400000, 0x0000000087400000|100%| O|  |TAMS 0x0000000087400000, 0x0000000087300000| Untracked 
|  94|0x0000000087400000, 0x0000000087500000, 0x0000000087500000|100%| O|  |TAMS 0x0000000087500000, 0x0000000087400000| Untracked 
|  95|0x0000000087500000, 0x0000000087600000, 0x0000000087600000|100%| O|  |TAMS 0x0000000087600000, 0x0000000087500000| Untracked 
|  96|0x0000000087600000, 0x0000000087700000, 0x0000000087700000|100%| O|  |TAMS 0x0000000087700000, 0x0000000087600000| Untracked 
|  97|0x0000000087700000, 0x0000000087800000, 0x0000000087800000|100%| O|  |TAMS 0x0000000087800000, 0x0000000087700000| Untracked 
|  98|0x0000000087800000, 0x0000000087900000, 0x0000000087900000|100%| O|  |TAMS 0x0000000087900000, 0x0000000087800000| Untracked 
|  99|0x0000000087900000, 0x0000000087a00000, 0x0000000087a00000|100%| O|  |TAMS 0x0000000087a00000, 0x0000000087900000| Untracked 
| 100|0x0000000087a00000, 0x0000000087b00000, 0x0000000087b00000|100%| O|  |TAMS 0x0000000087b00000, 0x0000000087a00000| Untracked 
| 101|0x0000000087b00000, 0x0000000087c00000, 0x0000000087c00000|100%| O|  |TAMS 0x0000000087c00000, 0x0000000087b00000| Untracked 
| 102|0x0000000087c00000, 0x0000000087d00000, 0x0000000087d00000|100%| O|  |TAMS 0x0000000087d00000, 0x0000000087c00000| Untracked 
| 103|0x0000000087d00000, 0x0000000087e00000, 0x0000000087e00000|100%| O|  |TAMS 0x0000000087e00000, 0x0000000087d00000| Untracked 
| 104|0x0000000087e00000, 0x0000000087f00000, 0x0000000087f00000|100%| O|  |TAMS 0x0000000087f00000, 0x0000000087e00000| Untracked 
| 105|0x0000000087f00000, 0x0000000088000000, 0x0000000088000000|100%| O|  |TAMS 0x0000000088000000, 0x0000000087f00000| Untracked 
| 106|0x0000000088000000, 0x0000000088100000, 0x0000000088100000|100%| O|  |TAMS 0x0000000088100000, 0x0000000088000000| Untracked 
| 107|0x0000000088100000, 0x0000000088200000, 0x0000000088200000|100%| O|  |TAMS 0x0000000088200000, 0x0000000088100000| Untracked 
| 108|0x0000000088200000, 0x0000000088300000, 0x0000000088300000|100%| O|  |TAMS 0x0000000088300000, 0x0000000088200000| Untracked 
| 109|0x0000000088300000, 0x0000000088400000, 0x0000000088400000|100%| O|  |TAMS 0x0000000088400000, 0x0000000088300000| Untracked 
| 110|0x0000000088400000, 0x0000000088500000, 0x0000000088500000|100%| O|  |TAMS 0x0000000088500000, 0x0000000088400000| Untracked 
| 111|0x0000000088500000, 0x0000000088600000, 0x0000000088600000|100%| O|  |TAMS 0x0000000088600000, 0x0000000088500000| Untracked 
| 112|0x0000000088600000, 0x0000000088700000, 0x0000000088700000|100%| O|  |TAMS 0x0000000088636400, 0x0000000088600000| Untracked 
| 113|0x0000000088700000, 0x0000000088800000, 0x0000000088800000|100%| O|  |TAMS 0x0000000088700000, 0x0000000088700000| Untracked 
| 114|0x0000000088800000, 0x0000000088900000, 0x0000000088900000|100%| O|  |TAMS 0x0000000088800000, 0x0000000088800000| Untracked 
| 115|0x0000000088900000, 0x0000000088a00000, 0x0000000088a00000|100%| O|  |TAMS 0x0000000088900000, 0x0000000088900000| Untracked 
| 116|0x0000000088a00000, 0x0000000088b00000, 0x0000000088b00000|100%| O|  |TAMS 0x0000000088a00000, 0x0000000088a00000| Untracked 
| 117|0x0000000088b00000, 0x0000000088c00000, 0x0000000088c00000|100%| O|  |TAMS 0x0000000088b00000, 0x0000000088b00000| Untracked 
| 118|0x0000000088c00000, 0x0000000088d00000, 0x0000000088d00000|100%| O|  |TAMS 0x0000000088c00000, 0x0000000088c00000| Untracked 
| 119|0x0000000088d00000, 0x0000000088e00000, 0x0000000088e00000|100%| O|  |TAMS 0x0000000088d00000, 0x0000000088d00000| Untracked 
| 120|0x0000000088e00000, 0x0000000088f00000, 0x0000000088f00000|100%| O|  |TAMS 0x0000000088e00000, 0x0000000088e00000| Untracked 
| 121|0x0000000088f00000, 0x0000000089000000, 0x0000000089000000|100%| O|  |TAMS 0x0000000088f00000, 0x0000000088f00000| Untracked 
| 122|0x0000000089000000, 0x0000000089100000, 0x0000000089100000|100%| O|  |TAMS 0x0000000089000000, 0x0000000089000000| Untracked 
| 123|0x0000000089100000, 0x0000000089200000, 0x0000000089200000|100%| O|  |TAMS 0x0000000089100000, 0x0000000089100000| Untracked 
| 124|0x0000000089200000, 0x0000000089300000, 0x0000000089300000|100%| O|  |TAMS 0x0000000089200000, 0x0000000089200000| Untracked 
| 125|0x0000000089300000, 0x0000000089400000, 0x0000000089400000|100%| O|  |TAMS 0x0000000089300000, 0x0000000089300000| Untracked 
| 126|0x0000000089400000, 0x0000000089500000, 0x0000000089500000|100%| O|  |TAMS 0x0000000089400000, 0x0000000089400000| Untracked 
| 127|0x0000000089500000, 0x0000000089600000, 0x0000000089600000|100%| O|  |TAMS 0x0000000089500000, 0x0000000089500000| Untracked 
| 128|0x0000000089600000, 0x0000000089700000, 0x0000000089700000|100%| O|  |TAMS 0x0000000089600000, 0x0000000089600000| Untracked 
| 129|0x0000000089700000, 0x0000000089800000, 0x0000000089800000|100%| O|  |TAMS 0x0000000089700000, 0x0000000089700000| Untracked 
| 130|0x0000000089800000, 0x0000000089900000, 0x0000000089900000|100%| O|  |TAMS 0x0000000089800000, 0x0000000089800000| Untracked 
| 131|0x0000000089900000, 0x0000000089a00000, 0x0000000089a00000|100%| O|  |TAMS 0x0000000089900000, 0x0000000089900000| Untracked 
| 132|0x0000000089a00000, 0x0000000089b00000, 0x0000000089b00000|100%| O|  |TAMS 0x0000000089a00000, 0x0000000089a00000| Untracked 
| 133|0x0000000089b00000, 0x0000000089c00000, 0x0000000089c00000|100%| O|  |TAMS 0x0000000089b00000, 0x0000000089b00000| Untracked 
| 134|0x0000000089c00000, 0x0000000089d00000, 0x0000000089d00000|100%| O|  |TAMS 0x0000000089c00000, 0x0000000089c00000| Untracked 
| 135|0x0000000089d00000, 0x0000000089e00000, 0x0000000089e00000|100%| O|  |TAMS 0x0000000089d00000, 0x0000000089d00000| Untracked 
| 136|0x0000000089e00000, 0x0000000089f00000, 0x0000000089f00000|100%| O|  |TAMS 0x0000000089e00000, 0x0000000089e00000| Untracked 
| 137|0x0000000089f00000, 0x000000008a000000, 0x000000008a000000|100%| O|  |TAMS 0x0000000089f00000, 0x0000000089f00000| Untracked 
| 138|0x000000008a000000, 0x000000008a100000, 0x000000008a100000|100%| O|  |TAMS 0x000000008a000000, 0x000000008a000000| Untracked 
| 139|0x000000008a100000, 0x000000008a200000, 0x000000008a200000|100%| O|  |TAMS 0x000000008a100000, 0x000000008a100000| Untracked 
| 140|0x000000008a200000, 0x000000008a300000, 0x000000008a300000|100%| O|  |TAMS 0x000000008a200000, 0x000000008a200000| Untracked 
| 141|0x000000008a300000, 0x000000008a400000, 0x000000008a400000|100%| O|  |TAMS 0x000000008a300000, 0x000000008a300000| Untracked 
| 142|0x000000008a400000, 0x000000008a500000, 0x000000008a500000|100%| O|  |TAMS 0x000000008a400000, 0x000000008a400000| Untracked 
| 143|0x000000008a500000, 0x000000008a600000, 0x000000008a600000|100%| O|  |TAMS 0x000000008a500000, 0x000000008a500000| Untracked 
| 144|0x000000008a600000, 0x000000008a700000, 0x000000008a700000|100%| O|  |TAMS 0x000000008a600000, 0x000000008a600000| Untracked 
| 145|0x000000008a700000, 0x000000008a800000, 0x000000008a800000|100%| O|  |TAMS 0x000000008a700000, 0x000000008a700000| Untracked 
| 146|0x000000008a800000, 0x000000008a900000, 0x000000008a900000|100%| O|  |TAMS 0x000000008a800000, 0x000000008a800000| Untracked 
| 147|0x000000008a900000, 0x000000008aa00000, 0x000000008aa00000|100%| O|  |TAMS 0x000000008a900000, 0x000000008a900000| Untracked 
| 148|0x000000008aa00000, 0x000000008ab00000, 0x000000008ab00000|100%| O|  |TAMS 0x000000008aa00000, 0x000000008aa00000| Untracked 
| 149|0x000000008ab00000, 0x000000008ac00000, 0x000000008ac00000|100%| O|  |TAMS 0x000000008ab00000, 0x000000008ab00000| Untracked 
| 150|0x000000008ac00000, 0x000000008ad00000, 0x000000008ad00000|100%| O|  |TAMS 0x000000008ac00000, 0x000000008ac00000| Untracked 
| 151|0x000000008ad00000, 0x000000008ae00000, 0x000000008ae00000|100%| O|  |TAMS 0x000000008ad00000, 0x000000008ad00000| Untracked 
| 152|0x000000008ae00000, 0x000000008af00000, 0x000000008af00000|100%| O|  |TAMS 0x000000008ae00000, 0x000000008ae00000| Untracked 
| 153|0x000000008af00000, 0x000000008b000000, 0x000000008b000000|100%| O|  |TAMS 0x000000008af00000, 0x000000008af00000| Untracked 
| 154|0x000000008b000000, 0x000000008b100000, 0x000000008b100000|100%| O|  |TAMS 0x000000008b000000, 0x000000008b000000| Untracked 
| 155|0x000000008b100000, 0x000000008b200000, 0x000000008b200000|100%| O|  |TAMS 0x000000008b100000, 0x000000008b100000| Untracked 
| 156|0x000000008b200000, 0x000000008b300000, 0x000000008b300000|100%| O|  |TAMS 0x000000008b200000, 0x000000008b200000| Untracked 
| 157|0x000000008b300000, 0x000000008b400000, 0x000000008b400000|100%| O|  |TAMS 0x000000008b300000, 0x000000008b300000| Untracked 
| 158|0x000000008b400000, 0x000000008b500000, 0x000000008b500000|100%| O|  |TAMS 0x000000008b400000, 0x000000008b400000| Untracked 
| 159|0x000000008b500000, 0x000000008b600000, 0x000000008b600000|100%| O|  |TAMS 0x000000008b500000, 0x000000008b500000| Untracked 
| 160|0x000000008b600000, 0x000000008b700000, 0x000000008b700000|100%| O|  |TAMS 0x000000008b600000, 0x000000008b600000| Untracked 
| 161|0x000000008b700000, 0x000000008b800000, 0x000000008b800000|100%| O|  |TAMS 0x000000008b700000, 0x000000008b700000| Untracked 
| 162|0x000000008b800000, 0x000000008b900000, 0x000000008b900000|100%| O|  |TAMS 0x000000008b800000, 0x000000008b800000| Untracked 
| 163|0x000000008b900000, 0x000000008ba00000, 0x000000008ba00000|100%| O|  |TAMS 0x000000008b900000, 0x000000008b900000| Untracked 
| 164|0x000000008ba00000, 0x000000008bb00000, 0x000000008bb00000|100%| O|  |TAMS 0x000000008ba00000, 0x000000008ba00000| Untracked 
| 165|0x000000008bb00000, 0x000000008bc00000, 0x000000008bc00000|100%| O|  |TAMS 0x000000008bb00000, 0x000000008bb00000| Untracked 
| 166|0x000000008bc00000, 0x000000008bd00000, 0x000000008bd00000|100%| O|  |TAMS 0x000000008bc00000, 0x000000008bc00000| Untracked 
| 167|0x000000008bd00000, 0x000000008be00000, 0x000000008be00000|100%| O|  |TAMS 0x000000008bd00000, 0x000000008bd00000| Untracked 
| 168|0x000000008be00000, 0x000000008bf00000, 0x000000008bf00000|100%| O|  |TAMS 0x000000008be00000, 0x000000008be00000| Untracked 
| 169|0x000000008bf00000, 0x000000008c000000, 0x000000008c000000|100%| O|  |TAMS 0x000000008bf00000, 0x000000008bf00000| Untracked 
| 170|0x000000008c000000, 0x000000008c100000, 0x000000008c100000|100%| O|  |TAMS 0x000000008c000000, 0x000000008c000000| Untracked 
| 171|0x000000008c100000, 0x000000008c200000, 0x000000008c200000|100%| O|  |TAMS 0x000000008c100000, 0x000000008c100000| Untracked 
| 172|0x000000008c200000, 0x000000008c300000, 0x000000008c300000|100%| O|  |TAMS 0x000000008c200000, 0x000000008c200000| Untracked 
| 173|0x000000008c300000, 0x000000008c400000, 0x000000008c400000|100%| O|  |TAMS 0x000000008c300000, 0x000000008c300000| Untracked 
| 174|0x000000008c400000, 0x000000008c500000, 0x000000008c500000|100%| O|  |TAMS 0x000000008c400000, 0x000000008c400000| Untracked 
| 175|0x000000008c500000, 0x000000008c600000, 0x000000008c600000|100%| O|  |TAMS 0x000000008c500000, 0x000000008c500000| Untracked 
| 176|0x000000008c600000, 0x000000008c700000, 0x000000008c700000|100%| O|  |TAMS 0x000000008c600000, 0x000000008c600000| Untracked 
| 177|0x000000008c700000, 0x000000008c800000, 0x000000008c800000|100%| O|  |TAMS 0x000000008c700000, 0x000000008c700000| Untracked 
| 178|0x000000008c800000, 0x000000008c900000, 0x000000008c900000|100%| O|  |TAMS 0x000000008c800000, 0x000000008c800000| Untracked 
| 179|0x000000008c900000, 0x000000008ca00000, 0x000000008ca00000|100%| O|  |TAMS 0x000000008c900000, 0x000000008c900000| Untracked 
| 180|0x000000008ca00000, 0x000000008cb00000, 0x000000008cb00000|100%| O|  |TAMS 0x000000008ca00000, 0x000000008ca00000| Untracked 
| 181|0x000000008cb00000, 0x000000008cc00000, 0x000000008cc00000|100%| O|  |TAMS 0x000000008cb00000, 0x000000008cb00000| Untracked 
| 182|0x000000008cc00000, 0x000000008cd00000, 0x000000008cd00000|100%| O|  |TAMS 0x000000008cc00000, 0x000000008cc00000| Untracked 
| 183|0x000000008cd00000, 0x000000008ce00000, 0x000000008ce00000|100%| O|  |TAMS 0x000000008cd00000, 0x000000008cd00000| Untracked 
| 184|0x000000008ce00000, 0x000000008cf00000, 0x000000008cf00000|100%| O|  |TAMS 0x000000008ce00000, 0x000000008ce00000| Untracked 
| 185|0x000000008cf00000, 0x000000008d000000, 0x000000008d000000|100%| O|  |TAMS 0x000000008cf00000, 0x000000008cf00000| Untracked 
| 186|0x000000008d000000, 0x000000008d100000, 0x000000008d100000|100%| O|  |TAMS 0x000000008d000000, 0x000000008d000000| Untracked 
| 187|0x000000008d100000, 0x000000008d200000, 0x000000008d200000|100%| O|  |TAMS 0x000000008d100000, 0x000000008d100000| Untracked 
| 188|0x000000008d200000, 0x000000008d300000, 0x000000008d300000|100%| O|  |TAMS 0x000000008d200000, 0x000000008d200000| Untracked 
| 189|0x000000008d300000, 0x000000008d400000, 0x000000008d400000|100%| O|  |TAMS 0x000000008d300000, 0x000000008d300000| Untracked 
| 190|0x000000008d400000, 0x000000008d500000, 0x000000008d500000|100%| O|  |TAMS 0x000000008d400000, 0x000000008d400000| Untracked 
| 191|0x000000008d500000, 0x000000008d600000, 0x000000008d600000|100%| O|  |TAMS 0x000000008d500000, 0x000000008d500000| Untracked 
| 192|0x000000008d600000, 0x000000008d700000, 0x000000008d700000|100%| O|  |TAMS 0x000000008d600000, 0x000000008d600000| Untracked 
| 193|0x000000008d700000, 0x000000008d800000, 0x000000008d800000|100%| O|  |TAMS 0x000000008d700000, 0x000000008d700000| Untracked 
| 194|0x000000008d800000, 0x000000008d900000, 0x000000008d900000|100%| O|  |TAMS 0x000000008d800000, 0x000000008d800000| Untracked 
| 195|0x000000008d900000, 0x000000008da00000, 0x000000008da00000|100%| O|  |TAMS 0x000000008d900000, 0x000000008d900000| Untracked 
| 196|0x000000008da00000, 0x000000008db00000, 0x000000008db00000|100%| O|  |TAMS 0x000000008da00000, 0x000000008da00000| Untracked 
| 197|0x000000008db00000, 0x000000008dc00000, 0x000000008dc00000|100%| O|  |TAMS 0x000000008db00000, 0x000000008db00000| Untracked 
| 198|0x000000008dc00000, 0x000000008dd00000, 0x000000008dd00000|100%| O|  |TAMS 0x000000008dc00000, 0x000000008dc00000| Untracked 
| 199|0x000000008dd00000, 0x000000008de00000, 0x000000008de00000|100%| O|  |TAMS 0x000000008dd00000, 0x000000008dd00000| Untracked 
| 200|0x000000008de00000, 0x000000008df00000, 0x000000008df00000|100%| O|  |TAMS 0x000000008de00000, 0x000000008de00000| Untracked 
| 201|0x000000008df00000, 0x000000008e000000, 0x000000008e000000|100%| O|  |TAMS 0x000000008df00000, 0x000000008df00000| Untracked 
| 202|0x000000008e000000, 0x000000008e100000, 0x000000008e100000|100%| O|  |TAMS 0x000000008e000000, 0x000000008e000000| Untracked 
| 203|0x000000008e100000, 0x000000008e200000, 0x000000008e200000|100%| O|  |TAMS 0x000000008e100000, 0x000000008e100000| Untracked 
| 204|0x000000008e200000, 0x000000008e300000, 0x000000008e300000|100%| O|  |TAMS 0x000000008e200000, 0x000000008e200000| Untracked 
| 205|0x000000008e300000, 0x000000008e400000, 0x000000008e400000|100%| O|  |TAMS 0x000000008e300000, 0x000000008e300000| Untracked 
| 206|0x000000008e400000, 0x000000008e500000, 0x000000008e500000|100%| O|  |TAMS 0x000000008e400000, 0x000000008e400000| Untracked 
| 207|0x000000008e500000, 0x000000008e600000, 0x000000008e600000|100%| O|  |TAMS 0x000000008e500000, 0x000000008e500000| Untracked 
| 208|0x000000008e600000, 0x000000008e700000, 0x000000008e700000|100%| O|  |TAMS 0x000000008e600000, 0x000000008e600000| Untracked 
| 209|0x000000008e700000, 0x000000008e800000, 0x000000008e800000|100%| O|  |TAMS 0x000000008e700000, 0x000000008e700000| Untracked 
| 210|0x000000008e800000, 0x000000008e900000, 0x000000008e900000|100%| O|  |TAMS 0x000000008e800000, 0x000000008e800000| Untracked 
| 211|0x000000008e900000, 0x000000008ea00000, 0x000000008ea00000|100%| O|  |TAMS 0x000000008e900000, 0x000000008e900000| Untracked 
| 212|0x000000008ea00000, 0x000000008eb00000, 0x000000008eb00000|100%| O|  |TAMS 0x000000008ea00000, 0x000000008ea00000| Untracked 
| 213|0x000000008eb00000, 0x000000008ec00000, 0x000000008ec00000|100%| O|  |TAMS 0x000000008eb00000, 0x000000008eb00000| Untracked 
| 214|0x000000008ec00000, 0x000000008ed00000, 0x000000008ed00000|100%| O|  |TAMS 0x000000008ec00000, 0x000000008ec00000| Untracked 
| 215|0x000000008ed00000, 0x000000008ee00000, 0x000000008ee00000|100%| O|  |TAMS 0x000000008ed00000, 0x000000008ed00000| Untracked 
| 216|0x000000008ee00000, 0x000000008ef00000, 0x000000008ef00000|100%| O|  |TAMS 0x000000008ee00000, 0x000000008ee00000| Untracked 
| 217|0x000000008ef00000, 0x000000008f000000, 0x000000008f000000|100%| O|  |TAMS 0x000000008ef00000, 0x000000008ef00000| Untracked 
| 218|0x000000008f000000, 0x000000008f100000, 0x000000008f100000|100%| O|  |TAMS 0x000000008f000000, 0x000000008f000000| Untracked 
| 219|0x000000008f100000, 0x000000008f200000, 0x000000008f200000|100%| O|  |TAMS 0x000000008f100000, 0x000000008f100000| Untracked 
| 220|0x000000008f200000, 0x000000008f300000, 0x000000008f300000|100%| O|  |TAMS 0x000000008f200000, 0x000000008f200000| Untracked 
| 221|0x000000008f300000, 0x000000008f400000, 0x000000008f400000|100%| O|  |TAMS 0x000000008f300000, 0x000000008f300000| Untracked 
| 222|0x000000008f400000, 0x000000008f500000, 0x000000008f500000|100%| O|  |TAMS 0x000000008f400000, 0x000000008f400000| Untracked 
| 223|0x000000008f500000, 0x000000008f600000, 0x000000008f600000|100%| O|  |TAMS 0x000000008f500000, 0x000000008f500000| Untracked 
| 224|0x000000008f600000, 0x000000008f700000, 0x000000008f700000|100%| O|  |TAMS 0x000000008f600000, 0x000000008f600000| Untracked 
| 225|0x000000008f700000, 0x000000008f800000, 0x000000008f800000|100%| O|  |TAMS 0x000000008f700000, 0x000000008f700000| Untracked 
| 226|0x000000008f800000, 0x000000008f900000, 0x000000008f900000|100%| O|  |TAMS 0x000000008f800000, 0x000000008f800000| Untracked 
| 227|0x000000008f900000, 0x000000008fa00000, 0x000000008fa00000|100%| O|  |TAMS 0x000000008f900000, 0x000000008f900000| Untracked 
| 228|0x000000008fa00000, 0x000000008fb00000, 0x000000008fb00000|100%| O|  |TAMS 0x000000008fa00000, 0x000000008fa00000| Untracked 
| 229|0x000000008fb00000, 0x000000008fc00000, 0x000000008fc00000|100%| O|  |TAMS 0x000000008fb00000, 0x000000008fb00000| Untracked 
| 230|0x000000008fc00000, 0x000000008fd00000, 0x000000008fd00000|100%| O|  |TAMS 0x000000008fc00000, 0x000000008fc00000| Untracked 
| 231|0x000000008fd00000, 0x000000008fe00000, 0x000000008fe00000|100%|HS|  |TAMS 0x000000008fd00000, 0x000000008fd00000| Complete 
| 232|0x000000008fe00000, 0x000000008ff00000, 0x000000008ff00000|100%| O|  |TAMS 0x000000008fe00000, 0x000000008fe00000| Untracked 
| 233|0x000000008ff00000, 0x0000000090000000, 0x0000000090000000|100%| O|  |TAMS 0x000000008ff00000, 0x000000008ff00000| Untracked 
| 234|0x0000000090000000, 0x0000000090100000, 0x0000000090100000|100%| O|  |TAMS 0x0000000090000000, 0x0000000090000000| Untracked 
| 235|0x0000000090100000, 0x0000000090200000, 0x0000000090200000|100%| O|  |TAMS 0x0000000090100000, 0x0000000090100000| Untracked 
| 236|0x0000000090200000, 0x0000000090300000, 0x0000000090300000|100%| O|  |TAMS 0x0000000090200000, 0x0000000090200000| Untracked 
| 237|0x0000000090300000, 0x0000000090400000, 0x0000000090400000|100%| O|  |TAMS 0x0000000090300000, 0x0000000090300000| Untracked 
| 238|0x0000000090400000, 0x0000000090500000, 0x0000000090500000|100%| O|  |TAMS 0x0000000090400000, 0x0000000090400000| Untracked 
| 239|0x0000000090500000, 0x0000000090600000, 0x0000000090600000|100%| O|  |TAMS 0x0000000090500000, 0x0000000090500000| Untracked 
| 240|0x0000000090600000, 0x0000000090700000, 0x0000000090700000|100%| O|  |TAMS 0x0000000090600000, 0x0000000090600000| Untracked 
| 241|0x0000000090700000, 0x0000000090800000, 0x0000000090800000|100%| O|  |TAMS 0x0000000090700000, 0x0000000090700000| Untracked 
| 242|0x0000000090800000, 0x0000000090900000, 0x0000000090900000|100%| O|  |TAMS 0x0000000090800000, 0x0000000090800000| Untracked 
| 243|0x0000000090900000, 0x0000000090a00000, 0x0000000090a00000|100%| O|  |TAMS 0x0000000090900000, 0x0000000090900000| Untracked 
| 244|0x0000000090a00000, 0x0000000090b00000, 0x0000000090b00000|100%| O|  |TAMS 0x0000000090a00000, 0x0000000090a00000| Untracked 
| 245|0x0000000090b00000, 0x0000000090c00000, 0x0000000090c00000|100%| O|  |TAMS 0x0000000090b00000, 0x0000000090b00000| Untracked 
| 246|0x0000000090c00000, 0x0000000090d00000, 0x0000000090d00000|100%| O|  |TAMS 0x0000000090c00000, 0x0000000090c00000| Untracked 
| 247|0x0000000090d00000, 0x0000000090e00000, 0x0000000090e00000|100%| O|  |TAMS 0x0000000090d00000, 0x0000000090d00000| Untracked 
| 248|0x0000000090e00000, 0x0000000090f00000, 0x0000000090f00000|100%|HS|  |TAMS 0x0000000090e00000, 0x0000000090e00000| Complete 
| 249|0x0000000090f00000, 0x0000000091000000, 0x0000000091000000|100%|HS|  |TAMS 0x0000000090f00000, 0x0000000090f00000| Complete 
| 250|0x0000000091000000, 0x0000000091100000, 0x0000000091100000|100%|HS|  |TAMS 0x0000000091000000, 0x0000000091000000| Complete 
| 251|0x0000000091100000, 0x0000000091200000, 0x0000000091200000|100%|HS|  |TAMS 0x0000000091100000, 0x0000000091100000| Complete 
| 252|0x0000000091200000, 0x0000000091300000, 0x0000000091300000|100%|HS|  |TAMS 0x0000000091200000, 0x0000000091200000| Complete 
| 253|0x0000000091300000, 0x0000000091400000, 0x0000000091400000|100%|HS|  |TAMS 0x0000000091300000, 0x0000000091300000| Complete 
| 254|0x0000000091400000, 0x0000000091400000, 0x0000000091500000|  0%| F|  |TAMS 0x0000000091400000, 0x0000000091400000| Untracked 
| 255|0x0000000091500000, 0x0000000091500000, 0x0000000091600000|  0%| F|  |TAMS 0x0000000091500000, 0x0000000091500000| Untracked 
| 256|0x0000000091600000, 0x0000000091700000, 0x0000000091700000|100%| O|  |TAMS 0x0000000091600000, 0x0000000091600000| Untracked 
| 257|0x0000000091700000, 0x0000000091800000, 0x0000000091800000|100%| O|  |TAMS 0x0000000091700000, 0x0000000091700000| Untracked 
| 258|0x0000000091800000, 0x0000000091900000, 0x0000000091900000|100%| O|  |TAMS 0x0000000091800000, 0x0000000091800000| Untracked 
| 259|0x0000000091900000, 0x0000000091a00000, 0x0000000091a00000|100%| O|  |TAMS 0x0000000091900000, 0x0000000091900000| Untracked 
| 260|0x0000000091a00000, 0x0000000091b00000, 0x0000000091b00000|100%| O|  |TAMS 0x0000000091a00000, 0x0000000091a00000| Untracked 
| 261|0x0000000091b00000, 0x0000000091c00000, 0x0000000091c00000|100%| O|  |TAMS 0x0000000091b00000, 0x0000000091b00000| Untracked 
| 262|0x0000000091c00000, 0x0000000091d00000, 0x0000000091d00000|100%| O|  |TAMS 0x0000000091c00000, 0x0000000091c00000| Untracked 
| 263|0x0000000091d00000, 0x0000000091e00000, 0x0000000091e00000|100%| O|  |TAMS 0x0000000091d00000, 0x0000000091d00000| Untracked 
| 264|0x0000000091e00000, 0x0000000091f00000, 0x0000000091f00000|100%| O|  |TAMS 0x0000000091e00000, 0x0000000091e00000| Untracked 
| 265|0x0000000091f00000, 0x0000000091f00000, 0x0000000092000000|  0%| F|  |TAMS 0x0000000091f00000, 0x0000000091f00000| Untracked 
| 266|0x0000000092000000, 0x0000000092000000, 0x0000000092100000|  0%| F|  |TAMS 0x0000000092000000, 0x0000000092000000| Untracked 
| 267|0x0000000092100000, 0x0000000092200000, 0x0000000092200000|100%| O|  |TAMS 0x0000000092100000, 0x0000000092100000| Untracked 
| 268|0x0000000092200000, 0x0000000092300000, 0x0000000092300000|100%| O|  |TAMS 0x0000000092200000, 0x0000000092200000| Untracked 
| 269|0x0000000092300000, 0x0000000092400000, 0x0000000092400000|100%| O|  |TAMS 0x0000000092300000, 0x0000000092300000| Untracked 
| 270|0x0000000092400000, 0x0000000092500000, 0x0000000092500000|100%| O|  |TAMS 0x0000000092400000, 0x0000000092400000| Untracked 
| 271|0x0000000092500000, 0x0000000092600000, 0x0000000092600000|100%| O|  |TAMS 0x0000000092500000, 0x0000000092500000| Untracked 
| 272|0x0000000092600000, 0x0000000092700000, 0x0000000092700000|100%| O|  |TAMS 0x0000000092600000, 0x0000000092600000| Untracked 
| 273|0x0000000092700000, 0x0000000092800000, 0x0000000092800000|100%| O|  |TAMS 0x0000000092700000, 0x0000000092700000| Untracked 
| 274|0x0000000092800000, 0x0000000092900000, 0x0000000092900000|100%| O|  |TAMS 0x0000000092800000, 0x0000000092800000| Untracked 
| 275|0x0000000092900000, 0x0000000092a00000, 0x0000000092a00000|100%| O|  |TAMS 0x0000000092900000, 0x0000000092900000| Untracked 
| 276|0x0000000092a00000, 0x0000000092b00000, 0x0000000092b00000|100%| O|  |TAMS 0x0000000092a00000, 0x0000000092a00000| Untracked 
| 277|0x0000000092b00000, 0x0000000092c00000, 0x0000000092c00000|100%| O|  |TAMS 0x0000000092b00000, 0x0000000092b00000| Untracked 
| 278|0x0000000092c00000, 0x0000000092d00000, 0x0000000092d00000|100%| O|  |TAMS 0x0000000092c00000, 0x0000000092c00000| Untracked 
| 279|0x0000000092d00000, 0x0000000092e00000, 0x0000000092e00000|100%| O|  |TAMS 0x0000000092d00000, 0x0000000092d00000| Untracked 
| 280|0x0000000092e00000, 0x0000000092f00000, 0x0000000092f00000|100%| O|  |TAMS 0x0000000092e00000, 0x0000000092e00000| Untracked 
| 281|0x0000000092f00000, 0x0000000093000000, 0x0000000093000000|100%| O|  |TAMS 0x0000000092f00000, 0x0000000092f00000| Untracked 
| 282|0x0000000093000000, 0x0000000093100000, 0x0000000093100000|100%| O|  |TAMS 0x0000000093000000, 0x0000000093000000| Untracked 
| 283|0x0000000093100000, 0x0000000093200000, 0x0000000093200000|100%| O|  |TAMS 0x0000000093100000, 0x0000000093100000| Untracked 
| 284|0x0000000093200000, 0x0000000093300000, 0x0000000093300000|100%| O|  |TAMS 0x0000000093200000, 0x0000000093200000| Untracked 
| 285|0x0000000093300000, 0x0000000093400000, 0x0000000093400000|100%| O|  |TAMS 0x0000000093300000, 0x0000000093300000| Untracked 
| 286|0x0000000093400000, 0x0000000093500000, 0x0000000093500000|100%| O|  |TAMS 0x0000000093400000, 0x0000000093400000| Untracked 
| 287|0x0000000093500000, 0x0000000093600000, 0x0000000093600000|100%| O|  |TAMS 0x0000000093500000, 0x0000000093500000| Untracked 
| 288|0x0000000093600000, 0x0000000093600000, 0x0000000093700000|  0%| F|  |TAMS 0x0000000093600000, 0x0000000093600000| Untracked 
| 289|0x0000000093700000, 0x0000000093700000, 0x0000000093800000|  0%| F|  |TAMS 0x0000000093700000, 0x0000000093700000| Untracked 
| 290|0x0000000093800000, 0x0000000093800000, 0x0000000093900000|  0%| F|  |TAMS 0x0000000093800000, 0x0000000093800000| Untracked 
| 291|0x0000000093900000, 0x0000000093900000, 0x0000000093a00000|  0%| F|  |TAMS 0x0000000093900000, 0x0000000093900000| Untracked 
| 292|0x0000000093a00000, 0x0000000093a00000, 0x0000000093b00000|  0%| F|  |TAMS 0x0000000093a00000, 0x0000000093a00000| Untracked 
| 293|0x0000000093b00000, 0x0000000093b00000, 0x0000000093c00000|  0%| F|  |TAMS 0x0000000093b00000, 0x0000000093b00000| Untracked 
| 294|0x0000000093c00000, 0x0000000093c00000, 0x0000000093d00000|  0%| F|  |TAMS 0x0000000093c00000, 0x0000000093c00000| Untracked 
| 295|0x0000000093d00000, 0x0000000093d00000, 0x0000000093e00000|  0%| F|  |TAMS 0x0000000093d00000, 0x0000000093d00000| Untracked 
| 296|0x0000000093e00000, 0x0000000093e00000, 0x0000000093f00000|  0%| F|  |TAMS 0x0000000093e00000, 0x0000000093e00000| Untracked 
| 297|0x0000000093f00000, 0x0000000093f00000, 0x0000000094000000|  0%| F|  |TAMS 0x0000000093f00000, 0x0000000093f00000| Untracked 
| 298|0x0000000094000000, 0x0000000094000000, 0x0000000094100000|  0%| F|  |TAMS 0x0000000094000000, 0x0000000094000000| Untracked 
| 299|0x0000000094100000, 0x0000000094100000, 0x0000000094200000|  0%| F|  |TAMS 0x0000000094100000, 0x0000000094100000| Untracked 
| 300|0x0000000094200000, 0x0000000094200000, 0x0000000094300000|  0%| F|  |TAMS 0x0000000094200000, 0x0000000094200000| Untracked 
| 301|0x0000000094300000, 0x0000000094300000, 0x0000000094400000|  0%| F|  |TAMS 0x0000000094300000, 0x0000000094300000| Untracked 
| 302|0x0000000094400000, 0x0000000094400000, 0x0000000094500000|  0%| F|  |TAMS 0x0000000094400000, 0x0000000094400000| Untracked 
| 303|0x0000000094500000, 0x0000000094500000, 0x0000000094600000|  0%| F|  |TAMS 0x0000000094500000, 0x0000000094500000| Untracked 
| 304|0x0000000094600000, 0x0000000094600000, 0x0000000094700000|  0%| F|  |TAMS 0x0000000094600000, 0x0000000094600000| Untracked 
| 305|0x0000000094700000, 0x0000000094700000, 0x0000000094800000|  0%| F|  |TAMS 0x0000000094700000, 0x0000000094700000| Untracked 
| 306|0x0000000094800000, 0x0000000094800000, 0x0000000094900000|  0%| F|  |TAMS 0x0000000094800000, 0x0000000094800000| Untracked 
| 307|0x0000000094900000, 0x0000000094900000, 0x0000000094a00000|  0%| F|  |TAMS 0x0000000094900000, 0x0000000094900000| Untracked 
| 308|0x0000000094a00000, 0x0000000094a00000, 0x0000000094b00000|  0%| F|  |TAMS 0x0000000094a00000, 0x0000000094a00000| Untracked 
| 309|0x0000000094b00000, 0x0000000094b00000, 0x0000000094c00000|  0%| F|  |TAMS 0x0000000094b00000, 0x0000000094b00000| Untracked 
| 310|0x0000000094c00000, 0x0000000094c00000, 0x0000000094d00000|  0%| F|  |TAMS 0x0000000094c00000, 0x0000000094c00000| Untracked 
| 311|0x0000000094d00000, 0x0000000094d00000, 0x0000000094e00000|  0%| F|  |TAMS 0x0000000094d00000, 0x0000000094d00000| Untracked 
| 312|0x0000000094e00000, 0x0000000094e00000, 0x0000000094f00000|  0%| F|  |TAMS 0x0000000094e00000, 0x0000000094e00000| Untracked 
| 313|0x0000000094f00000, 0x0000000094f00000, 0x0000000095000000|  0%| F|  |TAMS 0x0000000094f00000, 0x0000000094f00000| Untracked 
| 314|0x0000000095000000, 0x0000000095000000, 0x0000000095100000|  0%| F|  |TAMS 0x0000000095000000, 0x0000000095000000| Untracked 
| 315|0x0000000095100000, 0x0000000095100000, 0x0000000095200000|  0%| F|  |TAMS 0x0000000095100000, 0x0000000095100000| Untracked 
| 316|0x0000000095200000, 0x0000000095200000, 0x0000000095300000|  0%| F|  |TAMS 0x0000000095200000, 0x0000000095200000| Untracked 
| 317|0x0000000095300000, 0x0000000095300000, 0x0000000095400000|  0%| F|  |TAMS 0x0000000095300000, 0x0000000095300000| Untracked 
| 318|0x0000000095400000, 0x0000000095400000, 0x0000000095500000|  0%| F|  |TAMS 0x0000000095400000, 0x0000000095400000| Untracked 
| 319|0x0000000095500000, 0x0000000095500000, 0x0000000095600000|  0%| F|  |TAMS 0x0000000095500000, 0x0000000095500000| Untracked 
| 320|0x0000000095600000, 0x0000000095600000, 0x0000000095700000|  0%| F|  |TAMS 0x0000000095600000, 0x0000000095600000| Untracked 
| 321|0x0000000095700000, 0x0000000095700000, 0x0000000095800000|  0%| F|  |TAMS 0x0000000095700000, 0x0000000095700000| Untracked 
| 322|0x0000000095800000, 0x0000000095800000, 0x0000000095900000|  0%| F|  |TAMS 0x0000000095800000, 0x0000000095800000| Untracked 
| 323|0x0000000095900000, 0x0000000095900000, 0x0000000095a00000|  0%| F|  |TAMS 0x0000000095900000, 0x0000000095900000| Untracked 
| 324|0x0000000095a00000, 0x0000000095a00000, 0x0000000095b00000|  0%| F|  |TAMS 0x0000000095a00000, 0x0000000095a00000| Untracked 
| 325|0x0000000095b00000, 0x0000000095b00000, 0x0000000095c00000|  0%| F|  |TAMS 0x0000000095b00000, 0x0000000095b00000| Untracked 
| 326|0x0000000095c00000, 0x0000000095c00000, 0x0000000095d00000|  0%| F|  |TAMS 0x0000000095c00000, 0x0000000095c00000| Untracked 
| 327|0x0000000095d00000, 0x0000000095d00000, 0x0000000095e00000|  0%| F|  |TAMS 0x0000000095d00000, 0x0000000095d00000| Untracked 
| 328|0x0000000095e00000, 0x0000000095e00000, 0x0000000095f00000|  0%| F|  |TAMS 0x0000000095e00000, 0x0000000095e00000| Untracked 
| 329|0x0000000095f00000, 0x0000000095f00000, 0x0000000096000000|  0%| F|  |TAMS 0x0000000095f00000, 0x0000000095f00000| Untracked 
| 330|0x0000000096000000, 0x0000000096000000, 0x0000000096100000|  0%| F|  |TAMS 0x0000000096000000, 0x0000000096000000| Untracked 
| 331|0x0000000096100000, 0x0000000096100000, 0x0000000096200000|  0%| F|  |TAMS 0x0000000096100000, 0x0000000096100000| Untracked 
| 332|0x0000000096200000, 0x0000000096200000, 0x0000000096300000|  0%| F|  |TAMS 0x0000000096200000, 0x0000000096200000| Untracked 
| 333|0x0000000096300000, 0x0000000096300000, 0x0000000096400000|  0%| F|  |TAMS 0x0000000096300000, 0x0000000096300000| Untracked 
| 334|0x0000000096400000, 0x0000000096400000, 0x0000000096500000|  0%| F|  |TAMS 0x0000000096400000, 0x0000000096400000| Untracked 
| 335|0x0000000096500000, 0x0000000096500000, 0x0000000096600000|  0%| F|  |TAMS 0x0000000096500000, 0x0000000096500000| Untracked 
| 336|0x0000000096600000, 0x0000000096600000, 0x0000000096700000|  0%| F|  |TAMS 0x0000000096600000, 0x0000000096600000| Untracked 
| 337|0x0000000096700000, 0x0000000096700000, 0x0000000096800000|  0%| F|  |TAMS 0x0000000096700000, 0x0000000096700000| Untracked 
| 338|0x0000000096800000, 0x0000000096800000, 0x0000000096900000|  0%| F|  |TAMS 0x0000000096800000, 0x0000000096800000| Untracked 
| 339|0x0000000096900000, 0x0000000096900000, 0x0000000096a00000|  0%| F|  |TAMS 0x0000000096900000, 0x0000000096900000| Untracked 
| 340|0x0000000096a00000, 0x0000000096a00000, 0x0000000096b00000|  0%| F|  |TAMS 0x0000000096a00000, 0x0000000096a00000| Untracked 
| 341|0x0000000096b00000, 0x0000000096b00000, 0x0000000096c00000|  0%| F|  |TAMS 0x0000000096b00000, 0x0000000096b00000| Untracked 
| 342|0x0000000096c00000, 0x0000000096c00000, 0x0000000096d00000|  0%| F|  |TAMS 0x0000000096c00000, 0x0000000096c00000| Untracked 
| 343|0x0000000096d00000, 0x0000000096d00000, 0x0000000096e00000|  0%| F|  |TAMS 0x0000000096d00000, 0x0000000096d00000| Untracked 
| 344|0x0000000096e00000, 0x0000000096e00000, 0x0000000096f00000|  0%| F|  |TAMS 0x0000000096e00000, 0x0000000096e00000| Untracked 
| 345|0x0000000096f00000, 0x0000000096f00000, 0x0000000097000000|  0%| F|  |TAMS 0x0000000096f00000, 0x0000000096f00000| Untracked 
| 346|0x0000000097000000, 0x0000000097000000, 0x0000000097100000|  0%| F|  |TAMS 0x0000000097000000, 0x0000000097000000| Untracked 
| 347|0x0000000097100000, 0x0000000097100000, 0x0000000097200000|  0%| F|  |TAMS 0x0000000097100000, 0x0000000097100000| Untracked 
| 348|0x0000000097200000, 0x0000000097200000, 0x0000000097300000|  0%| F|  |TAMS 0x0000000097200000, 0x0000000097200000| Untracked 
| 349|0x0000000097300000, 0x0000000097300000, 0x0000000097400000|  0%| F|  |TAMS 0x0000000097300000, 0x0000000097300000| Untracked 
| 350|0x0000000097400000, 0x0000000097400000, 0x0000000097500000|  0%| F|  |TAMS 0x0000000097400000, 0x0000000097400000| Untracked 
| 351|0x0000000097500000, 0x0000000097500000, 0x0000000097600000|  0%| F|  |TAMS 0x0000000097500000, 0x0000000097500000| Untracked 
| 352|0x0000000097600000, 0x0000000097600000, 0x0000000097700000|  0%| F|  |TAMS 0x0000000097600000, 0x0000000097600000| Untracked 
| 353|0x0000000097700000, 0x0000000097700000, 0x0000000097800000|  0%| F|  |TAMS 0x0000000097700000, 0x0000000097700000| Untracked 
| 354|0x0000000097800000, 0x0000000097800000, 0x0000000097900000|  0%| F|  |TAMS 0x0000000097800000, 0x0000000097800000| Untracked 
| 355|0x0000000097900000, 0x0000000097900000, 0x0000000097a00000|  0%| F|  |TAMS 0x0000000097900000, 0x0000000097900000| Untracked 
| 356|0x0000000097a00000, 0x0000000097a00000, 0x0000000097b00000|  0%| F|  |TAMS 0x0000000097a00000, 0x0000000097a00000| Untracked 
| 357|0x0000000097b00000, 0x0000000097b00000, 0x0000000097c00000|  0%| F|  |TAMS 0x0000000097b00000, 0x0000000097b00000| Untracked 
| 358|0x0000000097c00000, 0x0000000097c00000, 0x0000000097d00000|  0%| F|  |TAMS 0x0000000097c00000, 0x0000000097c00000| Untracked 
| 359|0x0000000097d00000, 0x0000000097d00000, 0x0000000097e00000|  0%| F|  |TAMS 0x0000000097d00000, 0x0000000097d00000| Untracked 
| 360|0x0000000097e00000, 0x0000000097e00000, 0x0000000097f00000|  0%| F|  |TAMS 0x0000000097e00000, 0x0000000097e00000| Untracked 
| 361|0x0000000097f00000, 0x0000000097f00000, 0x0000000098000000|  0%| F|  |TAMS 0x0000000097f00000, 0x0000000097f00000| Untracked 
| 362|0x0000000098000000, 0x0000000098000000, 0x0000000098100000|  0%| F|  |TAMS 0x0000000098000000, 0x0000000098000000| Untracked 
| 363|0x0000000098100000, 0x0000000098100000, 0x0000000098200000|  0%| F|  |TAMS 0x0000000098100000, 0x0000000098100000| Untracked 
| 364|0x0000000098200000, 0x0000000098200000, 0x0000000098300000|  0%| F|  |TAMS 0x0000000098200000, 0x0000000098200000| Untracked 
| 365|0x0000000098300000, 0x0000000098300000, 0x0000000098400000|  0%| F|  |TAMS 0x0000000098300000, 0x0000000098300000| Untracked 
| 366|0x0000000098400000, 0x0000000098400000, 0x0000000098500000|  0%| F|  |TAMS 0x0000000098400000, 0x0000000098400000| Untracked 
| 367|0x0000000098500000, 0x0000000098500000, 0x0000000098600000|  0%| F|  |TAMS 0x0000000098500000, 0x0000000098500000| Untracked 
| 368|0x0000000098600000, 0x0000000098600000, 0x0000000098700000|  0%| F|  |TAMS 0x0000000098600000, 0x0000000098600000| Untracked 
| 369|0x0000000098700000, 0x0000000098700000, 0x0000000098800000|  0%| F|  |TAMS 0x0000000098700000, 0x0000000098700000| Untracked 
| 370|0x0000000098800000, 0x0000000098800000, 0x0000000098900000|  0%| F|  |TAMS 0x0000000098800000, 0x0000000098800000| Untracked 
| 371|0x0000000098900000, 0x0000000098900000, 0x0000000098a00000|  0%| F|  |TAMS 0x0000000098900000, 0x0000000098900000| Untracked 
| 372|0x0000000098a00000, 0x0000000098a00000, 0x0000000098b00000|  0%| F|  |TAMS 0x0000000098a00000, 0x0000000098a00000| Untracked 
| 373|0x0000000098b00000, 0x0000000098b00000, 0x0000000098c00000|  0%| F|  |TAMS 0x0000000098b00000, 0x0000000098b00000| Untracked 
| 374|0x0000000098c00000, 0x0000000098c00000, 0x0000000098d00000|  0%| F|  |TAMS 0x0000000098c00000, 0x0000000098c00000| Untracked 
| 375|0x0000000098d00000, 0x0000000098d00000, 0x0000000098e00000|  0%| F|  |TAMS 0x0000000098d00000, 0x0000000098d00000| Untracked 
| 376|0x0000000098e00000, 0x0000000098e00000, 0x0000000098f00000|  0%| F|  |TAMS 0x0000000098e00000, 0x0000000098e00000| Untracked 
| 377|0x0000000098f00000, 0x0000000098f00000, 0x0000000099000000|  0%| F|  |TAMS 0x0000000098f00000, 0x0000000098f00000| Untracked 
| 378|0x0000000099000000, 0x0000000099000000, 0x0000000099100000|  0%| F|  |TAMS 0x0000000099000000, 0x0000000099000000| Untracked 
| 379|0x0000000099100000, 0x0000000099100000, 0x0000000099200000|  0%| F|  |TAMS 0x0000000099100000, 0x0000000099100000| Untracked 
| 380|0x0000000099200000, 0x0000000099300000, 0x0000000099300000|100%| S|CS|TAMS 0x0000000099200000, 0x0000000099200000| Complete 
| 381|0x0000000099300000, 0x0000000099400000, 0x0000000099400000|100%| S|CS|TAMS 0x0000000099300000, 0x0000000099300000| Complete 
| 382|0x0000000099400000, 0x0000000099500000, 0x0000000099500000|100%| S|CS|TAMS 0x0000000099400000, 0x0000000099400000| Complete 
| 383|0x0000000099500000, 0x0000000099600000, 0x0000000099600000|100%| S|CS|TAMS 0x0000000099500000, 0x0000000099500000| Complete 
| 384|0x0000000099600000, 0x0000000099700000, 0x0000000099700000|100%| S|CS|TAMS 0x0000000099600000, 0x0000000099600000| Complete 
| 385|0x0000000099700000, 0x0000000099800000, 0x0000000099800000|100%| S|CS|TAMS 0x0000000099700000, 0x0000000099700000| Complete 
| 386|0x0000000099800000, 0x0000000099900000, 0x0000000099900000|100%| S|CS|TAMS 0x0000000099800000, 0x0000000099800000| Complete 
| 387|0x0000000099900000, 0x0000000099a00000, 0x0000000099a00000|100%| S|CS|TAMS 0x0000000099900000, 0x0000000099900000| Complete 
| 388|0x0000000099a00000, 0x0000000099a00000, 0x0000000099b00000|  0%| F|  |TAMS 0x0000000099a00000, 0x0000000099a00000| Untracked 
| 389|0x0000000099b00000, 0x0000000099b00000, 0x0000000099c00000|  0%| F|  |TAMS 0x0000000099b00000, 0x0000000099b00000| Untracked 
| 390|0x0000000099c00000, 0x0000000099c00000, 0x0000000099d00000|  0%| F|  |TAMS 0x0000000099c00000, 0x0000000099c00000| Untracked 
| 391|0x0000000099d00000, 0x0000000099d00000, 0x0000000099e00000|  0%| F|  |TAMS 0x0000000099d00000, 0x0000000099d00000| Untracked 
| 392|0x0000000099e00000, 0x0000000099e00000, 0x0000000099f00000|  0%| F|  |TAMS 0x0000000099e00000, 0x0000000099e00000| Untracked 
| 393|0x0000000099f00000, 0x0000000099f00000, 0x000000009a000000|  0%| F|  |TAMS 0x0000000099f00000, 0x0000000099f00000| Untracked 
| 394|0x000000009a000000, 0x000000009a000000, 0x000000009a100000|  0%| F|  |TAMS 0x000000009a000000, 0x000000009a000000| Untracked 
| 395|0x000000009a100000, 0x000000009a100000, 0x000000009a200000|  0%| F|  |TAMS 0x000000009a100000, 0x000000009a100000| Untracked 
| 396|0x000000009a200000, 0x000000009a200000, 0x000000009a300000|  0%| F|  |TAMS 0x000000009a200000, 0x000000009a200000| Untracked 
| 397|0x000000009a300000, 0x000000009a300000, 0x000000009a400000|  0%| F|  |TAMS 0x000000009a300000, 0x000000009a300000| Untracked 
| 398|0x000000009a400000, 0x000000009a400000, 0x000000009a500000|  0%| F|  |TAMS 0x000000009a400000, 0x000000009a400000| Untracked 
| 399|0x000000009a500000, 0x000000009a500000, 0x000000009a600000|  0%| F|  |TAMS 0x000000009a500000, 0x000000009a500000| Untracked 
| 400|0x000000009a600000, 0x000000009a600000, 0x000000009a700000|  0%| F|  |TAMS 0x000000009a600000, 0x000000009a600000| Untracked 
| 401|0x000000009a700000, 0x000000009a700000, 0x000000009a800000|  0%| F|  |TAMS 0x000000009a700000, 0x000000009a700000| Untracked 
| 402|0x000000009a800000, 0x000000009a800000, 0x000000009a900000|  0%| F|  |TAMS 0x000000009a800000, 0x000000009a800000| Untracked 
| 403|0x000000009a900000, 0x000000009a900000, 0x000000009aa00000|  0%| F|  |TAMS 0x000000009a900000, 0x000000009a900000| Untracked 
| 404|0x000000009aa00000, 0x000000009aa00000, 0x000000009ab00000|  0%| F|  |TAMS 0x000000009aa00000, 0x000000009aa00000| Untracked 
| 405|0x000000009ab00000, 0x000000009ab00000, 0x000000009ac00000|  0%| F|  |TAMS 0x000000009ab00000, 0x000000009ab00000| Untracked 
| 406|0x000000009ac00000, 0x000000009ac00000, 0x000000009ad00000|  0%| F|  |TAMS 0x000000009ac00000, 0x000000009ac00000| Untracked 
| 407|0x000000009ad00000, 0x000000009ad00000, 0x000000009ae00000|  0%| F|  |TAMS 0x000000009ad00000, 0x000000009ad00000| Untracked 
| 408|0x000000009ae00000, 0x000000009ae00000, 0x000000009af00000|  0%| F|  |TAMS 0x000000009ae00000, 0x000000009ae00000| Untracked 
| 409|0x000000009af00000, 0x000000009af00000, 0x000000009b000000|  0%| F|  |TAMS 0x000000009af00000, 0x000000009af00000| Untracked 
| 410|0x000000009b000000, 0x000000009b000000, 0x000000009b100000|  0%| F|  |TAMS 0x000000009b000000, 0x000000009b000000| Untracked 
| 411|0x000000009b100000, 0x000000009b100000, 0x000000009b200000|  0%| F|  |TAMS 0x000000009b100000, 0x000000009b100000| Untracked 
| 412|0x000000009b200000, 0x000000009b200000, 0x000000009b300000|  0%| F|  |TAMS 0x000000009b200000, 0x000000009b200000| Untracked 
| 413|0x000000009b300000, 0x000000009b300000, 0x000000009b400000|  0%| F|  |TAMS 0x000000009b300000, 0x000000009b300000| Untracked 
| 414|0x000000009b400000, 0x000000009b4d2c38, 0x000000009b500000| 82%| E|  |TAMS 0x000000009b400000, 0x000000009b400000| Complete 
| 415|0x000000009b500000, 0x000000009b600000, 0x000000009b600000|100%| E|CS|TAMS 0x000000009b500000, 0x000000009b500000| Complete 
| 416|0x000000009b600000, 0x000000009b700000, 0x000000009b700000|100%| E|CS|TAMS 0x000000009b600000, 0x000000009b600000| Complete 
| 417|0x000000009b700000, 0x000000009b800000, 0x000000009b800000|100%| E|CS|TAMS 0x000000009b700000, 0x000000009b700000| Complete 
| 418|0x000000009b800000, 0x000000009b900000, 0x000000009b900000|100%| E|CS|TAMS 0x000000009b800000, 0x000000009b800000| Complete 
| 419|0x000000009b900000, 0x000000009ba00000, 0x000000009ba00000|100%| E|CS|TAMS 0x000000009b900000, 0x000000009b900000| Complete 
| 420|0x000000009ba00000, 0x000000009bb00000, 0x000000009bb00000|100%| E|CS|TAMS 0x000000009ba00000, 0x000000009ba00000| Complete 
| 421|0x000000009bb00000, 0x000000009bc00000, 0x000000009bc00000|100%| E|CS|TAMS 0x000000009bb00000, 0x000000009bb00000| Complete 
| 422|0x000000009bc00000, 0x000000009bd00000, 0x000000009bd00000|100%| E|CS|TAMS 0x000000009bc00000, 0x000000009bc00000| Complete 
| 423|0x000000009bd00000, 0x000000009be00000, 0x000000009be00000|100%| E|CS|TAMS 0x000000009bd00000, 0x000000009bd00000| Complete 
| 424|0x000000009be00000, 0x000000009bf00000, 0x000000009bf00000|100%| E|CS|TAMS 0x000000009be00000, 0x000000009be00000| Complete 
| 425|0x000000009bf00000, 0x000000009c000000, 0x000000009c000000|100%| E|CS|TAMS 0x000000009bf00000, 0x000000009bf00000| Complete 
| 426|0x000000009c000000, 0x000000009c100000, 0x000000009c100000|100%| E|CS|TAMS 0x000000009c000000, 0x000000009c000000| Complete 
| 427|0x000000009c100000, 0x000000009c200000, 0x000000009c200000|100%| E|CS|TAMS 0x000000009c100000, 0x000000009c100000| Complete 
| 428|0x000000009c200000, 0x000000009c300000, 0x000000009c300000|100%| E|CS|TAMS 0x000000009c200000, 0x000000009c200000| Complete 
| 429|0x000000009c300000, 0x000000009c400000, 0x000000009c400000|100%| E|CS|TAMS 0x000000009c300000, 0x000000009c300000| Complete 
| 430|0x000000009c400000, 0x000000009c500000, 0x000000009c500000|100%| E|CS|TAMS 0x000000009c400000, 0x000000009c400000| Complete 
| 431|0x000000009c500000, 0x000000009c600000, 0x000000009c600000|100%| E|CS|TAMS 0x000000009c500000, 0x000000009c500000| Complete 
| 432|0x000000009c600000, 0x000000009c700000, 0x000000009c700000|100%| E|CS|TAMS 0x000000009c600000, 0x000000009c600000| Complete 
| 433|0x000000009c700000, 0x000000009c800000, 0x000000009c800000|100%| E|CS|TAMS 0x000000009c700000, 0x000000009c700000| Complete 
| 434|0x000000009c800000, 0x000000009c900000, 0x000000009c900000|100%| E|CS|TAMS 0x000000009c800000, 0x000000009c800000| Complete 
| 435|0x000000009c900000, 0x000000009ca00000, 0x000000009ca00000|100%| E|CS|TAMS 0x000000009c900000, 0x000000009c900000| Complete 
| 436|0x000000009ca00000, 0x000000009cb00000, 0x000000009cb00000|100%| E|CS|TAMS 0x000000009ca00000, 0x000000009ca00000| Complete 
| 437|0x000000009cb00000, 0x000000009cc00000, 0x000000009cc00000|100%| E|CS|TAMS 0x000000009cb00000, 0x000000009cb00000| Complete 
| 438|0x000000009cc00000, 0x000000009cd00000, 0x000000009cd00000|100%| E|CS|TAMS 0x000000009cc00000, 0x000000009cc00000| Complete 
| 439|0x000000009cd00000, 0x000000009ce00000, 0x000000009ce00000|100%| E|CS|TAMS 0x000000009cd00000, 0x000000009cd00000| Complete 
| 440|0x000000009ce00000, 0x000000009cf00000, 0x000000009cf00000|100%| E|CS|TAMS 0x000000009ce00000, 0x000000009ce00000| Complete 
| 441|0x000000009cf00000, 0x000000009d000000, 0x000000009d000000|100%| E|CS|TAMS 0x000000009cf00000, 0x000000009cf00000| Complete 
| 442|0x000000009d000000, 0x000000009d100000, 0x000000009d100000|100%| E|CS|TAMS 0x000000009d000000, 0x000000009d000000| Complete 
| 443|0x000000009d100000, 0x000000009d200000, 0x000000009d200000|100%| E|CS|TAMS 0x000000009d100000, 0x000000009d100000| Complete 
| 444|0x000000009d200000, 0x000000009d300000, 0x000000009d300000|100%| E|CS|TAMS 0x000000009d200000, 0x000000009d200000| Complete 
| 445|0x000000009d300000, 0x000000009d400000, 0x000000009d400000|100%| E|CS|TAMS 0x000000009d300000, 0x000000009d300000| Complete 
| 446|0x000000009d400000, 0x000000009d500000, 0x000000009d500000|100%| E|CS|TAMS 0x000000009d400000, 0x000000009d400000| Complete 
| 447|0x000000009d500000, 0x000000009d600000, 0x000000009d600000|100%| E|CS|TAMS 0x000000009d500000, 0x000000009d500000| Complete 
| 448|0x000000009d600000, 0x000000009d700000, 0x000000009d700000|100%| E|CS|TAMS 0x000000009d600000, 0x000000009d600000| Complete 
| 449|0x000000009d700000, 0x000000009d800000, 0x000000009d800000|100%| E|CS|TAMS 0x000000009d700000, 0x000000009d700000| Complete 
| 450|0x000000009d800000, 0x000000009d900000, 0x000000009d900000|100%| E|CS|TAMS 0x000000009d800000, 0x000000009d800000| Complete 
| 451|0x000000009d900000, 0x000000009da00000, 0x000000009da00000|100%| E|CS|TAMS 0x000000009d900000, 0x000000009d900000| Complete 
| 452|0x000000009da00000, 0x000000009db00000, 0x000000009db00000|100%| E|CS|TAMS 0x000000009da00000, 0x000000009da00000| Complete 
| 453|0x000000009db00000, 0x000000009dc00000, 0x000000009dc00000|100%| E|CS|TAMS 0x000000009db00000, 0x000000009db00000| Complete 
| 454|0x000000009dc00000, 0x000000009dd00000, 0x000000009dd00000|100%| E|CS|TAMS 0x000000009dc00000, 0x000000009dc00000| Complete 
| 455|0x000000009dd00000, 0x000000009de00000, 0x000000009de00000|100%| E|CS|TAMS 0x000000009dd00000, 0x000000009dd00000| Complete 
| 456|0x000000009de00000, 0x000000009df00000, 0x000000009df00000|100%| E|CS|TAMS 0x000000009de00000, 0x000000009de00000| Complete 
| 457|0x000000009df00000, 0x000000009e000000, 0x000000009e000000|100%| E|CS|TAMS 0x000000009df00000, 0x000000009df00000| Complete 
| 458|0x000000009e000000, 0x000000009e100000, 0x000000009e100000|100%| E|CS|TAMS 0x000000009e000000, 0x000000009e000000| Complete 
| 459|0x000000009e100000, 0x000000009e200000, 0x000000009e200000|100%| E|CS|TAMS 0x000000009e100000, 0x000000009e100000| Complete 
| 460|0x000000009e200000, 0x000000009e300000, 0x000000009e300000|100%| E|CS|TAMS 0x000000009e200000, 0x000000009e200000| Complete 
| 461|0x000000009e300000, 0x000000009e400000, 0x000000009e400000|100%| E|CS|TAMS 0x000000009e300000, 0x000000009e300000| Complete 
| 462|0x000000009e400000, 0x000000009e500000, 0x000000009e500000|100%| E|CS|TAMS 0x000000009e400000, 0x000000009e400000| Complete 
| 463|0x000000009e500000, 0x000000009e600000, 0x000000009e600000|100%| E|CS|TAMS 0x000000009e500000, 0x000000009e500000| Complete 
| 464|0x000000009e600000, 0x000000009e700000, 0x000000009e700000|100%| E|  |TAMS 0x000000009e600000, 0x000000009e600000| Complete 
| 465|0x000000009e700000, 0x000000009e800000, 0x000000009e800000|100%| E|CS|TAMS 0x000000009e700000, 0x000000009e700000| Complete 
| 466|0x000000009e800000, 0x000000009e900000, 0x000000009e900000|100%| E|CS|TAMS 0x000000009e800000, 0x000000009e800000| Complete 
| 467|0x000000009e900000, 0x000000009ea00000, 0x000000009ea00000|100%| E|CS|TAMS 0x000000009e900000, 0x000000009e900000| Complete 
| 468|0x000000009ea00000, 0x000000009eb00000, 0x000000009eb00000|100%| E|CS|TAMS 0x000000009ea00000, 0x000000009ea00000| Complete 
| 469|0x000000009eb00000, 0x000000009ec00000, 0x000000009ec00000|100%| E|CS|TAMS 0x000000009eb00000, 0x000000009eb00000| Complete 
| 470|0x000000009ec00000, 0x000000009ed00000, 0x000000009ed00000|100%| E|CS|TAMS 0x000000009ec00000, 0x000000009ec00000| Complete 
| 471|0x000000009ed00000, 0x000000009ee00000, 0x000000009ee00000|100%| E|CS|TAMS 0x000000009ed00000, 0x000000009ed00000| Complete 
| 472|0x000000009ee00000, 0x000000009ef00000, 0x000000009ef00000|100%| E|CS|TAMS 0x000000009ee00000, 0x000000009ee00000| Complete 
| 473|0x000000009ef00000, 0x000000009f000000, 0x000000009f000000|100%| E|CS|TAMS 0x000000009ef00000, 0x000000009ef00000| Complete 
| 474|0x000000009f000000, 0x000000009f100000, 0x000000009f100000|100%| E|CS|TAMS 0x000000009f000000, 0x000000009f000000| Complete 
| 475|0x000000009f100000, 0x000000009f200000, 0x000000009f200000|100%| E|CS|TAMS 0x000000009f100000, 0x000000009f100000| Complete 
| 476|0x000000009f200000, 0x000000009f300000, 0x000000009f300000|100%| E|CS|TAMS 0x000000009f200000, 0x000000009f200000| Complete 
| 477|0x000000009f300000, 0x000000009f400000, 0x000000009f400000|100%| E|CS|TAMS 0x000000009f300000, 0x000000009f300000| Complete 
| 478|0x000000009f400000, 0x000000009f500000, 0x000000009f500000|100%| E|CS|TAMS 0x000000009f400000, 0x000000009f400000| Complete 
| 479|0x000000009f500000, 0x000000009f600000, 0x000000009f600000|100%| E|CS|TAMS 0x000000009f500000, 0x000000009f500000| Complete 
| 480|0x000000009f600000, 0x000000009f700000, 0x000000009f700000|100%| E|CS|TAMS 0x000000009f600000, 0x000000009f600000| Complete 
| 481|0x000000009f700000, 0x000000009f800000, 0x000000009f800000|100%| E|CS|TAMS 0x000000009f700000, 0x000000009f700000| Complete 
| 482|0x000000009f800000, 0x000000009f900000, 0x000000009f900000|100%| E|CS|TAMS 0x000000009f800000, 0x000000009f800000| Complete 
| 483|0x000000009f900000, 0x000000009fa00000, 0x000000009fa00000|100%| E|CS|TAMS 0x000000009f900000, 0x000000009f900000| Complete 
| 484|0x000000009fa00000, 0x000000009fb00000, 0x000000009fb00000|100%| E|CS|TAMS 0x000000009fa00000, 0x000000009fa00000| Complete 
| 485|0x000000009fb00000, 0x000000009fc00000, 0x000000009fc00000|100%| E|CS|TAMS 0x000000009fb00000, 0x000000009fb00000| Complete 
| 486|0x000000009fc00000, 0x000000009fd00000, 0x000000009fd00000|100%| E|CS|TAMS 0x000000009fc00000, 0x000000009fc00000| Complete 
| 487|0x000000009fd00000, 0x000000009fe00000, 0x000000009fe00000|100%| E|CS|TAMS 0x000000009fd00000, 0x000000009fd00000| Complete 
| 488|0x000000009fe00000, 0x000000009ff00000, 0x000000009ff00000|100%| E|CS|TAMS 0x000000009fe00000, 0x000000009fe00000| Complete 
| 489|0x000000009ff00000, 0x00000000a0000000, 0x00000000a0000000|100%| E|CS|TAMS 0x000000009ff00000, 0x000000009ff00000| Complete 
| 490|0x00000000a0000000, 0x00000000a0100000, 0x00000000a0100000|100%| E|CS|TAMS 0x00000000a0000000, 0x00000000a0000000| Complete 
| 491|0x00000000a0100000, 0x00000000a0200000, 0x00000000a0200000|100%| E|CS|TAMS 0x00000000a0100000, 0x00000000a0100000| Complete 
| 492|0x00000000a0200000, 0x00000000a0300000, 0x00000000a0300000|100%| E|CS|TAMS 0x00000000a0200000, 0x00000000a0200000| Complete 
| 493|0x00000000a0300000, 0x00000000a0400000, 0x00000000a0400000|100%| E|CS|TAMS 0x00000000a0300000, 0x00000000a0300000| Complete 
| 494|0x00000000a0400000, 0x00000000a0500000, 0x00000000a0500000|100%| E|CS|TAMS 0x00000000a0400000, 0x00000000a0400000| Complete 
| 495|0x00000000a0500000, 0x00000000a0600000, 0x00000000a0600000|100%| E|CS|TAMS 0x00000000a0500000, 0x00000000a0500000| Complete 
| 496|0x00000000a0600000, 0x00000000a0700000, 0x00000000a0700000|100%| E|CS|TAMS 0x00000000a0600000, 0x00000000a0600000| Complete 
| 497|0x00000000a0700000, 0x00000000a0800000, 0x00000000a0800000|100%| E|CS|TAMS 0x00000000a0700000, 0x00000000a0700000| Complete 
| 498|0x00000000a0800000, 0x00000000a0900000, 0x00000000a0900000|100%| E|CS|TAMS 0x00000000a0800000, 0x00000000a0800000| Complete 
| 499|0x00000000a0900000, 0x00000000a0a00000, 0x00000000a0a00000|100%| E|CS|TAMS 0x00000000a0900000, 0x00000000a0900000| Complete 
| 500|0x00000000a0a00000, 0x00000000a0b00000, 0x00000000a0b00000|100%| E|CS|TAMS 0x00000000a0a00000, 0x00000000a0a00000| Complete 
| 501|0x00000000a0b00000, 0x00000000a0c00000, 0x00000000a0c00000|100%| E|CS|TAMS 0x00000000a0b00000, 0x00000000a0b00000| Complete 
| 502|0x00000000a0c00000, 0x00000000a0d00000, 0x00000000a0d00000|100%| E|CS|TAMS 0x00000000a0c00000, 0x00000000a0c00000| Complete 
| 503|0x00000000a0d00000, 0x00000000a0e00000, 0x00000000a0e00000|100%| E|CS|TAMS 0x00000000a0d00000, 0x00000000a0d00000| Complete 
| 504|0x00000000a0e00000, 0x00000000a0f00000, 0x00000000a0f00000|100%| E|CS|TAMS 0x00000000a0e00000, 0x00000000a0e00000| Complete 
| 505|0x00000000a0f00000, 0x00000000a1000000, 0x00000000a1000000|100%| E|CS|TAMS 0x00000000a0f00000, 0x00000000a0f00000| Complete 
| 506|0x00000000a1000000, 0x00000000a1100000, 0x00000000a1100000|100%| E|CS|TAMS 0x00000000a1000000, 0x00000000a1000000| Complete 
| 507|0x00000000a1100000, 0x00000000a1200000, 0x00000000a1200000|100%| E|CS|TAMS 0x00000000a1100000, 0x00000000a1100000| Complete 
| 508|0x00000000a1200000, 0x00000000a1300000, 0x00000000a1300000|100%| E|CS|TAMS 0x00000000a1200000, 0x00000000a1200000| Complete 
| 509|0x00000000a1300000, 0x00000000a1400000, 0x00000000a1400000|100%| E|CS|TAMS 0x00000000a1300000, 0x00000000a1300000| Complete 
| 510|0x00000000a1400000, 0x00000000a1500000, 0x00000000a1500000|100%| E|CS|TAMS 0x00000000a1400000, 0x00000000a1400000| Complete 
| 511|0x00000000a1500000, 0x00000000a1600000, 0x00000000a1600000|100%| E|CS|TAMS 0x00000000a1500000, 0x00000000a1500000| Complete 
| 512|0x00000000a1600000, 0x00000000a1700000, 0x00000000a1700000|100%| E|CS|TAMS 0x00000000a1600000, 0x00000000a1600000| Complete 
| 513|0x00000000a1700000, 0x00000000a1800000, 0x00000000a1800000|100%| E|CS|TAMS 0x00000000a1700000, 0x00000000a1700000| Complete 
| 514|0x00000000a1800000, 0x00000000a1900000, 0x00000000a1900000|100%| E|CS|TAMS 0x00000000a1800000, 0x00000000a1800000| Complete 
| 515|0x00000000a1900000, 0x00000000a1a00000, 0x00000000a1a00000|100%| E|CS|TAMS 0x00000000a1900000, 0x00000000a1900000| Complete 
| 516|0x00000000a1a00000, 0x00000000a1b00000, 0x00000000a1b00000|100%| E|CS|TAMS 0x00000000a1a00000, 0x00000000a1a00000| Complete 
| 517|0x00000000a1b00000, 0x00000000a1c00000, 0x00000000a1c00000|100%| E|CS|TAMS 0x00000000a1b00000, 0x00000000a1b00000| Complete 
| 518|0x00000000a1c00000, 0x00000000a1d00000, 0x00000000a1d00000|100%| E|CS|TAMS 0x00000000a1c00000, 0x00000000a1c00000| Complete 
| 519|0x00000000a1d00000, 0x00000000a1e00000, 0x00000000a1e00000|100%| E|CS|TAMS 0x00000000a1d00000, 0x00000000a1d00000| Complete 
| 520|0x00000000a1e00000, 0x00000000a1f00000, 0x00000000a1f00000|100%| E|CS|TAMS 0x00000000a1e00000, 0x00000000a1e00000| Complete 
| 521|0x00000000a1f00000, 0x00000000a2000000, 0x00000000a2000000|100%| E|CS|TAMS 0x00000000a1f00000, 0x00000000a1f00000| Complete 
| 522|0x00000000a2000000, 0x00000000a2100000, 0x00000000a2100000|100%| E|CS|TAMS 0x00000000a2000000, 0x00000000a2000000| Complete 
| 523|0x00000000a2100000, 0x00000000a2200000, 0x00000000a2200000|100%| E|CS|TAMS 0x00000000a2100000, 0x00000000a2100000| Complete 
| 524|0x00000000a2200000, 0x00000000a2300000, 0x00000000a2300000|100%| E|CS|TAMS 0x00000000a2200000, 0x00000000a2200000| Complete 

Card table byte_map: [0x000001a2bf740000,0x000001a2bfb40000] _byte_map_base: 0x000001a2bf335000

Marking Bits (Prev, Next): (CMBitMap*) 0x000001a2b706fdb0, (CMBitMap*) 0x000001a2b706fdf0
 Prev Bits: [0x000001a2bff40000, 0x000001a2c1ee8000)
 Next Bits: [0x000001a2c1ef0000, 0x000001a2c3e98000)

Polling page: 0x000001a2b6e40000

Metaspace:

Usage:
  Non-class:    123.59 MB used.
      Class:     15.25 MB used.
       Both:    138.84 MB used.

Virtual space:
  Non-class space:      128.00 MB reserved,     124.19 MB ( 97%) committed,  2 nodes.
      Class space:        1.00 GB reserved,      15.88 MB (  2%) committed,  1 nodes.
             Both:        1.12 GB reserved,     140.06 MB ( 12%) committed. 

Chunk freelists:
   Non-Class:  3.64 MB
       Class:  163.00 KB
        Both:  3.80 MB

MaxMetaspaceSize: unlimited
CompressedClassSpaceSize: 1.00 GB
Initial GC threshold: 21.00 MB
Current GC threshold: 142.31 MB
CDS: off
MetaspaceReclaimPolicy: balanced
 - commit_granule_bytes: 65536.
 - commit_granule_words: 8192.
 - virtual_space_node_default_size: 8388608.
 - enlarge_chunks_in_place: 1.
 - new_chunks_are_fully_committed: 0.
 - uncommit_free_chunks: 1.
 - use_allocation_guard: 0.


Internal statistics:

num_allocs_failed_limit: 36.
num_arena_births: 2138.
num_arena_deaths: 0.
num_vsnodes_births: 3.
num_vsnodes_deaths: 0.
num_space_committed: 2239.
num_space_uncommitted: 0.
num_chunks_returned_to_freelist: 36.
num_chunks_taken_from_freelist: 7287.
num_chunk_merges: 36.
num_chunk_splits: 5257.
num_chunks_enlarged: 3987.
num_inconsistent_stats: 0.

CodeCache: size=49152Kb used=26957Kb max_used=27935Kb free=22194Kb
 bounds [0x000001a2bbea0000, 0x000001a2bd9f0000, 0x000001a2beea0000]
 total_blobs=15557 nmethods=14596 adapters=887
 compilation: enabled
              stopped_count=0, restarted_count=0
 full_count=0

Compilation events (20 events):
Event: 244.376 Thread 0x000001a2c64de820 14989       1       java.util.concurrent.Executors$RunnableAdapter::call (14 bytes)
Event: 244.376 Thread 0x000001a2c64de820 nmethod 14989 0x000001a2bd7a9690 code [0x000001a2bd7a9820, 0x000001a2bd7a9928]
Event: 247.149 Thread 0x000001a2c64de820 14990       1       java.util.concurrent.ScheduledThreadPoolExecutor$DelayedWorkQueue::siftDown (119 bytes)
Event: 247.151 Thread 0x000001a2c64de820 nmethod 14990 0x000001a2bd7a8990 code [0x000001a2bd7a8b80, 0x000001a2bd7a91d8]
Event: 251.153 Thread 0x000001a2c64de820 14994       1       java.util.concurrent.locks.AbstractQueuedSynchronizer$ConditionNode::block (15 bytes)
Event: 251.153 Thread 0x000001a2c64de820 nmethod 14994 0x000001a2bd7a8590 code [0x000001a2bd7a8720, 0x000001a2bd7a8888]
Event: 251.153 Thread 0x000001a2c64de820 14991   !   1       java.util.concurrent.locks.AbstractQueuedSynchronizer$ConditionObject::await (183 bytes)
Event: 251.154 Thread 0x000001a2c64de820 nmethod 14991 0x000001a2bd7a7290 code [0x000001a2bd7a74e0, 0x000001a2bd7a7e98]
Event: 251.154 Thread 0x000001a2c64de820 14992       1       java.util.concurrent.ForkJoinPool::managedBlock (36 bytes)
Event: 251.154 Thread 0x000001a2c64de820 nmethod 14992 0x000001a2bd7a6c90 code [0x000001a2bd7a6e60, 0x000001a2bd7a70d8]
Event: 251.154 Thread 0x000001a2c64de820 14993       1       java.util.concurrent.ForkJoinPool::unmanagedBlock (31 bytes)
Event: 251.154 Thread 0x000001a2c64de820 nmethod 14993 0x000001a2bd7a6810 code [0x000001a2bd7a69c0, 0x000001a2bd7a6b68]
Event: 253.144 Thread 0x000001a2c64de820 14995   !   1       java.util.concurrent.FutureTask::runAndReset (125 bytes)
Event: 253.147 Thread 0x000001a2c64de820 nmethod 14995 0x000001a2bd7a5590 code [0x000001a2bd7a5820, 0x000001a2bd7a6198]
Event: 253.147 Thread 0x000001a2c64de820 14996       1       java.util.concurrent.ScheduledThreadPoolExecutor$ScheduledFutureTask::setNextRunTime (38 bytes)
Event: 253.148 Thread 0x000001a2c64de820 nmethod 14996 0x000001a2bd7a5110 code [0x000001a2bd7a52c0, 0x000001a2bd7a54a8]
Event: 253.148 Thread 0x000001a2c64de820 14997       1       java.util.concurrent.ScheduledThreadPoolExecutor::reExecutePeriodic (49 bytes)
Event: 253.148 Thread 0x000001a2c64de820 nmethod 14997 0x000001a2bd7a4b10 code [0x000001a2bd7a4d00, 0x000001a2bd7a4f68]
Event: 255.147 Thread 0x000001a2c64de820 14998       1       java.util.concurrent.locks.AbstractQueuedSynchronizer$ConditionObject::unlinkCancelledWaiters (91 bytes)
Event: 255.148 Thread 0x000001a2c64de820 nmethod 14998 0x000001a2bd7a4590 code [0x000001a2bd7a4740, 0x000001a2bd7a49d8]

GC Heap History (20 events):
Event: 38.402 GC heap before
{Heap before GC invocations=44 (full 0):
 garbage-first heap   total 537600K, used 435212K [0x0000000081600000, 0x0000000100000000)
  region size 1024K, 315 young (322560K), 12 survivors (12288K)
 Metaspace       used 94357K, committed 95040K, reserved 1179648K
  class space    used 10591K, committed 10944K, reserved 1048576K
}
Event: 38.417 GC heap after
{Heap after GC invocations=45 (full 0):
 garbage-first heap   total 537600K, used 135802K [0x0000000081600000, 0x0000000100000000)
  region size 1024K, 23 young (23552K), 23 survivors (23552K)
 Metaspace       used 94357K, committed 95040K, reserved 1179648K
  class space    used 10591K, committed 10944K, reserved 1048576K
}
Event: 42.467 GC heap before
{Heap before GC invocations=45 (full 0):
 garbage-first heap   total 537600K, used 437882K [0x0000000081600000, 0x0000000100000000)
  region size 1024K, 315 young (322560K), 23 survivors (23552K)
 Metaspace       used 102968K, committed 103616K, reserved 1179648K
  class space    used 11544K, committed 11840K, reserved 1048576K
}
Event: 42.492 GC heap after
{Heap after GC invocations=46 (full 0):
 garbage-first heap   total 537600K, used 152380K [0x0000000081600000, 0x0000000100000000)
  region size 1024K, 37 young (37888K), 37 survivors (37888K)
 Metaspace       used 102968K, committed 103616K, reserved 1179648K
  class space    used 11544K, committed 11840K, reserved 1048576K
}
Event: 44.335 GC heap before
{Heap before GC invocations=46 (full 0):
 garbage-first heap   total 537600K, used 437052K [0x0000000081600000, 0x0000000100000000)
  region size 1024K, 315 young (322560K), 37 survivors (37888K)
 Metaspace       used 105165K, committed 105920K, reserved 1179648K
  class space    used 11757K, committed 12096K, reserved 1048576K
}
Event: 44.368 GC heap after
{Heap after GC invocations=47 (full 0):
 garbage-first heap   total 537600K, used 168275K [0x0000000081600000, 0x0000000100000000)
  region size 1024K, 33 young (33792K), 33 survivors (33792K)
 Metaspace       used 105165K, committed 105920K, reserved 1179648K
  class space    used 11757K, committed 12096K, reserved 1048576K
}
Event: 45.970 GC heap before
{Heap before GC invocations=47 (full 0):
 garbage-first heap   total 537600K, used 448851K [0x0000000081600000, 0x0000000100000000)
  region size 1024K, 307 young (314368K), 33 survivors (33792K)
 Metaspace       used 109660K, committed 110336K, reserved 1179648K
  class space    used 12117K, committed 12416K, reserved 1048576K
}
Event: 45.999 GC heap after
{Heap after GC invocations=48 (full 0):
 garbage-first heap   total 537600K, used 183808K [0x0000000081600000, 0x0000000100000000)
  region size 1024K, 31 young (31744K), 31 survivors (31744K)
 Metaspace       used 109660K, committed 110336K, reserved 1179648K
  class space    used 12117K, committed 12416K, reserved 1048576K
}
Event: 47.444 GC heap before
{Heap before GC invocations=48 (full 0):
 garbage-first heap   total 537600K, used 446976K [0x0000000081600000, 0x0000000100000000)
  region size 1024K, 288 young (294912K), 31 survivors (31744K)
 Metaspace       used 114014K, committed 114752K, reserved 1179648K
  class space    used 12383K, committed 12736K, reserved 1048576K
}
Event: 47.471 GC heap after
{Heap after GC invocations=49 (full 0):
 garbage-first heap   total 537600K, used 197120K [0x0000000081600000, 0x0000000100000000)
  region size 1024K, 28 young (28672K), 28 survivors (28672K)
 Metaspace       used 114014K, committed 114752K, reserved 1179648K
  class space    used 12383K, committed 12736K, reserved 1048576K
}
Event: 48.972 GC heap before
{Heap before GC invocations=49 (full 0):
 garbage-first heap   total 537600K, used 448000K [0x0000000081600000, 0x0000000100000000)
  region size 1024K, 273 young (279552K), 28 survivors (28672K)
 Metaspace       used 119451K, committed 120256K, reserved 1179648K
  class space    used 12712K, committed 13120K, reserved 1048576K
}
Event: 48.999 GC heap after
{Heap after GC invocations=50 (full 0):
 garbage-first heap   total 537600K, used 211456K [0x0000000081600000, 0x0000000100000000)
  region size 1024K, 26 young (26624K), 26 survivors (26624K)
 Metaspace       used 119451K, committed 120256K, reserved 1179648K
  class space    used 12712K, committed 13120K, reserved 1048576K
}
Event: 50.414 GC heap before
{Heap before GC invocations=50 (full 0):
 garbage-first heap   total 537600K, used 449024K [0x0000000081600000, 0x0000000100000000)
  region size 1024K, 258 young (264192K), 26 survivors (26624K)
 Metaspace       used 124440K, committed 125376K, reserved 1179648K
  class space    used 13200K, committed 13632K, reserved 1048576K
}
Event: 50.438 GC heap after
{Heap after GC invocations=51 (full 0):
 garbage-first heap   total 537600K, used 222720K [0x0000000081600000, 0x0000000100000000)
  region size 1024K, 24 young (24576K), 24 survivors (24576K)
 Metaspace       used 124440K, committed 125376K, reserved 1179648K
  class space    used 13200K, committed 13632K, reserved 1048576K
}
Event: 54.866 GC heap before
{Heap before GC invocations=51 (full 0):
 garbage-first heap   total 537600K, used 449024K [0x0000000081600000, 0x0000000100000000)
  region size 1024K, 246 young (251904K), 24 survivors (24576K)
 Metaspace       used 128868K, committed 129856K, reserved 1179648K
  class space    used 13900K, committed 14400K, reserved 1048576K
}
Event: 54.907 GC heap after
{Heap after GC invocations=52 (full 0):
 garbage-first heap   total 537600K, used 268288K [0x0000000081600000, 0x0000000100000000)
  region size 1024K, 31 young (31744K), 31 survivors (31744K)
 Metaspace       used 128868K, committed 129856K, reserved 1179648K
  class space    used 13900K, committed 14400K, reserved 1048576K
}
Event: 55.841 GC heap before
{Heap before GC invocations=52 (full 0):
 garbage-first heap   total 537600K, used 424960K [0x0000000081600000, 0x0000000100000000)
  region size 1024K, 183 young (187392K), 31 survivors (31744K)
 Metaspace       used 130521K, committed 131584K, reserved 1179648K
  class space    used 14129K, committed 14656K, reserved 1048576K
}
Event: 55.876 GC heap after
{Heap after GC invocations=53 (full 0):
 garbage-first heap   total 537600K, used 284672K [0x0000000081600000, 0x0000000100000000)
  region size 1024K, 23 young (23552K), 23 survivors (23552K)
 Metaspace       used 130521K, committed 131584K, reserved 1179648K
  class space    used 14129K, committed 14656K, reserved 1048576K
}
Event: 57.121 GC heap before
{Heap before GC invocations=53 (full 0):
 garbage-first heap   total 537600K, used 434176K [0x0000000081600000, 0x0000000100000000)
  region size 1024K, 160 young (163840K), 23 survivors (23552K)
 Metaspace       used 135047K, committed 136064K, reserved 1179648K
  class space    used 14602K, committed 15104K, reserved 1048576K
}
Event: 57.141 GC heap after
{Heap after GC invocations=54 (full 0):
 garbage-first heap   total 537600K, used 292864K [0x0000000081600000, 0x0000000100000000)
  region size 1024K, 8 young (8192K), 8 survivors (8192K)
 Metaspace       used 135047K, committed 136064K, reserved 1179648K
  class space    used 14602K, committed 15104K, reserved 1048576K
}

Deoptimization events (20 events):
Event: 70.102 Thread 0x000001a2d2977e90 DEOPT PACKING pc=0x000001a2bc30dadc sp=0x0000004e72ff7310
Event: 70.102 Thread 0x000001a2d2977e90 DEOPT UNPACKING pc=0x000001a2bbef2b43 sp=0x0000004e72ff67e8 mode 1
Event: 70.102 Thread 0x000001a2d2977e90 DEOPT PACKING pc=0x000001a2bc31af31 sp=0x0000004e72ff6810
Event: 70.102 Thread 0x000001a2d2977e90 DEOPT UNPACKING pc=0x000001a2bbef2b43 sp=0x0000004e72ff5c68 mode 1
Event: 70.102 Thread 0x000001a2d2977e90 DEOPT PACKING pc=0x000001a2bc30e47c sp=0x0000004e72ff68a0
Event: 70.102 Thread 0x000001a2d2977e90 DEOPT UNPACKING pc=0x000001a2bbef2b43 sp=0x0000004e72ff5d58 mode 1
Event: 70.102 Thread 0x000001a2d2977e90 DEOPT PACKING pc=0x000001a2bc30dde4 sp=0x0000004e72ff7280
Event: 70.102 Thread 0x000001a2d2977e90 DEOPT UNPACKING pc=0x000001a2bbef2b43 sp=0x0000004e72ff6748 mode 1
Event: 70.102 Thread 0x000001a2d2977e90 DEOPT PACKING pc=0x000001a2bc30dadc sp=0x0000004e72ff7310
Event: 70.102 Thread 0x000001a2d2977e90 DEOPT UNPACKING pc=0x000001a2bbef2b43 sp=0x0000004e72ff67e8 mode 1
Event: 70.185 Thread 0x000001a2d2977e90 DEOPT PACKING pc=0x000001a2bc4b7354 sp=0x0000004e72ff98d0
Event: 70.185 Thread 0x000001a2d2977e90 DEOPT UNPACKING pc=0x000001a2bbef2b43 sp=0x0000004e72ff8e20 mode 1
Event: 70.185 Thread 0x000001a2d2977e90 DEOPT PACKING pc=0x000001a2bca45c04 sp=0x0000004e72ff99e0
Event: 70.185 Thread 0x000001a2d2977e90 DEOPT UNPACKING pc=0x000001a2bbef2b43 sp=0x0000004e72ff8eb0 mode 1
Event: 70.204 Thread 0x000001a2d2977e90 DEOPT PACKING pc=0x000001a2bc4b7354 sp=0x0000004e72ffa280
Event: 70.204 Thread 0x000001a2d2977e90 DEOPT UNPACKING pc=0x000001a2bbef2b43 sp=0x0000004e72ff97d0 mode 1
Event: 70.204 Thread 0x000001a2d2977e90 DEOPT PACKING pc=0x000001a2bca45c04 sp=0x0000004e72ffa390
Event: 70.204 Thread 0x000001a2d2977e90 DEOPT UNPACKING pc=0x000001a2bbef2b43 sp=0x0000004e72ff9860 mode 1
Event: 265.995 Thread 0x000001a2d2977e90 DEOPT PACKING pc=0x000001a2bc5744f4 sp=0x0000004e72ffa8c0
Event: 265.995 Thread 0x000001a2d2977e90 DEOPT UNPACKING pc=0x000001a2bbef2b43 sp=0x0000004e72ff9d58 mode 0

Classes loaded (20 events):
Event: 69.993 Loading class org/xml/sax/helpers/DefaultHandler done
Event: 69.993 Loading class com/sun/org/apache/xerces/internal/jaxp/DefaultValidationErrorHandler done
Event: 69.994 Loading class com/sun/org/apache/xerces/internal/util/ErrorHandlerWrapper
Event: 69.994 Loading class com/sun/org/apache/xerces/internal/xni/parser/XMLErrorHandler
Event: 69.994 Loading class com/sun/org/apache/xerces/internal/xni/parser/XMLErrorHandler done
Event: 69.994 Loading class com/sun/org/apache/xerces/internal/util/ErrorHandlerWrapper done
Event: 69.996 Loading class org/xml/sax/ext/EntityResolver2
Event: 69.996 Loading class org/xml/sax/ext/EntityResolver2 done
Event: 69.996 Loading class com/sun/org/apache/xerces/internal/util/EntityResolverWrapper
Event: 69.996 Loading class com/sun/org/apache/xerces/internal/util/EntityResolverWrapper done
Event: 69.996 Loading class com/sun/org/apache/xerces/internal/impl/ExternalSubsetResolver
Event: 69.996 Loading class com/sun/org/apache/xerces/internal/impl/ExternalSubsetResolver done
Event: 70.067 Loading class java/time/format/DateTimeParseContext
Event: 70.068 Loading class java/time/format/DateTimeParseContext done
Event: 70.068 Loading class java/time/format/Parsed
Event: 70.068 Loading class java/time/format/Parsed done
Event: 129.239 Loading class java/util/concurrent/ForkJoinTask$RunnableExecuteAction
Event: 129.240 Loading class java/util/concurrent/ForkJoinTask$RunnableExecuteAction done
Event: 129.241 Loading class java/util/concurrent/ForkJoinPool$DefaultCommonPoolForkJoinWorkerThreadFactory$1
Event: 129.241 Loading class java/util/concurrent/ForkJoinPool$DefaultCommonPoolForkJoinWorkerThreadFactory$1 done

Classes unloaded (0 events):
No events

Classes redefined (1 events):
Event: 266.027 Thread 0x000001a2c649ee70 redefined class name=com.maan.eway.calculator.util.EndtCoverCalculator, count=1

Internal exceptions (20 events):
Event: 56.940 Thread 0x000001a2b7011170 Exception <a 'java/lang/ClassNotFoundException'{0x000000009ac75950}: org/codehaus/groovy/ast/expr/ExpressionCustomizer> (0x000000009ac75950) 
thrown [s\src\hotspot\share\classfile\systemDictionary.cpp, line 255]
Event: 56.940 Thread 0x000001a2b7011170 Exception <a 'java/lang/ClassNotFoundException'{0x000000009ac82728}: org/codehaus/groovy/ast/expr/ConstantExpressionCustomizer> (0x000000009ac82728) 
thrown [s\src\hotspot\share\classfile\systemDictionary.cpp, line 255]
Event: 57.082 Thread 0x000001a2b7011170 Exception <a 'java/lang/NoSuchMethodError'{0x0000000099ef0840}: 'void java.lang.invoke.DirectMethodHandle$Holder.invokeSpecial(java.lang.Object, java.lang.Object, int, java.lang.Object, java.lang.Object, java.lang.Object, java.lang.Object)'> (0x0000000099ef0840) 
thrown [s\src\hotspot\share\interpreter\linkResolver.cpp, line 766]
Event: 57.083 Thread 0x000001a2b7011170 Exception <a 'java/lang/NoSuchMethodError'{0x0000000099ef8600}: 'java.lang.Object java.lang.invoke.DirectMethodHandle$Holder.newInvokeSpecial(java.lang.Object, java.lang.Object, int, java.lang.Object, java.lang.Object)'> (0x0000000099ef8600) 
thrown [s\src\hotspot\share\interpreter\linkResolver.cpp, line 766]
Event: 57.084 Thread 0x000001a2b7011170 Exception <a 'java/lang/NoSuchMethodError'{0x0000000099d03d10}: 'java.lang.Object java.lang.invoke.DirectMethodHandle$Holder.invokeSpecial(java.lang.Object, java.lang.Object, int, java.lang.Object, int, java.lang.Object)'> (0x0000000099d03d10) 
thrown [s\src\hotspot\share\interpreter\linkResolver.cpp, line 766]
Event: 57.084 Thread 0x000001a2b7011170 Exception <a 'java/lang/NoSuchMethodError'{0x0000000099d0bb18}: 'java.lang.Object java.lang.invoke.DirectMethodHandle$Holder.newInvokeSpecial(java.lang.Object, java.lang.Object, int, java.lang.Object, int)'> (0x0000000099d0bb18) 
thrown [s\src\hotspot\share\interpreter\linkResolver.cpp, line 766]
Event: 57.084 Thread 0x000001a2b7011170 Exception <a 'java/lang/NoSuchMethodError'{0x0000000099d0fc20}: 'java.lang.Object java.lang.invoke.DirectMethodHandle$Holder.invokeSpecial(java.lang.Object, java.lang.Object, java.lang.Object, int, java.lang.Object, int)'> (0x0000000099d0fc20) 
thrown [s\src\hotspot\share\interpreter\linkResolver.cpp, line 766]
Event: 67.681 Thread 0x000001a2d2977e90 Exception <a 'java/lang/NoSuchMethodError'{0x00000000a1c65ca0}: 'java.lang.Object java.lang.invoke.DirectMethodHandle$Holder.invokeSpecial(java.lang.Object, java.lang.Object, java.lang.Object, java.lang.Object, java.lang.Object, long)'> (0x00000000a1c65ca0) 
thrown [s\src\hotspot\share\interpreter\linkResolver.cpp, line 766]
Event: 67.681 Thread 0x000001a2d2977e90 Exception <a 'java/lang/NoSuchMethodError'{0x00000000a1c696e8}: 'java.lang.Object java.lang.invoke.Invokers$Holder.linkToTargetMethod(java.lang.Object, java.lang.Object, java.lang.Object, long, java.lang.Object)'> (0x00000000a1c696e8) 
thrown [s\src\hotspot\share\interpreter\linkResolver.cpp, line 766]
Event: 68.450 Thread 0x000001a2d2977e90 Exception <a 'java/lang/NoSuchMethodError'{0x000000009ee23120}: 'int java.lang.invoke.DirectMethodHandle$Holder.invokeStatic(java.lang.Object, java.lang.Object, int, java.lang.Object)'> (0x000000009ee23120) 
thrown [s\src\hotspot\share\interpreter\linkResolver.cpp, line 766]
Event: 68.807 Thread 0x000001a2d2977e90 Exception <a 'java/lang/IncompatibleClassChangeError'{0x000000009d3306c0}: Found class java.lang.Object, but interface was expected> (0x000000009d3306c0) 
thrown [s\src\hotspot\share\interpreter\linkResolver.cpp, line 833]
Event: 69.594 Thread 0x000001a2d2977e90 Exception <a 'java/lang/NoSuchMethodError'{0x000000009cd56b18}: 'java.lang.Object java.lang.invoke.DirectMethodHandle$Holder.newInvokeSpecial(java.lang.Object, long)'> (0x000000009cd56b18) 
thrown [s\src\hotspot\share\interpreter\linkResolver.cpp, line 766]
Event: 69.594 Thread 0x000001a2d2977e90 Exception <a 'java/lang/NoSuchMethodError'{0x000000009cd5ace8}: 'long java.lang.invoke.DirectMethodHandle$Holder.invokeStatic(java.lang.Object, java.lang.Object, int)'> (0x000000009cd5ace8) 
thrown [s\src\hotspot\share\interpreter\linkResolver.cpp, line 766]
Event: 69.722 Thread 0x000001a2d2977e90 Exception <a 'java/lang/NoSuchMethodError'{0x000000009ccfcbc8}: 'double java.lang.invoke.DirectMethodHandle$Holder.invokeStatic(java.lang.Object, java.lang.Object)'> (0x000000009ccfcbc8) 
thrown [s\src\hotspot\share\interpreter\linkResolver.cpp, line 766]
Event: 69.725 Thread 0x000001a2d2977e90 Exception <a 'java/lang/NoSuchMethodError'{0x000000009cb0f3a0}: 'void java.lang.invoke.DirectMethodHandle$Holder.invokeStatic(java.lang.Object, java.lang.Object, double)'> (0x000000009cb0f3a0) 
thrown [s\src\hotspot\share\interpreter\linkResolver.cpp, line 766]
Event: 70.037 Thread 0x000001a2d2977e90 Exception <a 'java/lang/ClassNotFoundException'{0x000000009c181230}: com/maan/eway/res/calc/CoverBeanInfo> (0x000000009c181230) 
thrown [s\src\hotspot\share\classfile\systemDictionary.cpp, line 255]
Event: 70.038 Thread 0x000001a2d2977e90 Exception <a 'java/lang/ClassNotFoundException'{0x000000009c18ae40}: com/maan/eway/res/calc/CoverCustomizer> (0x000000009c18ae40) 
thrown [s\src\hotspot\share\classfile\systemDictionary.cpp, line 255]
Event: 70.044 Thread 0x000001a2d2977e90 Exception <a 'java/lang/ClassNotFoundException'{0x000000009c040cf8}: com/maan/eway/bean/FactorRateRequestDetailsBeanInfo> (0x000000009c040cf8) 
thrown [s\src\hotspot\share\classfile\systemDictionary.cpp, line 255]
Event: 70.045 Thread 0x000001a2d2977e90 Exception <a 'java/lang/ClassNotFoundException'{0x000000009c04af68}: com/maan/eway/bean/FactorRateRequestDetailsCustomizer> (0x000000009c04af68) 
thrown [s\src\hotspot\share\classfile\systemDictionary.cpp, line 255]
Event: 70.106 Thread 0x000001a2d2977e90 Exception <a 'java/lang/NoSuchMethodError'{0x000000009bc21bd0}: 'int java.lang.invoke.DirectMethodHandle$Holder.invokeStatic(java.lang.Object, java.lang.Object, int, int)'> (0x000000009bc21bd0) 
thrown [s\src\hotspot\share\interpreter\linkResolver.cpp, line 766]

VM Operations (20 events):
Event: 266.476 Executing VM operation: ChangeBreakpoints
Event: 266.479 Executing VM operation: ChangeBreakpoints done
Event: 266.501 Executing VM operation: ChangeBreakpoints
Event: 266.504 Executing VM operation: ChangeBreakpoints done
Event: 266.612 Executing VM operation: ChangeBreakpoints
Event: 266.615 Executing VM operation: ChangeBreakpoints done
Event: 266.623 Executing VM operation: ChangeSingleStep
Event: 266.623 Executing VM operation: ChangeSingleStep done
Event: 266.624 Executing VM operation: get/set locals
Event: 266.624 Executing VM operation: get/set locals done
Event: 266.626 Executing VM operation: ChangeSingleStep
Event: 266.626 Executing VM operation: ChangeSingleStep done
Event: 266.629 Executing VM operation: GetObjectMonitorUsage
Event: 266.629 Executing VM operation: GetObjectMonitorUsage done
Event: 266.629 Executing VM operation: GetObjectMonitorUsage
Event: 266.629 Executing VM operation: GetObjectMonitorUsage done
Event: 266.640 Executing VM operation: GetObjectMonitorUsage
Event: 266.640 Executing VM operation: GetObjectMonitorUsage done
Event: 266.640 Executing VM operation: GetObjectMonitorUsage
Event: 266.640 Executing VM operation: GetObjectMonitorUsage done

Events (20 events):
Event: 57.103 Thread 0x000001a2ca8202f0 flushing nmethod 0x000001a2bd5e3410
Event: 57.104 Thread 0x000001a2ca8202f0 flushing nmethod 0x000001a2bd63d590
Event: 57.120 Thread 0x000001a2d2975ce0 Thread added: 0x000001a2d2975ce0
Event: 57.143 Thread 0x000001a2d297a040 Thread added: 0x000001a2d297a040
Event: 57.164 Thread 0x000001a2b7011170 Thread exited: 0x000001a2b7011170
Event: 57.164 Thread 0x000001a2d297aeb0 Thread added: 0x000001a2d297aeb0
Event: 62.188 Thread 0x000001a2d2c7b9c0 Thread exited: 0x000001a2d2c7b9c0
Event: 64.229 Thread 0x000001a2d2c7b4b0 Thread exited: 0x000001a2d2c7b4b0
Event: 68.713 Thread 0x000001a2cda7dab0 Thread added: 0x000001a2cda7dab0
Event: 68.714 Thread 0x000001a2d2c7b4b0 Thread added: 0x000001a2d2c7b4b0
Event: 68.819 Thread 0x000001a2d29761b0 Thread added: 0x000001a2d29761b0
Event: 68.828 Thread 0x000001a2d29796a0 Thread added: 0x000001a2d29796a0
Event: 80.170 Thread 0x000001a2d2c7b4b0 Thread exited: 0x000001a2d2c7b4b0
Event: 91.486 Thread 0x000001a2cb858670 Thread exited: 0x000001a2cb858670
Event: 93.730 Thread 0x000001a2cda7dab0 Thread exited: 0x000001a2cda7dab0
Event: 129.242 Thread 0x000001a2d2976b50 Thread added: 0x000001a2d2976b50
Event: 129.243 Thread 0x000001a2d297b380 Thread added: 0x000001a2d297b380
Event: 130.241 Thread 0x000001a2d2977020 Thread added: 0x000001a2d2977020
Event: 191.260 Thread 0x000001a2d2977020 Thread exited: 0x000001a2d2977020
Event: 251.261 Thread 0x000001a2d2976b50 Thread exited: 0x000001a2d2976b50


Dynamic libraries:
0x00007ff71cd80000 - 0x00007ff71cd8e000 	C:\Users\Admin\.p2\pool\plugins\org.eclipse.justj.openjdk.hotspot.jre.full.win32.x86_64_18.0.1.v20220515-1614\jre\bin\javaw.exe
0x00007ff974db0000 - 0x00007ff974fa8000 	C:\WINDOWS\SYSTEM32\ntdll.dll
0x00007ff96f740000 - 0x00007ff96f75a000 	C:\Program Files\AVG\Antivirus\aswhook.dll
0x00007ff974c30000 - 0x00007ff974cf2000 	C:\WINDOWS\System32\KERNEL32.DLL
0x00007ff972970000 - 0x00007ff972c6f000 	C:\WINDOWS\System32\KERNELBASE.dll
0x00007ff9724f0000 - 0x00007ff9725f0000 	C:\WINDOWS\System32\ucrtbase.dll
0x00007ff923530000 - 0x00007ff923547000 	C:\Users\Admin\.p2\pool\plugins\org.eclipse.justj.openjdk.hotspot.jre.full.win32.x86_64_18.0.1.v20220515-1614\jre\bin\jli.dll
0x00007ff96f400000 - 0x00007ff96f419000 	C:\Users\Admin\.p2\pool\plugins\org.eclipse.justj.openjdk.hotspot.jre.full.win32.x86_64_18.0.1.v20220515-1614\jre\bin\VCRUNTIME140.dll
0x00007ff973eb0000 - 0x00007ff97404d000 	C:\WINDOWS\System32\USER32.dll
0x00007ff972810000 - 0x00007ff972832000 	C:\WINDOWS\System32\win32u.dll
0x00007ff959c60000 - 0x00007ff959efa000 	C:\WINDOWS\WinSxS\amd64_microsoft.windows.common-controls_6595b64144ccf1df_6.0.19041.4355_none_60b8b9eb71f62e16\COMCTL32.dll
0x00007ff9742c0000 - 0x00007ff9742eb000 	C:\WINDOWS\System32\GDI32.dll
0x00007ff972640000 - 0x00007ff97275a000 	C:\WINDOWS\System32\gdi32full.dll
0x00007ff972450000 - 0x00007ff9724ed000 	C:\WINDOWS\System32\msvcp_win.dll
0x00007ff973810000 - 0x00007ff9738ae000 	C:\WINDOWS\System32\msvcrt.dll
0x00007ff972eb0000 - 0x00007ff972edf000 	C:\WINDOWS\System32\IMM32.DLL
0x00007ff95d240000 - 0x00007ff95d24c000 	C:\Users\Admin\.p2\pool\plugins\org.eclipse.justj.openjdk.hotspot.jre.full.win32.x86_64_18.0.1.v20220515-1614\jre\bin\vcruntime140_1.dll
0x00007ff92c2f0000 - 0x00007ff92c381000 	C:\Users\Admin\.p2\pool\plugins\org.eclipse.justj.openjdk.hotspot.jre.full.win32.x86_64_18.0.1.v20220515-1614\jre\bin\msvcp140.dll
0x00007ff90cef0000 - 0x00007ff90db79000 	C:\Users\Admin\.p2\pool\plugins\org.eclipse.justj.openjdk.hotspot.jre.full.win32.x86_64_18.0.1.v20220515-1614\jre\bin\server\jvm.dll
0x00007ff974410000 - 0x00007ff9744bf000 	C:\WINDOWS\System32\ADVAPI32.dll
0x00007ff974370000 - 0x00007ff97440f000 	C:\WINDOWS\System32\sechost.dll
0x00007ff973020000 - 0x00007ff973143000 	C:\WINDOWS\System32\RPCRT4.dll
0x00007ff972940000 - 0x00007ff972967000 	C:\WINDOWS\System32\bcrypt.dll
0x00007ff973010000 - 0x00007ff973018000 	C:\WINDOWS\System32\PSAPI.DLL
0x00007ff968ba0000 - 0x00007ff968ba9000 	C:\WINDOWS\SYSTEM32\WSOCK32.dll
0x00007ff959bd0000 - 0x00007ff959bf7000 	C:\WINDOWS\SYSTEM32\WINMM.dll
0x00007ff96c170000 - 0x00007ff96c17a000 	C:\WINDOWS\SYSTEM32\VERSION.dll
0x00007ff974d00000 - 0x00007ff974d6b000 	C:\WINDOWS\System32\WS2_32.dll
0x00007ff970c90000 - 0x00007ff970ca2000 	C:\WINDOWS\SYSTEM32\kernel.appcore.dll
0x00007ff93b200000 - 0x00007ff93b20a000 	C:\Users\Admin\.p2\pool\plugins\org.eclipse.justj.openjdk.hotspot.jre.full.win32.x86_64_18.0.1.v20220515-1614\jre\bin\jimage.dll
0x00007ff9702c0000 - 0x00007ff9704a4000 	C:\WINDOWS\SYSTEM32\DBGHELP.DLL
0x00007ff96bab0000 - 0x00007ff96bae4000 	C:\WINDOWS\SYSTEM32\dbgcore.DLL
0x00007ff972840000 - 0x00007ff9728c2000 	C:\WINDOWS\System32\bcryptPrimitives.dll
0x00007ff95a100000 - 0x00007ff95a13b000 	C:\Users\Admin\.p2\pool\plugins\org.eclipse.justj.openjdk.hotspot.jre.full.win32.x86_64_18.0.1.v20220515-1614\jre\bin\jdwp.dll
0x00007ff93b090000 - 0x00007ff93b09e000 	C:\Users\Admin\.p2\pool\plugins\org.eclipse.justj.openjdk.hotspot.jre.full.win32.x86_64_18.0.1.v20220515-1614\jre\bin\instrument.dll
0x00007ff9163d0000 - 0x00007ff9163f5000 	C:\Users\Admin\.p2\pool\plugins\org.eclipse.justj.openjdk.hotspot.jre.full.win32.x86_64_18.0.1.v20220515-1614\jre\bin\java.dll
0x00007ff9163b0000 - 0x00007ff9163c8000 	C:\Users\Admin\.p2\pool\plugins\org.eclipse.justj.openjdk.hotspot.jre.full.win32.x86_64_18.0.1.v20220515-1614\jre\bin\zip.dll
0x00007ff9744c0000 - 0x00007ff974c2d000 	C:\WINDOWS\System32\SHELL32.dll
0x00007ff9704c0000 - 0x00007ff970c64000 	C:\WINDOWS\SYSTEM32\windows.storage.dll
0x00007ff9733e0000 - 0x00007ff973735000 	C:\WINDOWS\System32\combase.dll
0x00007ff971db0000 - 0x00007ff971ddb000 	C:\WINDOWS\SYSTEM32\Wldp.dll
0x00007ff973740000 - 0x00007ff97380d000 	C:\WINDOWS\System32\OLEAUT32.dll
0x00007ff974210000 - 0x00007ff9742bd000 	C:\WINDOWS\System32\SHCORE.dll
0x00007ff973310000 - 0x00007ff973365000 	C:\WINDOWS\System32\shlwapi.dll
0x00007ff972380000 - 0x00007ff9723a5000 	C:\WINDOWS\SYSTEM32\profapi.dll
0x00007ff96f3e0000 - 0x00007ff96f3ec000 	C:\Users\Admin\.p2\pool\plugins\org.eclipse.justj.openjdk.hotspot.jre.full.win32.x86_64_18.0.1.v20220515-1614\jre\bin\dt_socket.dll
0x00007ff9717f0000 - 0x00007ff97182b000 	C:\WINDOWS\SYSTEM32\IPHLPAPI.DLL
0x00007ff971b10000 - 0x00007ff971b7c000 	C:\WINDOWS\system32\mswsock.dll
0x00007ff971840000 - 0x00007ff97190a000 	C:\WINDOWS\SYSTEM32\DNSAPI.dll
0x00007ff9733d0000 - 0x00007ff9733d8000 	C:\WINDOWS\System32\NSI.dll
0x00007ff95d370000 - 0x00007ff95d37a000 	C:\Windows\System32\rasadhlp.dll
0x00007ff968a30000 - 0x00007ff968ab0000 	C:\WINDOWS\System32\fwpuclnt.dll
0x00007ff916390000 - 0x00007ff9163a3000 	C:\Users\Admin\.p2\pool\plugins\org.eclipse.justj.openjdk.hotspot.jre.full.win32.x86_64_18.0.1.v20220515-1614\jre\bin\net.dll
0x00007ff96af80000 - 0x00007ff96b08a000 	C:\WINDOWS\SYSTEM32\WINHTTP.dll
0x00007ff916370000 - 0x00007ff916386000 	C:\Users\Admin\.p2\pool\plugins\org.eclipse.justj.openjdk.hotspot.jre.full.win32.x86_64_18.0.1.v20220515-1614\jre\bin\nio.dll
0x00007ff95d230000 - 0x00007ff95d239000 	C:\Users\Admin\.p2\pool\plugins\org.eclipse.justj.openjdk.hotspot.jre.full.win32.x86_64_18.0.1.v20220515-1614\jre\bin\management.dll
0x00007ff959970000 - 0x00007ff95997b000 	C:\Users\Admin\.p2\pool\plugins\org.eclipse.justj.openjdk.hotspot.jre.full.win32.x86_64_18.0.1.v20220515-1614\jre\bin\management_ext.dll
0x00007ff95afa0000 - 0x00007ff95afb7000 	C:\WINDOWS\system32\napinsp.dll
0x00007ff95afc0000 - 0x00007ff95afdb000 	C:\WINDOWS\system32\pnrpnsp.dll
0x00007ff95b010000 - 0x00007ff95b025000 	C:\WINDOWS\system32\wshbth.dll
0x00007ff96f240000 - 0x00007ff96f25d000 	C:\WINDOWS\system32\NLAapi.dll
0x00007ff95bb20000 - 0x00007ff95bb32000 	C:\WINDOWS\System32\winrnr.dll
0x00007ff971d10000 - 0x00007ff971d28000 	C:\WINDOWS\SYSTEM32\CRYPTSP.dll
0x00007ff971430000 - 0x00007ff971468000 	C:\WINDOWS\system32\rsaenh.dll
0x00007ff972300000 - 0x00007ff97232e000 	C:\WINDOWS\SYSTEM32\USERENV.dll
0x00007ff971d00000 - 0x00007ff971d0c000 	C:\WINDOWS\SYSTEM32\CRYPTBASE.dll
0x00007ff96ba80000 - 0x00007ff96ba97000 	C:\WINDOWS\SYSTEM32\dhcpcsvc6.DLL
0x00007ff96ba60000 - 0x00007ff96ba7d000 	C:\WINDOWS\SYSTEM32\dhcpcsvc.DLL
0x00007ff93ad90000 - 0x00007ff93ada0000 	C:\Users\Admin\.p2\pool\plugins\org.eclipse.justj.openjdk.hotspot.jre.full.win32.x86_64_18.0.1.v20220515-1614\jre\bin\verify.dll
0x00007ff959950000 - 0x00007ff95995e000 	C:\Users\Admin\.p2\pool\plugins\org.eclipse.justj.openjdk.hotspot.jre.full.win32.x86_64_18.0.1.v20220515-1614\jre\bin\sunmscapi.dll
0x00007ff972c70000 - 0x00007ff972dcc000 	C:\WINDOWS\System32\CRYPT32.dll
0x00007ff971e20000 - 0x00007ff971e47000 	C:\WINDOWS\SYSTEM32\ncrypt.dll
0x00007ff971de0000 - 0x00007ff971e1b000 	C:\WINDOWS\SYSTEM32\NTASN1.dll

dbghelp: loaded successfully - version: 4.0.5 - missing functions: none
symbol engine: initialized successfully - sym options: 0x614 - pdb path: .;C:\Users\Admin\.p2\pool\plugins\org.eclipse.justj.openjdk.hotspot.jre.full.win32.x86_64_18.0.1.v20220515-1614\jre\bin;C:\WINDOWS\SYSTEM32;C:\Program Files\AVG\Antivirus;C:\WINDOWS\WinSxS\amd64_microsoft.windows.common-controls_6595b64144ccf1df_6.0.19041.4355_none_60b8b9eb71f62e16;C:\Users\Admin\.p2\pool\plugins\org.eclipse.justj.openjdk.hotspot.jre.full.win32.x86_64_18.0.1.v20220515-1614\jre\bin\server

VM Arguments:
jvm_args: -XX:+ShowCodeDetailsInExceptionMessages -agentlib:jdwp=transport=dt_socket,suspend=y,address=localhost:53598 -Dcom.sun.management.jmxremote -Dcom.sun.management.jmxremote.port=53596 -Dcom.sun.management.jmxremote.authenticate=false -Dcom.sun.management.jmxremote.ssl=false -Djava.rmi.server.hostname=localhost -Dspring.jmx.enabled=true -Dspring.application.admin.enabled=true -XX:TieredStopAtLevel=1 -Dspring.boot.project.name=EwayCommonApi -javaagent:C:\Users\Admin\eclipse\jee-2021-062\eclipse\configuration\org.eclipse.osgi\1241\0\.cp\lib\javaagent-shaded.jar -Dfile.encoding=UTF-8 
java_command: com.maan.eway.EwayCommonApiApplication --spring.output.ansi.enabled=always
java_class_path (initial): E:\GIT\EwayCommonApi\target\classes;C:\Users\Admin\.m2\repository\org\codehaus\groovy\groovy-all\2.4.10\groovy-all-2.4.10.jar;C:\Users\Admin\.m2\repository\org\springframework\boot\spring-boot-starter-data-jpa\3.2.6\spring-boot-starter-data-jpa-3.2.6.jar;C:\Users\Admin\.m2\repository\org\springframework\boot\spring-boot-starter-aop\3.2.6\spring-boot-starter-aop-3.2.6.jar;C:\Users\Admin\.m2\repository\org\aspectj\aspectjweaver\1.9.22\aspectjweaver-1.9.22.jar;C:\Users\Admin\.m2\repository\org\springframework\boot\spring-boot-starter-jdbc\3.2.6\spring-boot-starter-jdbc-3.2.6.jar;C:\Users\Admin\.m2\repository\com\zaxxer\HikariCP\5.0.1\HikariCP-5.0.1.jar;C:\Users\Admin\.m2\repository\org\springframework\spring-jdbc\6.1.8\spring-jdbc-6.1.8.jar;C:\Users\Admin\.m2\repository\org\hibernate\orm\hibernate-core\6.4.8.Final\hibernate-core-6.4.8.Final.jar;C:\Users\Admin\.m2\repository\jakarta\persistence\jakarta.persistence-api\3.1.0\jakarta.persistence-api-3.1.0.jar;C:\Users\Admin\.m2\repository\jakarta\transaction\jakarta.transaction-api\2.0.1\jakarta.transaction-api-2.0.1.jar;C:\Users\Admin\.m2\repository\org\jboss\logging\jboss-logging\3.5.3.Final\jboss-logging-3.5.3.Final.jar;C:\Users\Admin\.m2\repository\org\hibernate\common\hibernate-commons-annotations\6.0.6.Final\hibernate-commons-annotations-6.0.6.Final.jar;C:\Users\Admin\.m2\repository\io\smallrye\jandex\3.1.2\jandex-3.1.2.jar;C:\Users\Admin\.m2\repository\net\bytebuddy\byte-buddy\1.14.16\byte-buddy-1.14.16.jar;C:\Users\Admin\.m2\repository\org\glassfish\jaxb\jaxb-runtime\4.0.5\jaxb-runtime-4.0.5.jar;C:\Users\Admin\.m2\repository\org\glassfish\jaxb\jaxb-core\4.0.5\jaxb-core-4.0.5.jar;C:\Users\Admin\.m2\repository\org\glassfish\jaxb\txw2\4.0.5\txw2-4.0.5.jar;C:\Users\Admin\.m2\repository\com\sun\istack\istack-commons-runtime\4.1.2\istack-commons-runtime-4.1.2.jar;C:\Users\Admin\.m2\repository\jakarta\inject\jakarta.inject-api\2.0.1\jakarta.inject-api-2.0.1.jar;C:\Users\Admin\.m2\repository\org\antlr\antlr4-runtime\4.13.0\antlr4-runtime-4.13.0.jar;C:\Users\Admin\.m2\repository\org\springframework\data\spring-data-jpa\3.2.6\spring-data-jpa-3.2.6.jar;C:\Users\Admin\.m2\repository\org\springframework\data\spring-data-commons\3.2.6\spring-data-commons-3.2.6.jar;C:\Users\Admin\.m2\repository\org\springframework\spring-orm\6.1.8\spring-orm-6.1.8.jar;C:\Users\Admin\.m2\repository\org\springframework\spring-tx\6.1.8\spring-tx-6.1.8.jar;C:\Users\Admin\.m2\repository\org\springframework\spring-aspects\6.1.8\spring-aspects-6.1.8.jar;C:\Users\Admin\.m2\repository\org\springframework\boot\spring-boot-starter-data-jdbc\3.2.6\spring-boot-starter-data-jdbc-3.2.6.jar;C:\Users\Admin\.m2\repository\org\springframework\data\spring-data-jdbc\3.2.6\spring-data-jdbc-3.2.6.jar;C:\Users\Admin\.m2\repository\org\springframework\data\spring-data-relational\3.2.6\spring-data-relational-3.2.6.jar;C:\Users\Admin\.m2\repository\com\github\jsqlparser\jsqlparser\4.6\jsqlparser-4.6.jar;C:\Users\Admin\.m2\repository\org\springframework\boot\spring-boot-starter-web\3.2.6\spring-boot-starter-web-3.2.6.jar;C:\Users\Admin\.m2\repository\org\springframework\boot\spring-boot-starter\3.2.6\spring-boot-starter-3.2.6.jar;C:\Users\Admin\.m2\repository\org\springframework\boot\spring-boot\3.2.6\spring-boot-3.2.6.jar;C:\Users\Admin\.m2\repository\org\springframework\boot\spring-boot-autoconfigure\3.2.6\spring-boot-autoconfigure-3.2.6.jar;C:\Users\Admin\.m2\repository\org\springframework\boot\spring-boot-starter-logging\3.2.6\spring-boot-starter-logging-3.2.6.jar;C:\Users\Admin\.m2\repository\ch\qos\logback\logback-classic\1.4.14\logback-classic-1.4.14.jar;C:\Users\Admin\.m2\repository\ch\qos\logback\logback-core\1.4.14\logback-core-1.4.14.jar;C:\Users\Admin\.m2\repository\org\apache\logging\log4j\log4j-to-slf4j\2.21.1\log4j-to-slf4j-2.21.1.jar;C:\Users\Admin\.m2\repository\org\slf4j\jul-to-slf4j\2.0.13\jul-to-slf4j-2.0.13.jar;C:\Users\Admin\.m2\repository\org\springframework\boot\spring-boot-starter-json\3.2.6\spring-boot-starter-json-3.2.6.jar;C:\Users\Admin\.m2\repository\com\fasterxml\jackson\datatype\jackson-datatype-jdk8\2.15.4\jackson-datatype-jdk8-2.15.4.jar;C:\Users\Admin\.m2\repository\com\fasterxml\jackson\module\jackson-module-parameter-names\2.15.4\jackson-module-parameter-names-2.15.4.jar;C:\Users\Admin\.m2\repository\org\springframework\spring-web\6.1.8\spring-web-6.1.8.jar;C:\Users\Admin\.m2\repository\io\micrometer\micrometer-observation\1.12.6\micrometer-observation-1.12.6.jar;C:\Users\Admin\.m2\repository\io\micrometer\micrometer-commons\1.12.6\micrometer-commons-1.12.6.jar;C:\Users\Admin\.m2\repository\org\springframework\spring-webmvc\6.1.8\spring-webmvc-6.1.8.jar;C:\Users\Admin\.m2\repository\org\springframework\spring-expression\6.1.8\spring-expression-6.1.8.jar;C:\Users\Admin\.m2\repository\org\springframework\boot\spring-boot-starter-web-services\3.2.6\spring-boot-starter-web-services-3.2.6.jar;C:\Users\Admin\.m2\repository\com\sun\xml\messaging\saaj\saaj-impl\3.0.4\saaj-impl-3.0.4.jar;C:\Users\Admin\.m2\repository\jakarta\xml\soap\jakarta.xml.soap-api\3.0.2\jakarta.xml.soap-api-3.0.2.jar;C:\Users\Admin\.m2\repository\org\jvnet\staxex\stax-ex\2.1.0\stax-ex-2.1.0.jar;C:\Users\Admin\.m2\repository\jakarta\activation\jakarta.activation-api\2.1.3\jakarta.activation-api-2.1.3.jar;C:\Users\Admin\.m2\repository\org\eclipse\angus\angus-activation\2.0.2\angus-activation-2.0.2.jar;C:\Users\Admin\.m2\repository\jakarta\xml\ws\jakarta.xml.ws-api\4.0.2\jakarta.xml.ws-api-4.0.2.jar;C:\Users\Admin\.m2\repository\org\springframework\spring-oxm\6.1.8\spring-oxm-6.1.8.jar;C:\Users\Admin\.m2\repository\org\springframework\ws\spring-ws-core\4.0.11\spring-ws-core-4.0.11.jar;C:\Users\Admin\.m2\repository\org\springframework\ws\spring-xml\4.0.11\spring-xml-4.0.11.jar;C:\Users\Admin\.m2\repository\org\springframework\boot\spring-boot-starter-cache\3.2.6\spring-boot-starter-cache-3.2.6.jar;C:\Users\Admin\.m2\repository\org\springframework\spring-context-support\6.1.8\spring-context-support-6.1.8.jar;C:\Users\Admin\.m2\repository\net\sf\jasperreports\jasperreports\6.18.1\jasperreports-6.18.1.jar;C:\Users\Admin\.m2\repository\commons-beanutils\commons-beanutils\1.9.4\commons-beanutils-1.9.4.jar;C:\Users\Admin\.m2\repository\commons-digester\commons-digester\2.1\commons-digester-2.1.jar;C:\Users\Admin\.m2\repository\commons-logging\commons-logging\1.1.1\commons-logging-1.1.1.jar;C:\Users\Admin\.m2\repository\org\apache\commons\commons-collections4\4.2\commons-collections4-4.2.jar;C:\Users\Admin\.m2\repository\com\lowagie\itext\2.1.7.js9\itext-2.1.7.js9.jar;C:\Users\Admin\.m2\repository\org\bouncycastle\bcprov-jdk15on\1.68\bcprov-jdk15on-1.68.jar;C:\Users\Admin\.m2\repository\org\jfree\jcommon\1.0.23\jcommon-1.0.23.jar;C:\Users\Admin\.m2\repository\org\jfree\jfreechart\1.0.19\jfreechart-1.0.19.jar;C:\Users\Admin\.m2\repository\org\eclipse\jdt\ecj\3.21.0\ecj-3.21.0.jar;C:\Users\Admin\.m2\repository\org\codehaus\castor\castor-xml\1.4.1\castor-xml-1.4.1.jar;C:\Users\Admin\.m2\repository\org\codehaus\castor\castor-core\1.4.1\castor-core-1.4.1.jar;C:\Users\Admin\.m2\repository\javax\inject\javax.inject\1\javax.inject-1.jar;C:\Users\Admin\.m2\repository\com\fasterxml\jackson\core\jackson-core\2.15.4\jackson-core-2.15.4.jar;C:\Users\Admin\.m2\repository\com\fasterxml\jackson\core\jackson-annotations\2.15.4\jackson-annotations-2.15.4.jar;C:\Users\Admin\.m2\repository\org\apache\poi\poi\4.1.1\poi-4.1.1.jar;C:\Users\Admin\.m2\repository\commons-codec\commons-codec\1.16.1\commons-codec-1.16.1.jar;C:\Users\Admin\.m2\repository\org\apache\commons\commons-math3\3.6.1\commons-math3-3.6.1.jar;C:\Users\Admin\.m2\repository\com\fasterxml\jackson\core\jackson-databind\2.15.4\jackson-databind-2.15.4.jar;C:\Users\Admin\.m2\repository\com\mysql\mysql-connector-j\8.0.33\mysql-connector-j-8.0.33.jar;C:\Users\Admin\.m2\repository\org\projectlombok\lombok\1.18.32\lombok-1.18.32.jar;C:\Users\Admin\.m2\repository\org\springframework\boot\spring-boot-starter-tomcat\3.2.6\spring-boot-starter-tomcat-3.2.6.jar;C:\Users\Admin\.m2\repository\jakarta\annotation\jakarta.annotation-api\2.1.1\jakarta.annotation-api-2.1.1.jar;C:\Users\Admin\.m2\repository\org\apache\tomcat\embed\tomcat-embed-core\10.1.24\tomcat-embed-core-10.1.24.jar;C:\Users\Admin\.m2\repository\org\apache\tomcat\embed\tomcat-embed-el\10.1.24\tomcat-embed-el-10.1.24.jar;C:\Users\Admin\.m2\repository\org\apache\tomcat\embed\tomcat-embed-websocket\10.1.24\tomcat-embed-websocket-10.1.24.jar;C:\Users\Admin\.m2\repository\jakarta\xml\bind\jakarta.xml.bind-api\4.0.2\jakarta.xml.bind-api-4.0.2.jar;C:\Users\Admin\.m2\repository\org\hamcrest\hamcrest\2.2\hamcrest-2.2.jar;C:\Users\Admin\.m2\repository\org\springframework\spring-core\6.1.8\spring-core-6.1.8.jar;C:\Users\Admin\.m2\repository\org\springframework\spring-jcl\6.1.8\spring-jcl-6.1.8.jar;C:\Users\Admin\.m2\repository\io\springfox\springfox-boot-starter\3.0.0\springfox-boot-starter-3.0.0.jar;C:\Users\Admin\.m2\repository\io\springfox\springfox-oas\3.0.0\springfox-oas-3.0.0.jar;C:\Users\Admin\.m2\repository\io\springfox\springfox-spi\3.0.0\springfox-spi-3.0.0.jar;C:\Users\Admin\.m2\repository\io\springfox\springfox-schema\3.0.0\springfox-schema-3.0.0.jar;C:\Users\Admin\.m2\repository\io\springfox\springfox-core\3.0.0\springfox-core-3.0.0.jar;C:\Users\Admin\.m2\repository\io\springfox\springfox-spring-web\3.0.0\springfox-spring-web-3.0.0.jar;C:\Users\Admin\.m2\repository\io\github\classgraph\classgraph\4.8.83\classgraph-4.8.83.jar;C:\Users\Admin\.m2\repository\io\springfox\springfox-spring-webmvc\3.0.0\springfox-spring-webmvc-3.0.0.jar;C:\Users\Admin\.m2\repository\io\springfox\springfox-spring-webflux\3.0.0\springfox-spring-webflux-3.0.0.jar;C:\Users\Admin\.m2\repository\io\springfox\springfox-swagger-common\3.0.0\springfox-swagger-common-3.0.0.jar;C:\Users\Admin\.m2\repository\org\mapstruct\mapstruct\1.3.1.Final\mapstruct-1.3.1.Final.jar;C:\Users\Admin\.m2\repository\io\springfox\springfox-data-rest\3.0.0\springfox-data-rest-3.0.0.jar;C:\Users\Admin\.m2\repository\io\springfox\springfox-bean-validators\3.0.0\springfox-bean-validators-3.0.0.jar;C:\Users\Admin\.m2\repository\io\springfox\springfox-swagger2\3.0.0\springfox-swagger2-3.0.0.jar;C:\Users\Admin\.m2\repository\io\swagger\swagger-annotations\1.5.20\swagger-annotations-1.5.20.jar;C:\Users\Admin\.m2\repository\io\swagger\swagger-models\1.5.20\swagger-models-1.5.20.jar;C:\Users\Admin\.m2\repository\io\springfox\springfox-swagger-ui\3.0.0\springfox-swagger-ui-3.0.0.jar;C:\Users\Admin\.m2\repository\com\fasterxml\classmate\1.6.0\classmate-1.6.0.jar;C:\Users\Admin\.m2\repository\org\slf4j\slf4j-api\2.0.13\slf4j-api-2.0.13.jar;C:\Users\Admin\.m2\repository\org\springframework\plugin\spring-plugin-core\2.0.0.RELEASE\spring-plugin-core-2.0.0.RELEASE.jar;C:\Users\Admin\.m2\repository\org\springframework\plugin\spring-plugin-metadata\2.0.0.RELEASE\spring-plugin-metadata-2.0.0.RELEASE.jar;C:\Users\Admin\.m2\repository\org\apache\logging\log4j\log4j-api\2.17.2\log4j-api-2.17.2.jar;C:\Users\Admin\.m2\repository\org\javassist\javassist\3.25.0-GA\javassist-3.25.0-GA.jar;C:\Users\Admin\.m2\repository\org\springdoc\springdoc-openapi-starter-webmvc-ui\2.2.0\springdoc-openapi-starter-webmvc-ui-2.2.0.jar;C:\Users\Admin\.m2\repository\org\springdoc\springdoc-openapi-starter-webmvc-api\2.2.0\springdoc-openapi-starter-webmvc-api-2.2.0.jar;C:\Users\Admin\.m2\repository\org\springdoc\springdoc-openapi-starter-common\2.2.0\springdoc-openapi-starter-common-2.2.0.jar;C:\Users\Admin\.m2\repository\io\swagger\core\v3\swagger-core-jakarta\2.2.15\swagger-core-jakarta-2.2.15.jar;C:\Users\Admin\.m2\repository\io\swagger\core\v3\swagger-annotations-jakarta\2.2.15\swagger-annotations-jakarta-2.2.15.jar;C:\Users\Admin\.m2\repository\io\swagger\core\v3\swagger-models-jakarta\2.2.15\swagger-models-jakarta-2.2.15.jar;C:\Users\Admin\.m2\repository\org\webjars\swagger-ui\5.2.0\swagger-ui-5.2.0.jar;C:\Users\Admin\.m2\repository\io\swagger\core\v3\swagger-core\2.2.14\swagger-core-2.2.14.jar;C:\Users\Admin\.m2\repository\com\fasterxml\jackson\dataformat\jackson-dataformat-yaml\2.15.4\jackson-dataformat-yaml-2.15.4.jar;C:\Users\Admin\.m2\repository\com\fasterxml\jackson\datatype\jackson-datatype-jsr310\2.15.4\jackson-datatype-jsr310-2.15.4.jar;C:\Users\Admin\.m2\repository\io\swagger\core\v3\swagger-annotations\2.2.14\swagger-annotations-2.2.14.jar;C:\Users\Admin\.m2\repository\org\yaml\snakeyaml\2.2\snakeyaml-2.2.jar;C:\Users\Admin\.m2\repository\io\swagger\core\v3\swagger-models\2.2.14\swagger-models-2.2.14.jar;C:\Users\Admin\.m2\repository\jakarta\validation\jakarta.validation-api\3.0.2\jakarta.validation-api-3.0.2.jar;C:\Users\Admin\.m2\repository\commons-io\commons-io\2.6\commons-io-2.6.jar;C:\Users\Admin\.m2\repository\org\modelmapper\modelmapper\2.3.5\modelmapper-2.3.5.jar;C:\Users\Admin\.m2\repository\net\sf\dozer\dozer\5.5.1\dozer-5.5.1.jar;C:\Users\Admin\.m2\repository\org\slf4j\jcl-over-slf4j\2.0.13\jcl-over-slf4j-2.0.13.jar;C:\Users\Admin\.m2\repository\com\google\code\gson\gson\2.10.1\gson-2.10.1.jar;C:\Users\Admin\.m2\repository\org\springframework\security\spring-security-config\6.2.4\spring-security-config-6.2.4.jar;C:\Users\Admin\.m2\repository\org\springframework\security\spring-security-core\6.2.4\spring-security-core-6.2.4.jar;C:\Users\Admin\.m2\repository\org\springframework\security\spring-security-crypto\6.2.4\spring-security-crypto-6.2.4.jar;C:\Users\Admin\.m2\repository\org\springframework\spring-aop\6.1.8\spring-aop-6.1.8.jar;C:\Users\Admin\.m2\repository\org\springframework\spring-beans\6.1.8\spring-beans-6.1.8.jar;C:\Users\Admin\.m2\repository\org\springframework\spring-context\6.1.8\spring-context-6.1.8.jar;C:\Users\Admin\.m2\repository\com\sun\mail\javax.mail\1.6.2\javax.mail-1.6.2.jar;C:\Users\Admin\.m2\repository\javax\activation\activation\1.1\activation-1.1.jar;C:\Users\Admin\.m2\repository\org\springframework\boot\spring-boot-starter-mail\3.2.6\spring-boot-starter-mail-3.2.6.jar;C:\Users\Admin\.m2\repository\org\eclipse\angus\jakarta.mail\2.0.3\jakarta.mail-2.0.3.jar;C:\Users\Admin\.m2\repository\org\apache\tika\tika-core\2.0.0\tika-core-2.0.0.jar;C:\Users\Admin\.m2\repository\net\coobird\thumbnailator\0.4.12\thumbnailator-0.4.12.jar;C:\Users\Admin\.m2\repository\org\jsoup\jsoup\1.15.1\jsoup-1.15.1.jar;C:\Users\Admin\.m2\repository\com\googlecode\json-simple\json-simple\1.1.1\json-simple-1.1.1.jar;C:\Users\Admin\.m2\repository\junit\junit\4.13.2\junit-4.13.2.jar;C:\Users\Admin\.m2\repository\org\hamcrest\hamcrest-core\2.2\hamcrest-core-2.2.jar;C:\Users\Admin\.m2\repository\javax\annotation\javax.annotation-api\1.3.2\javax.annotation-api-1.3.2.jar;C:\Users\Admin\.m2\repository\org\apache\commons\commons-lang3\3.14.0\commons-lang3-3.14.0.jar;C:\Users\Admin\.m2\repository\com\googlecode\jmapper-framework\jmapper-core\1.6.0.1\jmapper-core-1.6.0.1.jar;C:\Users\Admin\.m2\repository\org\reflections\reflections\0.9.10\reflections-0.9.10.jar;C:\Users\Admin\.m2\repository\com\google\guava\guava\15.0\guava-15.0.jar;C:\Users\Admin\.m2\repository\com\google\code\findbugs\annotations\2.0.1\annotations-2.0.1.jar;C:\Users\Admin\.m2\repository\com\googlecode\jmapper-framework\jmapper-api\1.2.1\jmapper-api-1.2.1.jar;C:\Users\Admin\.m2\repository\commons-collections\commons-collections\3.2.2\commons-collections-3.2.2.jar;C:\Users\Admin\.m2\repository\com\thoughtworks\xstream\xstream\1.4.9\xstream-1.4.9.jar;C:\Users\Admin\.m2\repository\xmlpull\xmlpull\1.1.3.1\xmlpull-1.1.3.1.jar;C:\Users\Admin\.m2\repository\xpp3\xpp3_min\1.1.4c\xpp3_min-1.1.4c.jar;C:\Users\Admin\.m2\repository\net\sf\kxml\kxml2\2.3.0\kxml2-2.3.0.jar;C:\Users\Admin\.m2\repository\io\jsonwebtoken\jjwt\0.9.1\jjwt-0.9.1.jar;C:\Users\Admin\.m2\repository\org\springframework\boot\spring-boot-starter-security\3.2.6\spring-boot-starter-security-3.2.6.jar;C:\Users\Admin\.m2\repository\org\springframework\security\spring-security-web\6.2.4\spring-security-web-6.2.4.jar;C:\Users\Admin\.m2\repository\com\fasterxml\jackson\dataformat\jackson-dataformat-xml\2.13.4\jackson-dataformat-xml-2.13.4.jar;C:\Users\Admin\.m2\repository\org\codehaus\woodstox\stax2-api\4.2.1\stax2-api-4.2.1.jar;C:\Users\Admin\.m2\repository\com\fasterxml\woodstox\woodstox-core\6.3.1\woodstox-core-6.3.1.jar;C:\Users\Admin\.m2\repository\org\cache2k\cache2k-api\2.6.1.Final\cache2k-api-2.6.1.Final.jar;C:\Users\Admin\.m2\repository\org\cache2k\cache2k-core\2.6.1.Final\cache2k-core-2.6.1.Final.jar;C:\Users\Admin\.m2\repository\org\cache2k\cache2k-spring\2.6.1.Final\cache2k-spring-2.6.1.Final.jar;C:\Users\Admin\.m2\repository\org\apache\httpcomponents\httpclient\4.5.14\httpclient-4.5.14.jar;C:\Users\Admin\.m2\repository\org\apache\httpcomponents\httpcore\4.4.16\httpcore-4.4.16.jar;C:\Users\Admin\.m2\repository\com\google\zxing\core\2.2\core-2.2.jar;C:\Users\Admin\.m2\repository\com\google\zxing\javase\2.2\javase-2.2.jar;C:\Users\Admin\.m2\repository\org\apache\pdfbox\pdfbox\2.0.29\pdfbox-2.0.29.jar;C:\Users\Admin\.m2\repository\org\apache\pdfbox\fontbox\2.0.29\fontbox-2.0.29.jar;C:\Users\Admin\.m2\repository\com\itextpdf\itextpdf\5.5.13\itextpdf-5.5.13.jar;C:\Users\Admin\.m2\repository\javax\xml\bind\jaxb-api\2.3.1\jaxb-api-2.3.1.jar;C:\Users\Admin\.m2\repository\javax\activation\javax.activation-api\1.2.0\javax.activation-api-1.2.0.jar
Launcher Type: SUN_STANDARD

[Global flags]
     intx CICompilerCount                          = 3                                         {product} {ergonomic}
     uint ConcGCThreads                            = 1                                         {product} {ergonomic}
     uint G1ConcRefinementThreads                  = 4                                         {product} {ergonomic}
   size_t G1HeapRegionSize                         = 1048576                                   {product} {ergonomic}
    uintx GCDrainStackTargetSize                   = 64                                        {product} {ergonomic}
   size_t InitialHeapSize                          = 134217728                                 {product} {ergonomic}
     bool ManagementServer                         = true                                      {product} {command line}
   size_t MarkStackSize                            = 4194304                                   {product} {ergonomic}
   size_t MaxHeapSize                              = 2124414976                                {product} {ergonomic}
   size_t MaxNewSize                               = 1274019840                                {product} {ergonomic}
   size_t MinHeapDeltaBytes                        = 1048576                                   {product} {ergonomic}
   size_t MinHeapSize                              = 8388608                                   {product} {ergonomic}
    uintx NonProfiledCodeHeapSize                  = 0                                      {pd product} {ergonomic}
     bool ProfileInterpreter                       = false                                  {pd product} {command line}
    uintx ProfiledCodeHeapSize                     = 0                                      {pd product} {ergonomic}
     bool ShowCodeDetailsInExceptionMessages       = true                                   {manageable} {command line}
   size_t SoftMaxHeapSize                          = 2124414976                             {manageable} {ergonomic}
     intx TieredStopAtLevel                        = 1                                         {product} {command line}
     bool UseCompressedClassPointers               = true                           {product lp64_product} {ergonomic}
     bool UseCompressedOops                        = true                           {product lp64_product} {ergonomic}
     bool UseG1GC                                  = true                                      {product} {ergonomic}
     bool UseLargePagesIndividualAllocation        = false                                  {pd product} {ergonomic}

Logging:
Log output configuration:
 #0: stdout all=warning uptime,level,tags foldmultilines=false
 #1: stderr all=off uptime,level,tags foldmultilines=false

Environment Variables:
JAVA_HOME=C:\Program Files\Java\jdk1.8.0_151
PATH=C:\Users\Admin\.p2\pool\plugins\org.eclipse.justj.openjdk.hotspot.jre.full.win32.x86_64_18.0.1.v20220515-1614\jre\bin;C:/Users/Admin/.p2/pool/plugins/org.eclipse.justj.openjdk.hotspot.jre.full.win32.x86_64_18.0.1.v20220515-1614/jre/bin/server;C:/Users/Admin/.p2/pool/plugins/org.eclipse.justj.openjdk.hotspot.jre.full.win32.x86_64_18.0.1.v20220515-1614/jre/bin;C:\Program Files\Common Files\Oracle\Java\javapath;C:\Program Files (x86)\Common Files\Oracle\Java\javapath;C:\Program Files\Python310\Scripts\;C:\Program Files\Python310\;C:\maanclient\Admin\product\11.2.0\client_1\bin;C:\Program Files (x86)\Intel\Intel(R) Management Engine Components\iCLS\;C:\Program Files\Intel\Intel(R) Management Engine Components\iCLS\;C:\WINDOWS\system32;C:\WINDOWS;C:\WINDOWS\System32\Wbem;C:\WINDOWS\System32\WindowsPowerShell\v1.0\;C:\Oracle\product\10.1.0\Client_1;C:\Program Files\TortoiseSVN\bin;C:\Program Files (x86)\Intel\Intel(R) Management Engine Components\DAL;C:\Program Files\Intel\Intel(R) Management Engine Components\DAL;C:\maven\bin;C:\Program Files\Java\jdk1.8.0_151\bin;C:\WINDOWS\System32\OpenSSH\;C:\Program Files (x86)\Google\Cloud SDK\google-cloud-sdk\bin;C:\Program Files\nodejs\;C:\Program Files\Git\cmd;C:\Program Files\PuTTY\;C:\Program Files\MySQL\MySQL Server 8.0\bin;C:\Program Files\MySQL\MySQL Shell 8.0\bin\;C:\Users\Admin\AppData\Local\Microsoft\WindowsApps;C:\Users\Admin\AppData\Local\Programs\Microsoft VS Code\bin;C:\Program Files\JetBrains\PyCharm Community Edition 2021.3.3\bin;C:\Program Files\Tesseract-OCR\tessdata;C:\Program Files\Tesseract-OCR\langdata-main;E:\tes;E:\tes\tessdata;C:\Users\Admin\AppData\Local\atom\bin;C:\PATH_Programe;C:\Program Files\Python310;C:\Users\Admin\AppData\Local\GitHubDesktop\bin;C:\Users\Admin\AppData\Roaming\npm;C:\Program Files\nodejs;C:\Users\Admin\AppData\Roaming\npm\node_modules\@angular\cli\bin;;C:\Users\Admin\Desktop;
USERNAME=Admin
OS=Windows_NT
PROCESSOR_IDENTIFIER=Intel64 Family 6 Model 94 Stepping 3, GenuineIntel



---------------  S Y S T E M  ---------------

OS:
 Windows 10 , 64 bit Build 19041 (10.0.19041.5438)
OS uptime: 0 days 9:50 hours

CPU: total 4 (initial active 4) (4 cores per cpu, 1 threads per core) family 6 model 94 stepping 3 microcode 0xcc, cx8, cmov, fxsr, mmx, 3dnowpref, sse, sse2, sse3, ssse3, sse4.1, sse4.2, popcnt, lzcnt, tsc, tscinvbit, avx, avx2, aes, erms, clmul, bmi1, bmi2, adx, fma, vzeroupper, clflush, clflushopt

Memory: 4k page, system-wide physical 8102M (205M free)
TotalPageFile size 15782M (AvailPageFile size 5382M)
current process WorkingSet (physical memory assigned to process): 806M, peak: 806M
current process commit charge ("private bytes"): 836M, peak: 836M

vm_info: OpenJDK 64-Bit Server VM (18.0.1+10) for windows-amd64 JRE (18.0.1+10), built on Apr 20 2022 05:04:48 by "" with MS VC++ 16.7 (VS2019)

END.
