#
# A fatal error has been detected by the Java Runtime Environment:
#
#  EXCEPTION_ACCESS_VIOLATION (0xc0000005) at pc=0x00007ffb109f7cca, pid=1140, tid=6972
#
# JRE version: OpenJDK Runtime Environment Temurin-18.0.1+10 (18.0.1+10) (build 18.0.1+10)
# Java VM: OpenJDK 64-Bit Server VM Temurin-18.0.1+10 (18.0.1+10, mixed mode, emulated-client, tiered, compressed oops, compressed class ptrs, g1 gc, windows-amd64)
# Problematic frame:
# V  [jvm.dll+0x7b7cca]
#
# No core dump will be written. Minidumps are not enabled by default on client versions of Windows
#
# If you would like to submit a bug report, please visit:
#   https://github.com/adoptium/adoptium-support/issues
#

---------------  S U M M A R Y ------------

Command Line: -XX:+ShowCodeDetailsInExceptionMessages -agentlib:jdwp=transport=dt_socket,suspend=y,address=localhost:63192 -Dcom.sun.management.jmxremote -Dcom.sun.management.jmxremote.port=63190 -Dcom.sun.management.jmxremote.authenticate=false -Dcom.sun.management.jmxremote.ssl=false -Djava.rmi.server.hostname=localhost -Dspring.jmx.enabled=true -Dspring.application.admin.enabled=true -XX:TieredStopAtLevel=1 -Dspring.boot.project.name=EwayCommonApi -javaagent:F:\java-2022-03\eclipse\configuration\org.eclipse.osgi\225\0\.cp\lib\javaagent-shaded.jar -Dfile.encoding=UTF-8 com.maan.eway.EwayCommonApiApplication

Host: Intel(R) Core(TM) i3-4150 CPU @ 3.50GHz, 4 cores, 7G,  Windows 8.1 , 64 bit Build 9600 (6.3.9600.20778)
Time: Tue Feb 14 15:39:16 2023 India Standard Time elapsed time: 2255.389299 seconds (0d 0h 37m 35s)

---------------  T H R E A D  ---------------

Current thread (0x000000976fae5850):  JavaThread "JDWP Transport Listener: dt_socket" daemon [_thread_in_vm, id=6972, stack(0x00000097708c0000,0x00000097709c0000)]

Stack: [0x00000097708c0000,0x00000097709c0000],  sp=0x00000097709bf6f0,  free space=1021k
Native frames: (J=compiled Java code, j=interpreted, Vv=VM code, C=native code)
V  [jvm.dll+0x7b7cca]
V  [jvm.dll+0x52ee8c]
V  [jvm.dll+0x4fc88b]
C  [jdwp.dll+0x22fe7]


siginfo: EXCEPTION_ACCESS_VIOLATION (0xc0000005), reading address 0x000000000038002f


Register to memory mapping:

RIP=0x00007ffb109f7cca jvm.dll
RAX=0x0000000000000037 is an unknown value
RBX=0x000000976f83d54c points into unknown readable memory: 69 64 61 74
RCX=0x000000000038002b is an unknown value
RDX=0x000000977565dec0 points into unknown readable memory: 0x61616d2f6d6f634c | 4c 63 6f 6d 2f 6d 61 61
RSP=0x00000097709bf6f0 is pointing into the stack for thread: 0x000000976fae5850
RBP=0x000000976fad17e0 points into unknown readable memory: 0x0043005000000002 | 02 00 00 00 50 00 43 00
RSI=0x0 is NULL
RDI=0xffffffffffffffff is an unknown value
R8 =0x00000000000003fc is an unknown value
R9 =0x0000000000000036 is an unknown value
R10=0x000000977565cbb0 points into unknown readable memory: 0x000000977440be40 | 40 be 40 74 97 00 00 00
R11=0x00000097709bf710 is pointing into the stack for thread: 0x000000976fae5850
R12=0x00000097709bf848 is pointing into the stack for thread: 0x000000976fae5850
R13=0x0 is NULL
R14=0x00000001003bc3f8 is a pointer to class: 
com.maan.eway.notification.service.SmsJob {0x00000001003bc400}
 - instance size:     3
 - klass size:        71
 - access:            public synchronized 
 - state:             fully_initialized
 - name:              'com/maan/eway/notification/service/SmsJob'
 - super:             'java/lang/Object'
 - sub:               
 - arrays:            NULL
 - methods:           Array<T>(0x000000976ee7d960)
 - method ordering:   Array<T>(0x000000976ee8bc98)
 - default_methods:   Array<T>(0x000000976d3a0e88)
 - default vtable indices:   Array<T>(0x000000976d3a0e98)
 - local interfaces:  Array<T>(0x000000976d39ffc8)
 - trans. interfaces: Array<T>(0x000000976d39ffc8)
 - constants:         constant pool [258] {0x00000097767a0c60} for 'com/maan/eway/notification/service/SmsJob' cache=0x000000976f3ea8e0
 - class loader data:  loader data: 0x000000976f8631e0 for instance a 'jdk/internal/loader/ClassLoaders$AppClassLoader'{0x00000000819d8740}
 - source file:       'SmsJob.java'
 - source debug extension:       SMAP
SmsJob.java
Java
*S jdt
*F
1 SmsJob.java
2 file:/E:/Kumar/Git/EwayCommonApi/target/classes/
*L
*E

 - class annotations:       Array<T>(0x00000097771d77f0)
 - class type annotations:  Array<T>(0x0000000000000000)
 - field annotations:       Array<T>(0x000000976ed81888)
 - field type annotations:  Array<T>(0x0000000000000000)
 - generic signature: '
[error occurred during error reporting (printing register info), id 0xc0000005, EXCEPTION_ACCESS_VIOLATION (0xc0000005) at pc=0x00007ffb109f88d6]

Registers:
RAX=0x0000000000000037, RBX=0x000000976f83d54c, RCX=0x000000000038002b, RDX=0x000000977565dec0
RSP=0x00000097709bf6f0, RBP=0x000000976fad17e0, RSI=0x0000000000000000, RDI=0xffffffffffffffff
R8 =0x00000000000003fc, R9 =0x0000000000000036, R10=0x000000977565cbb0, R11=0x00000097709bf710
R12=0x00000097709bf848, R13=0x0000000000000000, R14=0x00000001003bc3f8, R15=0x00000097709bf870
RIP=0x00007ffb109f7cca, EFLAGS=0x0000000000010206

Top of Stack: (sp=0x00000097709bf6f0)
0x00000097709bf6f0:   0000000000000029 00000001003bc3f8
0x00000097709bf700:   000000977565e600 00000097709bf880
0x00000097709bf710:   ffffffffffffffff 00007ffb1076ee8c
0x00000097709bf720:   000000976f83d54c 000000976fad17e0
0x00000097709bf730:   0000000000000000 0000000000000000
0x00000097709bf740:   000000976f83d4e0 00000000000003d8
0x00000097709bf750:   000000976f83d4f0 000000976f83d8c8
0x00000097709bf760:   000000000001e601 00000097709bf848
0x00000097709bf770:   0000000000000007 000000976fae5ae0
0x00000097709bf780:   00000000824d7b10 00007ffb1073c88b
0x00000097709bf790:   000000976fae5850 00000097709bf870
0x00000097709bf7a0:   000000975db2e760 00000097709bf870
0x00000097709bf7b0:   000000976fae5850 0000000000000000
0x00000097709bf7c0:   0000000000000000 0000000000000000
0x00000097709bf7d0:   0000009774e8f280 00007ffb1a6f2fe7
0x00000097709bf7e0:   00000097709bf868 00007ffb1a701640 

Instructions: (pc=0x00007ffb109f7cca)
0x00007ffb109f7bca:   48 8b f8 48 85 db 74 08 48 8b cb e8 b6 66 eb ff
0x00007ffb109f7bda:   48 8b 5c 24 30 48 8b c7 48 83 c4 20 5f c3 8d 42
0x00007ffb109f7bea:   06 83 ff 02 b9 08 00 00 00 0f 4e c1 45 33 c0 48
0x00007ffb109f7bfa:   63 c8 48 83 c1 07 83 e1 f8 48 63 c9 41 8d 50 0b
0x00007ffb109f7c0a:   48 83 c4 20 5f e9 3c ce 8f ff cc cc cc cc cc cc
0x00007ffb109f7c1a:   cc cc cc cc cc cc 83 fa 02 8d 42 06 b9 08 00 00
0x00007ffb109f7c2a:   00 4d 8b c8 0f 4e c1 48 63 c8 49 8b 40 18 48 83
0x00007ffb109f7c3a:   c1 07 83 e1 f8 48 63 d1 49 8b 48 20 48 2b c8 48
0x00007ffb109f7c4a:   3b ca 72 09 48 8d 0c 10 49 89 48 18 c3 45 33 c0
0x00007ffb109f7c5a:   49 8b c9 e9 1e 2c 90 ff cc cc cc cc cc cc cc cc
0x00007ffb109f7c6a:   cc cc cc cc cc cc 4c 8b d2 4c 8b d9 45 85 c0 7e
0x00007ffb109f7c7a:   3c 44 0f b7 49 04 41 8d 40 ff 41 3b c1 44 0f 4c
0x00007ffb109f7c8a:   c8 4d 63 c1 45 85 c9 7e 1f 48 8b c2 4c 2b da 49
0x00007ffb109f7c9a:   8b d0 0f 1f 40 00 41 0f b6 4c 03 06 88 08 48 8d
0x00007ffb109f7caa:   40 01 48 83 ea 01 75 ee 43 c6 04 10 00 49 8b c2
0x00007ffb109f7cba:   c3 cc cc cc cc cc 48 89 5c 24 08 57 48 83 ec 20
0x00007ffb109f7cca:   0f b7 59 04 48 8b f9 33 d2 48 8d 4b 01 e8 e4 9e
0x00007ffb109f7cda:   f3 ff 0f b7 57 04 4c 8b c0 3b da 0f 42 d3 44 8b
0x00007ffb109f7cea:   ca 85 d2 74 39 48 2b f8 0f 1f 40 00 66 66 0f 1f
0x00007ffb109f7cfa:   84 00 00 00 00 00 0f b6 4c 07 06 88 08 48 ff c0
0x00007ffb109f7d0a:   48 8b c8 49 2b c8 49 3b c9 7c eb 42 c6 04 02 00
0x00007ffb109f7d1a:   49 8b c0 48 8b 5c 24 30 48 83 c4 20 5f c3 48 8b
0x00007ffb109f7d2a:   5c 24 30 c6 04 02 00 48 83 c4 20 5f c3 cc cc cc
0x00007ffb109f7d3a:   cc cc cc cc cc cc 4c 8b d1 45 85 c0 7e 6c 44 0f
0x00007ffb109f7d4a:   b7 49 04 41 8d 40 ff 41 3b c1 44 0f 4c c8 4d 63
0x00007ffb109f7d5a:   d9 45 85 c9 7e 22 48 8b ca 4c 2b d2 4d 8b c3 0f
0x00007ffb109f7d6a:   1f 80 00 00 00 00 41 0f b6 44 0a 06 88 01 48 8d
0x00007ffb109f7d7a:   49 01 49 83 e8 01 75 ee 41 c6 04 13 00 48 c7 c0
0x00007ffb109f7d8a:   ff ff ff ff 66 90 48 ff c0 80 3c 02 00 75 f7 48
0x00007ffb109f7d9a:   63 c8 85 c0 48 8b c2 7e 14 80 38 2f 75 03 c6 00
0x00007ffb109f7daa:   2e 48 ff c0 48 83 e9 01 75 ef 48 8b c2 c3 cc cc
0x00007ffb109f7dba:   cc cc cc cc cc cc 48 83 ec 28 e8 f7 fe ff ff 4c 


Stack slot to memory mapping:
stack at sp + 0 slots: 0x0000000000000029 is an unknown value
stack at sp + 1 slots: 0x00000001003bc3f8 is a pointer to class: 
com.maan.eway.notification.service.SmsJob {0x00000001003bc400}
 - instance size:     3
 - klass size:        71
 - access:            public synchronized 
 - state:             fully_initialized
 - name:              'com/maan/eway/notification/service/SmsJob'
 - super:             'java/lang/Object'
 - sub:               
 - arrays:            NULL
 - methods:           Array<T>(0x000000976ee7d960)
 - method ordering:   Array<T>(0x000000976ee8bc98)
 - default_methods:   Array<T>(0x000000976d3a0e88)
 - default vtable indices:   Array<T>(0x000000976d3a0e98)
 - local interfaces:  Array<T>(0x000000976d39ffc8)
 - trans. interfaces: Array<T>(0x000000976d39ffc8)
 - constants:         constant pool [258] {0x00000097767a0c60} for 'com/maan/eway/notification/service/SmsJob' cache=0x000000976f3ea8e0
 - class loader data:  loader data: 0x000000976f8631e0 for instance a 'jdk/internal/loader/ClassLoaders$AppClassLoader'{0x00000000819d8740}
 - source file:       'SmsJob.java'
 - source debug extension:       SMAP
SmsJob.java
Java
*S jdt
*F
1 SmsJob.java
2 file:/E:/Kumar/Git/EwayCommonApi/target/classes/
*L
*E

 - class annotations:       Array<T>(0x00000097771d77f0)
 - class type annotations:  Array<T>(0x0000000000000000)
 - field annotations:       Array<T>(0x000000976ed81888)
 - field type annotations:  Array<T>(0x0000000000000000)
 - generic signature: '
[error occurred during error reporting (inspecting top of stack), id 0xc0000005, EXCEPTION_ACCESS_VIOLATION (0xc0000005) at pc=0x00007ffb109f88d6]


---------------  P R O C E S S  ---------------

Threads class SMR info:
_java_thread_list=0x000000977568c720, length=71, elements={
0x000000976f813ad0, 0x000000976b127700, 0x000000976b1496c0, 0x000000976b14ade0,
0x000000976b14b390, 0x000000976b14e690, 0x000000976f839790, 0x000000976f839c90,
0x000000976fa18010, 0x000000976fae5850, 0x000000976faea510, 0x000000976faf3210,
0x000000977126d040, 0x0000009771348d00, 0x000000977134f5d0, 0x00000097713b84c0,
0x0000009772067b70, 0x0000009772065e90, 0x0000009772068510, 0x0000009772068040,
0x0000009772069380, 0x0000009772066d00, 0x00000097720671d0, 0x0000009772066830,
0x0000009774c00c30, 0x0000009774c045f0, 0x0000009774c02910, 0x0000009774c02440,
0x0000009774c01aa0, 0x0000009774c02de0, 0x0000009774c03780, 0x0000009774c04ac0,
0x0000009774c01100, 0x0000009774c07ae0, 0x0000009774c05930, 0x0000009774c05e00,
0x0000009774c062d0, 0x0000009774c07fb0, 0x0000009774c067a0, 0x0000009774c08480,
0x0000009774c07140, 0x0000009774c05460, 0x0000009774c04f90, 0x0000009774c06c70,
0x0000009774c07610, 0x00000097741c1fa0, 0x00000097741bfdf0, 0x00000097741c0c60,
0x00000097741c02c0, 0x00000097741c0790, 0x00000097741c2470, 0x00000097741c1600,
0x00000097741bf920, 0x00000097741c1130, 0x00000097741c2940, 0x00000097741bf450,
0x00000097741c1ad0, 0x00000097741bef80, 0x00000097741c4fc0, 0x00000097741c4150,
0x00000097741c5490, 0x00000097741c37b0, 0x00000097741c5e30, 0x00000097741c32e0,
0x00000097741c3c80, 0x00000097741c2e10, 0x00000097741c5960, 0x00000097741c4620,
0x00000097741c6300, 0x00000097741c4af0, 0x00000097741c67d0
}

Java Threads: ( => current thread )
  0x000000976f813ad0 JavaThread "Reference Handler" daemon [_thread_blocked, id=5900, stack(0x000000976b670000,0x000000976b770000)]
  0x000000976b127700 JavaThread "Finalizer" daemon [_thread_blocked, id=6296, stack(0x000000976fc00000,0x000000976fd00000)]
  0x000000976b1496c0 JavaThread "Signal Dispatcher" daemon [_thread_blocked, id=2508, stack(0x000000976fde0000,0x000000976fee0000)]
  0x000000976b14ade0 JavaThread "Attach Listener" daemon [_thread_blocked, id=7224, stack(0x000000976fee0000,0x000000976ffe0000)]
  0x000000976b14b390 JavaThread "Service Thread" daemon [_thread_blocked, id=5144, stack(0x000000976ffe0000,0x00000097700e0000)]
  0x000000976b14e690 JavaThread "Monitor Deflation Thread" daemon [_thread_blocked, id=4300, stack(0x00000097700e0000,0x00000097701e0000)]
  0x000000976f839790 JavaThread "C1 CompilerThread0" daemon [_thread_blocked, id=1668, stack(0x00000097701e0000,0x00000097702e0000)]
  0x000000976f839c90 JavaThread "Sweeper thread" daemon [_thread_blocked, id=7736, stack(0x00000097702e0000,0x00000097703e0000)]
  0x000000976fa18010 JavaThread "Common-Cleaner" daemon [_thread_blocked, id=332, stack(0x00000097703e0000,0x00000097704e0000)]
=>0x000000976fae5850 JavaThread "JDWP Transport Listener: dt_socket" daemon [_thread_in_vm, id=6972, stack(0x00000097708c0000,0x00000097709c0000)]
  0x000000976faea510 JavaThread "JDWP Event Helper Thread" daemon [_thread_blocked, id=7688, stack(0x00000097709c0000,0x0000009770ac0000)]
  0x000000976faf3210 JavaThread "JDWP Command Reader" daemon [_thread_in_native, id=3752, stack(0x0000009770ac0000,0x0000009770bc0000)]
  0x000000977126d040 JavaThread "Notification Thread" daemon [_thread_blocked, id=7492, stack(0x00000097714c0000,0x00000097715c0000)]
  0x0000009771348d00 JavaThread "RMI TCP Accept-0" daemon [_thread_in_native, id=2092, stack(0x0000009771ac0000,0x0000009771bc0000)]
  0x000000977134f5d0 JavaThread "RMI TCP Accept-63190" daemon [_thread_in_native, id=7496, stack(0x0000009771bc0000,0x0000009771cc0000)]
  0x00000097713b84c0 JavaThread "RMI TCP Accept-0" daemon [_thread_in_native, id=6476, stack(0x0000009772c90000,0x0000009772d90000)]
  0x0000009772067b70 JavaThread "RMI Scheduler(0)" daemon [_thread_blocked, id=6816, stack(0x00000097732f0000,0x00000097733f0000)]
  0x0000009772065e90 JavaThread "RMI TCP Connection(idle)" daemon [_thread_blocked, id=6428, stack(0x00000097733f0000,0x00000097734f0000)]
  0x0000009772068510 JavaThread "JMX server connection timeout 24" daemon [_thread_blocked, id=5152, stack(0x00000097734f0000,0x00000097735f0000)]
  0x0000009772068040 JavaThread "mysql-cj-abandoned-connection-cleanup" daemon [_thread_blocked, id=1828, stack(0x00000097745c0000,0x00000097746c0000)]
  0x0000009772069380 JavaThread "HikariPool-1 housekeeper" daemon [_thread_blocked, id=5212, stack(0x00000097747c0000,0x00000097748c0000)]
  0x0000009772066d00 JavaThread "Catalina-utility-1" [_thread_blocked, id=3816, stack(0x0000009775a90000,0x0000009775b90000)]
  0x00000097720671d0 JavaThread "Catalina-utility-2" [_thread_blocked, id=7072, stack(0x0000009779c00000,0x0000009779d00000)]
  0x0000009772066830 JavaThread "container-0" [_thread_blocked, id=7708, stack(0x0000009779d00000,0x0000009779e00000)]
  0x0000009774c00c30 JavaThread "backgroundjob-zookeeper-pool-1-thread-1" [_thread_blocked, id=7660, stack(0x000000977a030000,0x000000977a130000)]
  0x0000009774c045f0 JavaThread "backgroundjob-zookeeper-pool-1-thread-2" [_thread_blocked, id=7216, stack(0x000000977a130000,0x000000977a230000)]
  0x0000009774c02910 JavaThread "backgroundjob-worker-pool-2-thread-1" [_thread_blocked, id=5688, stack(0x000000977a230000,0x000000977a330000)]
  0x0000009774c02440 JavaThread "backgroundjob-worker-pool-2-thread-2" [_thread_blocked, id=6300, stack(0x000000977a330000,0x000000977a430000)]
  0x0000009774c01aa0 JavaThread "backgroundjob-worker-pool-2-thread-3" [_thread_blocked, id=3756, stack(0x000000977a430000,0x000000977a530000)]
  0x0000009774c02de0 JavaThread "backgroundjob-worker-pool-2-thread-4" [_thread_blocked, id=7000, stack(0x000000977a530000,0x000000977a630000)]
  0x0000009774c03780 JavaThread "backgroundjob-worker-pool-2-thread-5" [_thread_blocked, id=4480, stack(0x000000977a630000,0x000000977a730000)]
  0x0000009774c04ac0 JavaThread "backgroundjob-worker-pool-2-thread-6" [_thread_blocked, id=7008, stack(0x000000977a730000,0x000000977a830000)]
  0x0000009774c01100 JavaThread "backgroundjob-worker-pool-2-thread-7" [_thread_blocked, id=3828, stack(0x000000977a830000,0x000000977a930000)]
  0x0000009774c07ae0 JavaThread "backgroundjob-worker-pool-2-thread-8" [_thread_blocked, id=7332, stack(0x000000977a930000,0x000000977aa30000)]
  0x0000009774c05930 JavaThread "backgroundjob-worker-pool-2-thread-9" [_thread_blocked, id=6652, stack(0x000000977aa30000,0x000000977ab30000)]
  0x0000009774c05e00 JavaThread "backgroundjob-worker-pool-2-thread-10" [_thread_blocked, id=5056, stack(0x000000977ab30000,0x000000977ac30000)]
  0x0000009774c062d0 JavaThread "backgroundjob-worker-pool-2-thread-11" [_thread_blocked, id=8100, stack(0x000000977ac30000,0x000000977ad30000)]
  0x0000009774c07fb0 JavaThread "backgroundjob-worker-pool-2-thread-12" [_thread_blocked, id=6724, stack(0x000000977ad30000,0x000000977ae30000)]
  0x0000009774c067a0 JavaThread "backgroundjob-worker-pool-2-thread-13" [_thread_blocked, id=7512, stack(0x000000977ae30000,0x000000977af30000)]
  0x0000009774c08480 JavaThread "backgroundjob-worker-pool-2-thread-14" [_thread_blocked, id=7960, stack(0x000000977af30000,0x000000977b030000)]
  0x0000009774c07140 JavaThread "backgroundjob-worker-pool-2-thread-15" [_thread_blocked, id=4756, stack(0x000000977b030000,0x000000977b130000)]
  0x0000009774c05460 JavaThread "backgroundjob-worker-pool-2-thread-16" [_thread_blocked, id=2720, stack(0x000000977b130000,0x000000977b230000)]
  0x0000009774c04f90 JavaThread "backgroundjob-worker-pool-2-thread-17" [_thread_blocked, id=6872, stack(0x000000977b230000,0x000000977b330000)]
  0x0000009774c06c70 JavaThread "backgroundjob-worker-pool-2-thread-18" [_thread_blocked, id=7456, stack(0x000000977b330000,0x000000977b430000)]
  0x0000009774c07610 JavaThread "backgroundjob-worker-pool-2-thread-19" [_thread_blocked, id=1308, stack(0x000000977b430000,0x000000977b530000)]
  0x00000097741c1fa0 JavaThread "backgroundjob-worker-pool-2-thread-20" [_thread_blocked, id=6764, stack(0x000000977b530000,0x000000977b630000)]
  0x00000097741bfdf0 JavaThread "backgroundjob-worker-pool-2-thread-21" [_thread_blocked, id=7856, stack(0x000000977b630000,0x000000977b730000)]
  0x00000097741c0c60 JavaThread "backgroundjob-worker-pool-2-thread-22" [_thread_blocked, id=2656, stack(0x000000977b730000,0x000000977b830000)]
  0x00000097741c02c0 JavaThread "backgroundjob-worker-pool-2-thread-23" [_thread_blocked, id=6164, stack(0x000000977b830000,0x000000977b930000)]
  0x00000097741c0790 JavaThread "backgroundjob-worker-pool-2-thread-24" [_thread_blocked, id=3460, stack(0x000000977b930000,0x000000977ba30000)]
  0x00000097741c2470 JavaThread "backgroundjob-worker-pool-2-thread-25" [_thread_blocked, id=7180, stack(0x000000977ba30000,0x000000977bb30000)]
  0x00000097741c1600 JavaThread "backgroundjob-worker-pool-2-thread-26" [_thread_blocked, id=2080, stack(0x000000977bb30000,0x000000977bc30000)]
  0x00000097741bf920 JavaThread "backgroundjob-worker-pool-2-thread-27" [_thread_blocked, id=7384, stack(0x000000977bc30000,0x000000977bd30000)]
  0x00000097741c1130 JavaThread "backgroundjob-worker-pool-2-thread-28" [_thread_blocked, id=7876, stack(0x000000977bd30000,0x000000977be30000)]
  0x00000097741c2940 JavaThread "backgroundjob-worker-pool-2-thread-29" [_thread_blocked, id=5644, stack(0x000000977be30000,0x000000977bf30000)]
  0x00000097741bf450 JavaThread "backgroundjob-worker-pool-2-thread-30" [_thread_blocked, id=4492, stack(0x000000977bf30000,0x000000977c030000)]
  0x00000097741c1ad0 JavaThread "backgroundjob-worker-pool-2-thread-31" [_thread_blocked, id=7928, stack(0x000000977c030000,0x000000977c130000)]
  0x00000097741bef80 JavaThread "backgroundjob-worker-pool-2-thread-32" [_thread_blocked, id=4092, stack(0x000000977c130000,0x000000977c230000)]
  0x00000097741c4fc0 JavaThread "http-nio-8086-exec-1" daemon [_thread_blocked, id=4984, stack(0x000000977c230000,0x000000977c330000)]
  0x00000097741c4150 JavaThread "http-nio-8086-exec-2" daemon [_thread_blocked, id=5108, stack(0x000000977c330000,0x000000977c430000)]
  0x00000097741c5490 JavaThread "http-nio-8086-exec-3" daemon [_thread_blocked, id=8132, stack(0x000000977c430000,0x000000977c530000)]
  0x00000097741c37b0 JavaThread "http-nio-8086-exec-4" daemon [_thread_blocked, id=1268, stack(0x000000977c530000,0x000000977c630000)]
  0x00000097741c5e30 JavaThread "http-nio-8086-exec-5" daemon [_thread_blocked, id=7484, stack(0x000000977c630000,0x000000977c730000)]
  0x00000097741c32e0 JavaThread "http-nio-8086-exec-6" daemon [_thread_blocked, id=6244, stack(0x000000977c730000,0x000000977c830000)]
  0x00000097741c3c80 JavaThread "http-nio-8086-exec-7" daemon [_thread_blocked, id=3292, stack(0x000000977c830000,0x000000977c930000)]
  0x00000097741c2e10 JavaThread "http-nio-8086-exec-8" daemon [_thread_blocked, id=3468, stack(0x000000977c930000,0x000000977ca30000)]
  0x00000097741c5960 JavaThread "http-nio-8086-exec-9" daemon [_thread_blocked, id=3472, stack(0x000000977ca30000,0x000000977cb30000)]
  0x00000097741c4620 JavaThread "http-nio-8086-exec-10" daemon [_thread_blocked, id=5556, stack(0x000000977cb30000,0x000000977cc30000)]
  0x00000097741c6300 JavaThread "http-nio-8086-Poller" daemon [_thread_in_native, id=3892, stack(0x000000977cc30000,0x000000977cd30000)]
  0x00000097741c4af0 JavaThread "http-nio-8086-Acceptor" daemon [_thread_in_native, id=4336, stack(0x000000977cd30000,0x000000977ce30000)]
  0x00000097741c67d0 JavaThread "DestroyJavaVM" [_thread_blocked, id=6864, stack(0x000000975d1c0000,0x000000975d2c0000)]

Other Threads:
  0x000000976b0dad20 VMThread "VM Thread" [stack: 0x000000976b570000,0x000000976b670000] [id=6896]
  0x000000975db43720 WatcherThread "VM Periodic Task Thread" [stack: 0x0000009772d90000,0x0000009772e90000] [id=4820]
  0x000000975dba0200 WorkerThread "GC Thread#0" [stack: 0x000000975d7b0000,0x000000975d8b0000] [id=3668]
  0x0000009771280790 WorkerThread "GC Thread#1" [stack: 0x00000097715c0000,0x00000097716c0000] [id=5424]
  0x0000009771280a30 WorkerThread "GC Thread#2" [stack: 0x00000097716c0000,0x00000097717c0000] [id=3384]
  0x000000977126bfc0 WorkerThread "GC Thread#3" [stack: 0x00000097717c0000,0x00000097718c0000] [id=2584]
  0x000000975dbb1ae0 ConcurrentGCThread "G1 Main Marker" [stack: 0x000000975d8b0000,0x000000975d9b0000] [id=6084]
  0x000000975dbb24d0 WorkerThread "G1 Conc#0" [stack: 0x000000975d9b0000,0x000000975dab0000] [id=7952]
  0x000000976af87db0 ConcurrentGCThread "G1 Refine#0" [stack: 0x000000976b370000,0x000000976b470000] [id=4836]
  0x000000976fa7cab0 ConcurrentGCThread "G1 Refine#1" [stack: 0x00000097718c0000,0x00000097719c0000] [id=4544]
  0x000000976af886c0 ConcurrentGCThread "G1 Service" [stack: 0x000000976b470000,0x000000976b570000] [id=7912]

Threads with active compile tasks:

VM state: not at safepoint (normal execution)

VM Mutex/Monitor currently owned by a thread: None

Heap address: 0x0000000081400000, size: 2028 MB, Compressed Oops mode: 32-bit

CDS archive(s) not mapped
Compressed class space mapped at: 0x0000000100000000-0x0000000140000000, reserved size: 1073741824
Narrow klass base: 0x0000000000000000, Narrow klass shift: 3, Narrow klass range: 0x140000000

GC Precious Log:
 CardTable entry size: 512
 Card Set container configuration: InlinePtr #cards 5 size 8 Array Of Cards #cards 12 size 40 Howl #buckets 4 coarsen threshold 1843 Howl Bitmap #cards 512 size 80 coarsen threshold 460 Card regions per heap region 1 cards per card region 2048
 CPUs: 4 total, 4 available
 Memory: 8104M
 Large Page Support: Disabled
 NUMA Support: Disabled
 Compressed Oops: Enabled (32-bit)
 Heap Region Size: 1M
 Heap Min Capacity: 8M
 Heap Initial Capacity: 128M
 Heap Max Capacity: 2028M
 Pre-touch: Disabled
 Parallel Workers: 4
 Concurrent Workers: 1
 Concurrent Refinement Workers: 4
 Periodic GC: Disabled

Heap:
 garbage-first heap   total 323584K, used 239045K [0x0000000081400000, 0x0000000100000000)
  region size 1024K, 128 young (131072K), 15 survivors (15360K)
 Metaspace       used 98448K, committed 99328K, reserved 1179648K
  class space    used 11689K, committed 12096K, reserved 1048576K

Heap Regions: E=young(eden), S=young(survivor), O=old, HS=humongous(starts), HC=humongous(continues), CS=collection set, F=free, OA=open archive, CA=closed archive, TAMS=top-at-mark-start (previous, next)
|   0|0x0000000081400000, 0x0000000081500000, 0x0000000081500000|100%|HS|  |TAMS 0x0000000081500000, 0x0000000081400000| Complete 
|   1|0x0000000081500000, 0x0000000081600000, 0x0000000081600000|100%| O|  |TAMS 0x0000000081600000, 0x0000000081500000| Untracked 
|   2|0x0000000081600000, 0x0000000081700000, 0x0000000081700000|100%| O|  |TAMS 0x0000000081700000, 0x0000000081600000| Untracked 
|   3|0x0000000081700000, 0x0000000081800000, 0x0000000081800000|100%| O|  |TAMS 0x0000000081800000, 0x0000000081700000| Untracked 
|   4|0x0000000081800000, 0x0000000081900000, 0x0000000081900000|100%| O|  |TAMS 0x0000000081900000, 0x0000000081800000| Untracked 
|   5|0x0000000081900000, 0x0000000081a00000, 0x0000000081a00000|100%| O|  |TAMS 0x0000000081a00000, 0x0000000081900000| Untracked 
|   6|0x0000000081a00000, 0x0000000081b00000, 0x0000000081b00000|100%| O|  |TAMS 0x0000000081b00000, 0x0000000081a00000| Untracked 
|   7|0x0000000081b00000, 0x0000000081c00000, 0x0000000081c00000|100%| O|  |TAMS 0x0000000081c00000, 0x0000000081b00000| Untracked 
|   8|0x0000000081c00000, 0x0000000081d00000, 0x0000000081d00000|100%| O|  |TAMS 0x0000000081d00000, 0x0000000081c00000| Untracked 
|   9|0x0000000081d00000, 0x0000000081e00000, 0x0000000081e00000|100%| O|  |TAMS 0x0000000081e00000, 0x0000000081d00000| Untracked 
|  10|0x0000000081e00000, 0x0000000081f00000, 0x0000000081f00000|100%| O|  |TAMS 0x0000000081f00000, 0x0000000081e00000| Untracked 
|  11|0x0000000081f00000, 0x0000000082000000, 0x0000000082000000|100%| O|  |TAMS 0x0000000082000000, 0x0000000081f00000| Untracked 
|  12|0x0000000082000000, 0x0000000082100000, 0x0000000082100000|100%| O|  |TAMS 0x0000000082100000, 0x0000000082000000| Untracked 
|  13|0x0000000082100000, 0x0000000082200000, 0x0000000082200000|100%| O|  |TAMS 0x0000000082200000, 0x0000000082100000| Untracked 
|  14|0x0000000082200000, 0x0000000082300000, 0x0000000082300000|100%| O|  |TAMS 0x0000000082300000, 0x0000000082200000| Untracked 
|  15|0x0000000082300000, 0x0000000082400000, 0x0000000082400000|100%| O|  |TAMS 0x0000000082400000, 0x0000000082300000| Untracked 
|  16|0x0000000082400000, 0x0000000082500000, 0x0000000082500000|100%| O|  |TAMS 0x0000000082500000, 0x0000000082400000| Untracked 
|  17|0x0000000082500000, 0x0000000082600000, 0x0000000082600000|100%| O|  |TAMS 0x0000000082600000, 0x0000000082500000| Untracked 
|  18|0x0000000082600000, 0x0000000082700000, 0x0000000082700000|100%| O|  |TAMS 0x0000000082700000, 0x0000000082600000| Untracked 
|  19|0x0000000082700000, 0x0000000082800000, 0x0000000082800000|100%| O|  |TAMS 0x00000000827f3e00, 0x0000000082700000| Untracked 
|  20|0x0000000082800000, 0x0000000082900000, 0x0000000082900000|100%| O|  |TAMS 0x0000000082900000, 0x0000000082800000| Untracked 
|  21|0x0000000082900000, 0x0000000082a00000, 0x0000000082a00000|100%| O|  |TAMS 0x0000000082a00000, 0x0000000082900000| Untracked 
|  22|0x0000000082a00000, 0x0000000082b00000, 0x0000000082b00000|100%| O|  |TAMS 0x0000000082b00000, 0x0000000082a00000| Untracked 
|  23|0x0000000082b00000, 0x0000000082c00000, 0x0000000082c00000|100%| O|  |TAMS 0x0000000082c00000, 0x0000000082b00000| Untracked 
|  24|0x0000000082c00000, 0x0000000082d00000, 0x0000000082d00000|100%| O|  |TAMS 0x0000000082d00000, 0x0000000082c00000| Untracked 
|  25|0x0000000082d00000, 0x0000000082e00000, 0x0000000082e00000|100%| O|  |TAMS 0x0000000082d00000, 0x0000000082d00000| Untracked 
|  26|0x0000000082e00000, 0x0000000082f00000, 0x0000000082f00000|100%| O|  |TAMS 0x0000000082e00000, 0x0000000082e00000| Untracked 
|  27|0x0000000082f00000, 0x0000000083000000, 0x0000000083000000|100%| O|  |TAMS 0x0000000082f00000, 0x0000000082f00000| Untracked 
|  28|0x0000000083000000, 0x0000000083096a00, 0x0000000083100000| 58%| O|  |TAMS 0x0000000083000000, 0x0000000083000000| Untracked 
|  29|0x0000000083100000, 0x0000000083200000, 0x0000000083200000|100%| O|  |TAMS 0x0000000083100000, 0x0000000083100000| Untracked 
|  30|0x0000000083200000, 0x0000000083300000, 0x0000000083300000|100%| O|  |TAMS 0x0000000083200000, 0x0000000083200000| Untracked 
|  31|0x0000000083300000, 0x0000000083400000, 0x0000000083400000|100%| O|  |TAMS 0x0000000083300000, 0x0000000083300000| Untracked 
|  32|0x0000000083400000, 0x0000000083500000, 0x0000000083500000|100%| O|  |TAMS 0x0000000083400000, 0x0000000083400000| Untracked 
|  33|0x0000000083500000, 0x0000000083600000, 0x0000000083600000|100%| O|  |TAMS 0x0000000083500000, 0x0000000083500000| Untracked 
|  34|0x0000000083600000, 0x0000000083700000, 0x0000000083700000|100%| O|  |TAMS 0x0000000083600000, 0x0000000083600000| Untracked 
|  35|0x0000000083700000, 0x0000000083800000, 0x0000000083800000|100%| O|  |TAMS 0x0000000083700000, 0x0000000083700000| Untracked 
|  36|0x0000000083800000, 0x0000000083900000, 0x0000000083900000|100%| O|  |TAMS 0x0000000083800000, 0x0000000083800000| Untracked 
|  37|0x0000000083900000, 0x0000000083a00000, 0x0000000083a00000|100%| O|  |TAMS 0x0000000083900000, 0x0000000083900000| Untracked 
|  38|0x0000000083a00000, 0x0000000083b00000, 0x0000000083b00000|100%| O|  |TAMS 0x0000000083a00000, 0x0000000083a00000| Untracked 
|  39|0x0000000083b00000, 0x0000000083c00000, 0x0000000083c00000|100%| O|  |TAMS 0x0000000083b00000, 0x0000000083b00000| Untracked 
|  40|0x0000000083c00000, 0x0000000083d00000, 0x0000000083d00000|100%| O|  |TAMS 0x0000000083c00000, 0x0000000083c00000| Untracked 
|  41|0x0000000083d00000, 0x0000000083e00000, 0x0000000083e00000|100%| O|  |TAMS 0x0000000083d00000, 0x0000000083d00000| Untracked 
|  42|0x0000000083e00000, 0x0000000083f00000, 0x0000000083f00000|100%| O|  |TAMS 0x0000000083e00000, 0x0000000083e00000| Untracked 
|  43|0x0000000083f00000, 0x0000000084000000, 0x0000000084000000|100%| O|  |TAMS 0x0000000083f00000, 0x0000000083f00000| Untracked 
|  44|0x0000000084000000, 0x0000000084100000, 0x0000000084100000|100%| O|  |TAMS 0x0000000084000000, 0x0000000084000000| Untracked 
|  45|0x0000000084100000, 0x0000000084200000, 0x0000000084200000|100%| O|  |TAMS 0x0000000084100000, 0x0000000084100000| Untracked 
|  46|0x0000000084200000, 0x0000000084300000, 0x0000000084300000|100%| O|  |TAMS 0x0000000084200000, 0x0000000084200000| Untracked 
|  47|0x0000000084300000, 0x0000000084400000, 0x0000000084400000|100%| O|  |TAMS 0x0000000084300000, 0x0000000084300000| Untracked 
|  48|0x0000000084400000, 0x0000000084500000, 0x0000000084500000|100%| O|  |TAMS 0x0000000084400000, 0x0000000084400000| Untracked 
|  49|0x0000000084500000, 0x0000000084600000, 0x0000000084600000|100%| O|  |TAMS 0x0000000084500000, 0x0000000084500000| Untracked 
|  50|0x0000000084600000, 0x0000000084700000, 0x0000000084700000|100%| O|  |TAMS 0x0000000084600000, 0x0000000084600000| Untracked 
|  51|0x0000000084700000, 0x0000000084800000, 0x0000000084800000|100%| O|  |TAMS 0x0000000084700000, 0x0000000084700000| Untracked 
|  52|0x0000000084800000, 0x0000000084900000, 0x0000000084900000|100%| O|  |TAMS 0x0000000084800000, 0x0000000084800000| Untracked 
|  53|0x0000000084900000, 0x0000000084a00000, 0x0000000084a00000|100%| O|  |TAMS 0x0000000084900000, 0x0000000084900000| Untracked 
|  54|0x0000000084a00000, 0x0000000084b00000, 0x0000000084b00000|100%| O|  |TAMS 0x0000000084a00000, 0x0000000084a00000| Untracked 
|  55|0x0000000084b00000, 0x0000000084c00000, 0x0000000084c00000|100%| O|  |TAMS 0x0000000084b00000, 0x0000000084b00000| Untracked 
|  56|0x0000000084c00000, 0x0000000084d00000, 0x0000000084d00000|100%| O|  |TAMS 0x0000000084c00000, 0x0000000084c00000| Untracked 
|  57|0x0000000084d00000, 0x0000000084e00000, 0x0000000084e00000|100%| O|  |TAMS 0x0000000084d00000, 0x0000000084d00000| Untracked 
|  58|0x0000000084e00000, 0x0000000084f00000, 0x0000000084f00000|100%| O|  |TAMS 0x0000000084e00000, 0x0000000084e00000| Untracked 
|  59|0x0000000084f00000, 0x0000000085000000, 0x0000000085000000|100%| O|  |TAMS 0x0000000084f00000, 0x0000000084f00000| Untracked 
|  60|0x0000000085000000, 0x0000000085100000, 0x0000000085100000|100%| O|  |TAMS 0x0000000085000000, 0x0000000085000000| Untracked 
|  61|0x0000000085100000, 0x0000000085200000, 0x0000000085200000|100%| O|  |TAMS 0x0000000085100000, 0x0000000085100000| Untracked 
|  62|0x0000000085200000, 0x0000000085300000, 0x0000000085300000|100%| O|  |TAMS 0x0000000085200000, 0x0000000085200000| Untracked 
|  63|0x0000000085300000, 0x0000000085400000, 0x0000000085400000|100%| O|  |TAMS 0x0000000085300000, 0x0000000085300000| Untracked 
|  64|0x0000000085400000, 0x0000000085500000, 0x0000000085500000|100%| O|  |TAMS 0x0000000085400000, 0x0000000085400000| Untracked 
|  65|0x0000000085500000, 0x0000000085600000, 0x0000000085600000|100%| O|  |TAMS 0x0000000085500000, 0x0000000085500000| Untracked 
|  66|0x0000000085600000, 0x0000000085700000, 0x0000000085700000|100%| O|  |TAMS 0x0000000085600000, 0x0000000085600000| Untracked 
|  67|0x0000000085700000, 0x0000000085800000, 0x0000000085800000|100%| O|  |TAMS 0x0000000085700000, 0x0000000085700000| Untracked 
|  68|0x0000000085800000, 0x0000000085900000, 0x0000000085900000|100%| O|  |TAMS 0x0000000085800000, 0x0000000085800000| Untracked 
|  69|0x0000000085900000, 0x0000000085a00000, 0x0000000085a00000|100%| O|  |TAMS 0x0000000085900000, 0x0000000085900000| Untracked 
|  70|0x0000000085a00000, 0x0000000085b00000, 0x0000000085b00000|100%| O|  |TAMS 0x0000000085a00000, 0x0000000085a00000| Untracked 
|  71|0x0000000085b00000, 0x0000000085c00000, 0x0000000085c00000|100%| O|  |TAMS 0x0000000085b00000, 0x0000000085b00000| Untracked 
|  72|0x0000000085c00000, 0x0000000085d00000, 0x0000000085d00000|100%| O|  |TAMS 0x0000000085c00000, 0x0000000085c00000| Untracked 
|  73|0x0000000085d00000, 0x0000000085e00000, 0x0000000085e00000|100%| O|  |TAMS 0x0000000085d00000, 0x0000000085d00000| Untracked 
|  74|0x0000000085e00000, 0x0000000085f00000, 0x0000000085f00000|100%| O|  |TAMS 0x0000000085e00000, 0x0000000085e00000| Untracked 
|  75|0x0000000085f00000, 0x0000000086000000, 0x0000000086000000|100%| O|  |TAMS 0x0000000085f00000, 0x0000000085f00000| Untracked 
|  76|0x0000000086000000, 0x0000000086100000, 0x0000000086100000|100%| O|  |TAMS 0x0000000086000000, 0x0000000086000000| Untracked 
|  77|0x0000000086100000, 0x0000000086200000, 0x0000000086200000|100%| O|  |TAMS 0x0000000086100000, 0x0000000086100000| Untracked 
|  78|0x0000000086200000, 0x0000000086300000, 0x0000000086300000|100%| O|  |TAMS 0x0000000086200000, 0x0000000086200000| Untracked 
|  79|0x0000000086300000, 0x0000000086400000, 0x0000000086400000|100%| O|  |TAMS 0x0000000086300000, 0x0000000086300000| Untracked 
|  80|0x0000000086400000, 0x0000000086500000, 0x0000000086500000|100%| O|  |TAMS 0x0000000086400000, 0x0000000086400000| Untracked 
|  81|0x0000000086500000, 0x0000000086600000, 0x0000000086600000|100%| O|  |TAMS 0x0000000086500000, 0x0000000086500000| Untracked 
|  82|0x0000000086600000, 0x0000000086700000, 0x0000000086700000|100%| O|  |TAMS 0x0000000086600000, 0x0000000086600000| Untracked 
|  83|0x0000000086700000, 0x0000000086800000, 0x0000000086800000|100%| O|  |TAMS 0x0000000086700000, 0x0000000086700000| Untracked 
|  84|0x0000000086800000, 0x0000000086900000, 0x0000000086900000|100%| O|  |TAMS 0x0000000086800000, 0x0000000086800000| Untracked 
|  85|0x0000000086900000, 0x0000000086a00000, 0x0000000086a00000|100%| O|  |TAMS 0x0000000086900000, 0x0000000086900000| Untracked 
|  86|0x0000000086a00000, 0x0000000086b00000, 0x0000000086b00000|100%| O|  |TAMS 0x0000000086a00000, 0x0000000086a00000| Untracked 
|  87|0x0000000086b00000, 0x0000000086c00000, 0x0000000086c00000|100%| O|  |TAMS 0x0000000086b00000, 0x0000000086b00000| Untracked 
|  88|0x0000000086c00000, 0x0000000086d00000, 0x0000000086d00000|100%| O|  |TAMS 0x0000000086c00000, 0x0000000086c00000| Untracked 
|  89|0x0000000086d00000, 0x0000000086e00000, 0x0000000086e00000|100%| O|  |TAMS 0x0000000086d00000, 0x0000000086d00000| Untracked 
|  90|0x0000000086e00000, 0x0000000086f00000, 0x0000000086f00000|100%| O|  |TAMS 0x0000000086e00000, 0x0000000086e00000| Untracked 
|  91|0x0000000086f00000, 0x0000000087000000, 0x0000000087000000|100%| O|  |TAMS 0x0000000086f00000, 0x0000000086f00000| Untracked 
|  92|0x0000000087000000, 0x0000000087100000, 0x0000000087100000|100%| O|  |TAMS 0x0000000087000000, 0x0000000087000000| Untracked 
|  93|0x0000000087100000, 0x0000000087200000, 0x0000000087200000|100%| O|  |TAMS 0x0000000087100000, 0x0000000087100000| Untracked 
|  94|0x0000000087200000, 0x0000000087300000, 0x0000000087300000|100%| O|  |TAMS 0x0000000087200000, 0x0000000087200000| Untracked 
|  95|0x0000000087300000, 0x0000000087400000, 0x0000000087400000|100%| O|  |TAMS 0x0000000087300000, 0x0000000087300000| Untracked 
|  96|0x0000000087400000, 0x0000000087500000, 0x0000000087500000|100%| O|  |TAMS 0x0000000087400000, 0x0000000087400000| Untracked 
|  97|0x0000000087500000, 0x0000000087600000, 0x0000000087600000|100%| O|  |TAMS 0x0000000087500000, 0x0000000087500000| Untracked 
|  98|0x0000000087600000, 0x0000000087700000, 0x0000000087700000|100%| O|  |TAMS 0x0000000087600000, 0x0000000087600000| Untracked 
|  99|0x0000000087700000, 0x0000000087800000, 0x0000000087800000|100%| O|  |TAMS 0x0000000087700000, 0x0000000087700000| Untracked 
| 100|0x0000000087800000, 0x0000000087900000, 0x0000000087900000|100%| O|  |TAMS 0x0000000087800000, 0x0000000087800000| Untracked 
| 101|0x0000000087900000, 0x0000000087a00000, 0x0000000087a00000|100%| O|  |TAMS 0x0000000087900000, 0x0000000087900000| Untracked 
| 102|0x0000000087a00000, 0x0000000087b00000, 0x0000000087b00000|100%| O|  |TAMS 0x0000000087a00000, 0x0000000087a00000| Untracked 
| 103|0x0000000087b00000, 0x0000000087c00000, 0x0000000087c00000|100%| O|  |TAMS 0x0000000087b00000, 0x0000000087b00000| Untracked 
| 104|0x0000000087c00000, 0x0000000087d00000, 0x0000000087d00000|100%| O|  |TAMS 0x0000000087c00000, 0x0000000087c00000| Untracked 
| 105|0x0000000087d00000, 0x0000000087e00000, 0x0000000087e00000|100%| O|  |TAMS 0x0000000087d00000, 0x0000000087d00000| Untracked 
| 106|0x0000000087e00000, 0x0000000087f00000, 0x0000000087f00000|100%| O|  |TAMS 0x0000000087e00000, 0x0000000087e00000| Untracked 
| 107|0x0000000087f00000, 0x0000000087f5aa00, 0x0000000088000000| 35%| O|  |TAMS 0x0000000087f00000, 0x0000000087f00000| Untracked 
| 108|0x0000000088000000, 0x0000000088000000, 0x0000000088100000|  0%| F|  |TAMS 0x0000000088000000, 0x0000000088000000| Untracked 
| 109|0x0000000088100000, 0x0000000088100000, 0x0000000088200000|  0%| F|  |TAMS 0x0000000088100000, 0x0000000088100000| Untracked 
| 110|0x0000000088200000, 0x0000000088200000, 0x0000000088300000|  0%| F|  |TAMS 0x0000000088200000, 0x0000000088200000| Untracked 
| 111|0x0000000088300000, 0x0000000088300000, 0x0000000088400000|  0%| F|  |TAMS 0x0000000088300000, 0x0000000088300000| Untracked 
| 112|0x0000000088400000, 0x0000000088400000, 0x0000000088500000|  0%| F|  |TAMS 0x0000000088400000, 0x0000000088400000| Untracked 
| 113|0x0000000088500000, 0x0000000088500000, 0x0000000088600000|  0%| F|  |TAMS 0x0000000088500000, 0x0000000088500000| Untracked 
| 114|0x0000000088600000, 0x0000000088600000, 0x0000000088700000|  0%| F|  |TAMS 0x0000000088600000, 0x0000000088600000| Untracked 
| 115|0x0000000088700000, 0x0000000088700000, 0x0000000088800000|  0%| F|  |TAMS 0x0000000088700000, 0x0000000088700000| Untracked 
| 116|0x0000000088800000, 0x0000000088800000, 0x0000000088900000|  0%| F|  |TAMS 0x0000000088800000, 0x0000000088800000| Untracked 
| 117|0x0000000088900000, 0x0000000088900000, 0x0000000088a00000|  0%| F|  |TAMS 0x0000000088900000, 0x0000000088900000| Untracked 
| 118|0x0000000088a00000, 0x0000000088a00000, 0x0000000088b00000|  0%| F|  |TAMS 0x0000000088a00000, 0x0000000088a00000| Untracked 
| 119|0x0000000088b00000, 0x0000000088b00000, 0x0000000088c00000|  0%| F|  |TAMS 0x0000000088b00000, 0x0000000088b00000| Untracked 
| 120|0x0000000088c00000, 0x0000000088c00000, 0x0000000088d00000|  0%| F|  |TAMS 0x0000000088c00000, 0x0000000088c00000| Untracked 
| 121|0x0000000088d00000, 0x0000000088d00000, 0x0000000088e00000|  0%| F|  |TAMS 0x0000000088d00000, 0x0000000088d00000| Untracked 
| 122|0x0000000088e00000, 0x0000000088e00000, 0x0000000088f00000|  0%| F|  |TAMS 0x0000000088e00000, 0x0000000088e00000| Untracked 
| 123|0x0000000088f00000, 0x0000000088f00000, 0x0000000089000000|  0%| F|  |TAMS 0x0000000088f00000, 0x0000000088f00000| Untracked 
| 124|0x0000000089000000, 0x0000000089000000, 0x0000000089100000|  0%| F|  |TAMS 0x0000000089000000, 0x0000000089000000| Untracked 
| 125|0x0000000089100000, 0x0000000089100000, 0x0000000089200000|  0%| F|  |TAMS 0x0000000089100000, 0x0000000089100000| Untracked 
| 126|0x0000000089200000, 0x0000000089200000, 0x0000000089300000|  0%| F|  |TAMS 0x0000000089200000, 0x0000000089200000| Untracked 
| 127|0x0000000089300000, 0x0000000089300000, 0x0000000089400000|  0%| F|  |TAMS 0x0000000089300000, 0x0000000089300000| Untracked 
| 128|0x0000000089400000, 0x0000000089400000, 0x0000000089500000|  0%| F|  |TAMS 0x0000000089400000, 0x0000000089400000| Untracked 
| 129|0x0000000089500000, 0x0000000089500000, 0x0000000089600000|  0%| F|  |TAMS 0x0000000089500000, 0x0000000089500000| Untracked 
| 130|0x0000000089600000, 0x0000000089600000, 0x0000000089700000|  0%| F|  |TAMS 0x0000000089600000, 0x0000000089600000| Untracked 
| 131|0x0000000089700000, 0x0000000089700000, 0x0000000089800000|  0%| F|  |TAMS 0x0000000089700000, 0x0000000089700000| Untracked 
| 132|0x0000000089800000, 0x0000000089800000, 0x0000000089900000|  0%| F|  |TAMS 0x0000000089800000, 0x0000000089800000| Untracked 
| 133|0x0000000089900000, 0x0000000089900000, 0x0000000089a00000|  0%| F|  |TAMS 0x0000000089900000, 0x0000000089900000| Untracked 
| 134|0x0000000089a00000, 0x0000000089a00000, 0x0000000089b00000|  0%| F|  |TAMS 0x0000000089a00000, 0x0000000089a00000| Untracked 
| 135|0x0000000089b00000, 0x0000000089b00000, 0x0000000089c00000|  0%| F|  |TAMS 0x0000000089b00000, 0x0000000089b00000| Untracked 
| 136|0x0000000089c00000, 0x0000000089c00000, 0x0000000089d00000|  0%| F|  |TAMS 0x0000000089c00000, 0x0000000089c00000| Untracked 
| 137|0x0000000089d00000, 0x0000000089d00000, 0x0000000089e00000|  0%| F|  |TAMS 0x0000000089d00000, 0x0000000089d00000| Untracked 
| 138|0x0000000089e00000, 0x0000000089e00000, 0x0000000089f00000|  0%| F|  |TAMS 0x0000000089e00000, 0x0000000089e00000| Untracked 
| 139|0x0000000089f00000, 0x0000000089f00000, 0x000000008a000000|  0%| F|  |TAMS 0x0000000089f00000, 0x0000000089f00000| Untracked 
| 140|0x000000008a000000, 0x000000008a000000, 0x000000008a100000|  0%| F|  |TAMS 0x000000008a000000, 0x000000008a000000| Untracked 
| 141|0x000000008a100000, 0x000000008a180000, 0x000000008a200000| 50%| S|CS|TAMS 0x000000008a100000, 0x000000008a100000| Complete 
| 142|0x000000008a200000, 0x000000008a300000, 0x000000008a300000|100%| S|CS|TAMS 0x000000008a200000, 0x000000008a200000| Complete 
| 143|0x000000008a300000, 0x000000008a400000, 0x000000008a400000|100%| S|CS|TAMS 0x000000008a300000, 0x000000008a300000| Complete 
| 144|0x000000008a400000, 0x000000008a500000, 0x000000008a500000|100%| S|CS|TAMS 0x000000008a400000, 0x000000008a400000| Complete 
| 145|0x000000008a500000, 0x000000008a600000, 0x000000008a600000|100%| S|CS|TAMS 0x000000008a500000, 0x000000008a500000| Complete 
| 146|0x000000008a600000, 0x000000008a600000, 0x000000008a700000|  0%| F|  |TAMS 0x000000008a600000, 0x000000008a600000| Untracked 
| 147|0x000000008a700000, 0x000000008a700000, 0x000000008a800000|  0%| F|  |TAMS 0x000000008a700000, 0x000000008a700000| Untracked 
| 148|0x000000008a800000, 0x000000008a800000, 0x000000008a900000|  0%| F|  |TAMS 0x000000008a800000, 0x000000008a800000| Untracked 
| 149|0x000000008a900000, 0x000000008a900000, 0x000000008aa00000|  0%| F|  |TAMS 0x000000008a900000, 0x000000008a900000| Untracked 
| 150|0x000000008aa00000, 0x000000008aa00000, 0x000000008ab00000|  0%| F|  |TAMS 0x000000008aa00000, 0x000000008aa00000| Untracked 
| 151|0x000000008ab00000, 0x000000008ab00000, 0x000000008ac00000|  0%| F|  |TAMS 0x000000008ab00000, 0x000000008ab00000| Untracked 
| 152|0x000000008ac00000, 0x000000008ad00000, 0x000000008ad00000|100%| S|CS|TAMS 0x000000008ac00000, 0x000000008ac00000| Complete 
| 153|0x000000008ad00000, 0x000000008ae00000, 0x000000008ae00000|100%| S|CS|TAMS 0x000000008ad00000, 0x000000008ad00000| Complete 
| 154|0x000000008ae00000, 0x000000008af00000, 0x000000008af00000|100%| S|CS|TAMS 0x000000008ae00000, 0x000000008ae00000| Complete 
| 155|0x000000008af00000, 0x000000008b000000, 0x000000008b000000|100%| S|CS|TAMS 0x000000008af00000, 0x000000008af00000| Complete 
| 156|0x000000008b000000, 0x000000008b100000, 0x000000008b100000|100%| S|CS|TAMS 0x000000008b000000, 0x000000008b000000| Complete 
| 157|0x000000008b100000, 0x000000008b200000, 0x000000008b200000|100%| S|CS|TAMS 0x000000008b100000, 0x000000008b100000| Complete 
| 158|0x000000008b200000, 0x000000008b200000, 0x000000008b300000|  0%| F|  |TAMS 0x000000008b200000, 0x000000008b200000| Untracked 
| 159|0x000000008b300000, 0x000000008b300000, 0x000000008b400000|  0%| F|  |TAMS 0x000000008b300000, 0x000000008b300000| Untracked 
| 160|0x000000008b400000, 0x000000008b400000, 0x000000008b500000|  0%| F|  |TAMS 0x000000008b400000, 0x000000008b400000| Untracked 
| 161|0x000000008b500000, 0x000000008b500000, 0x000000008b600000|  0%| F|  |TAMS 0x000000008b500000, 0x000000008b500000| Untracked 
| 162|0x000000008b600000, 0x000000008b600000, 0x000000008b700000|  0%| F|  |TAMS 0x000000008b600000, 0x000000008b600000| Untracked 
| 163|0x000000008b700000, 0x000000008b800000, 0x000000008b800000|100%| S|CS|TAMS 0x000000008b700000, 0x000000008b700000| Complete 
| 164|0x000000008b800000, 0x000000008b900000, 0x000000008b900000|100%| S|CS|TAMS 0x000000008b800000, 0x000000008b800000| Complete 
| 165|0x000000008b900000, 0x000000008ba00000, 0x000000008ba00000|100%| S|CS|TAMS 0x000000008b900000, 0x000000008b900000| Complete 
| 166|0x000000008ba00000, 0x000000008bb00000, 0x000000008bb00000|100%| S|CS|TAMS 0x000000008ba00000, 0x000000008ba00000| Complete 
| 167|0x000000008bb00000, 0x000000008bb00000, 0x000000008bc00000|  0%| F|  |TAMS 0x000000008bb00000, 0x000000008bb00000| Untracked 
| 168|0x000000008bc00000, 0x000000008bc00000, 0x000000008bd00000|  0%| F|  |TAMS 0x000000008bc00000, 0x000000008bc00000| Untracked 
| 169|0x000000008bd00000, 0x000000008bd00000, 0x000000008be00000|  0%| F|  |TAMS 0x000000008bd00000, 0x000000008bd00000| Untracked 
| 170|0x000000008be00000, 0x000000008be00000, 0x000000008bf00000|  0%| F|  |TAMS 0x000000008be00000, 0x000000008be00000| Untracked 
| 171|0x000000008bf00000, 0x000000008bf00000, 0x000000008c000000|  0%| F|  |TAMS 0x000000008bf00000, 0x000000008bf00000| Untracked 
| 172|0x000000008c000000, 0x000000008c000000, 0x000000008c100000|  0%| F|  |TAMS 0x000000008c000000, 0x000000008c000000| Untracked 
| 173|0x000000008c100000, 0x000000008c100000, 0x000000008c200000|  0%| F|  |TAMS 0x000000008c100000, 0x000000008c100000| Untracked 
| 174|0x000000008c200000, 0x000000008c200000, 0x000000008c300000|  0%| F|  |TAMS 0x000000008c200000, 0x000000008c200000| Untracked 
| 175|0x000000008c300000, 0x000000008c300000, 0x000000008c400000|  0%| F|  |TAMS 0x000000008c300000, 0x000000008c300000| Untracked 
| 176|0x000000008c400000, 0x000000008c400000, 0x000000008c500000|  0%| F|  |TAMS 0x000000008c400000, 0x000000008c400000| Untracked 
| 177|0x000000008c500000, 0x000000008c500000, 0x000000008c600000|  0%| F|  |TAMS 0x000000008c500000, 0x000000008c500000| Untracked 
| 178|0x000000008c600000, 0x000000008c600000, 0x000000008c700000|  0%| F|  |TAMS 0x000000008c600000, 0x000000008c600000| Untracked 
| 179|0x000000008c700000, 0x000000008c700000, 0x000000008c800000|  0%| F|  |TAMS 0x000000008c700000, 0x000000008c700000| Untracked 
| 180|0x000000008c800000, 0x000000008c800000, 0x000000008c900000|  0%| F|  |TAMS 0x000000008c800000, 0x000000008c800000| Untracked 
| 181|0x000000008c900000, 0x000000008c900000, 0x000000008ca00000|  0%| F|  |TAMS 0x000000008c900000, 0x000000008c900000| Untracked 
| 182|0x000000008ca00000, 0x000000008ca00000, 0x000000008cb00000|  0%| F|  |TAMS 0x000000008ca00000, 0x000000008ca00000| Untracked 
| 183|0x000000008cb00000, 0x000000008cb00000, 0x000000008cc00000|  0%| F|  |TAMS 0x000000008cb00000, 0x000000008cb00000| Untracked 
| 184|0x000000008cc00000, 0x000000008cc00000, 0x000000008cd00000|  0%| F|  |TAMS 0x000000008cc00000, 0x000000008cc00000| Untracked 
| 185|0x000000008cd00000, 0x000000008cd00000, 0x000000008ce00000|  0%| F|  |TAMS 0x000000008cd00000, 0x000000008cd00000| Untracked 
| 186|0x000000008ce00000, 0x000000008ce00000, 0x000000008cf00000|  0%| F|  |TAMS 0x000000008ce00000, 0x000000008ce00000| Untracked 
| 187|0x000000008cf00000, 0x000000008cf00000, 0x000000008d000000|  0%| F|  |TAMS 0x000000008cf00000, 0x000000008cf00000| Untracked 
| 188|0x000000008d000000, 0x000000008d000000, 0x000000008d100000|  0%| F|  |TAMS 0x000000008d000000, 0x000000008d000000| Untracked 
| 189|0x000000008d100000, 0x000000008d100000, 0x000000008d200000|  0%| F|  |TAMS 0x000000008d100000, 0x000000008d100000| Untracked 
| 190|0x000000008d200000, 0x000000008d200000, 0x000000008d300000|  0%| F|  |TAMS 0x000000008d200000, 0x000000008d200000| Untracked 
| 191|0x000000008d300000, 0x000000008d300000, 0x000000008d400000|  0%| F|  |TAMS 0x000000008d300000, 0x000000008d300000| Untracked 
| 192|0x000000008d400000, 0x000000008d400000, 0x000000008d500000|  0%| F|  |TAMS 0x000000008d400000, 0x000000008d400000| Untracked 
| 193|0x000000008d500000, 0x000000008d500000, 0x000000008d600000|  0%| F|  |TAMS 0x000000008d500000, 0x000000008d500000| Untracked 
| 194|0x000000008d600000, 0x000000008d600000, 0x000000008d700000|  0%| F|  |TAMS 0x000000008d600000, 0x000000008d600000| Untracked 
| 195|0x000000008d700000, 0x000000008d700000, 0x000000008d800000|  0%| F|  |TAMS 0x000000008d700000, 0x000000008d700000| Untracked 
| 196|0x000000008d800000, 0x000000008d800000, 0x000000008d900000|  0%| F|  |TAMS 0x000000008d800000, 0x000000008d800000| Untracked 
| 197|0x000000008d900000, 0x000000008d900000, 0x000000008da00000|  0%| F|  |TAMS 0x000000008d900000, 0x000000008d900000| Untracked 
| 198|0x000000008da00000, 0x000000008da00000, 0x000000008db00000|  0%| F|  |TAMS 0x000000008da00000, 0x000000008da00000| Untracked 
| 199|0x000000008db00000, 0x000000008db00000, 0x000000008dc00000|  0%| F|  |TAMS 0x000000008db00000, 0x000000008db00000| Untracked 
| 200|0x000000008dc00000, 0x000000008dc00000, 0x000000008dd00000|  0%| F|  |TAMS 0x000000008dc00000, 0x000000008dc00000| Untracked 
| 201|0x000000008dd00000, 0x000000008dd00000, 0x000000008de00000|  0%| F|  |TAMS 0x000000008dd00000, 0x000000008dd00000| Untracked 
| 202|0x000000008de00000, 0x000000008de00000, 0x000000008df00000|  0%| F|  |TAMS 0x000000008de00000, 0x000000008de00000| Untracked 
| 203|0x000000008df00000, 0x000000008df36558, 0x000000008e000000| 21%| E|  |TAMS 0x000000008df00000, 0x000000008df00000| Complete 
| 204|0x000000008e000000, 0x000000008e100000, 0x000000008e100000|100%| E|CS|TAMS 0x000000008e000000, 0x000000008e000000| Complete 
| 205|0x000000008e100000, 0x000000008e200000, 0x000000008e200000|100%| E|CS|TAMS 0x000000008e100000, 0x000000008e100000| Complete 
| 206|0x000000008e200000, 0x000000008e300000, 0x000000008e300000|100%| E|CS|TAMS 0x000000008e200000, 0x000000008e200000| Complete 
| 207|0x000000008e300000, 0x000000008e400000, 0x000000008e400000|100%| E|CS|TAMS 0x000000008e300000, 0x000000008e300000| Complete 
| 208|0x000000008e400000, 0x000000008e500000, 0x000000008e500000|100%| E|CS|TAMS 0x000000008e400000, 0x000000008e400000| Complete 
| 209|0x000000008e500000, 0x000000008e600000, 0x000000008e600000|100%| E|CS|TAMS 0x000000008e500000, 0x000000008e500000| Complete 
| 210|0x000000008e600000, 0x000000008e700000, 0x000000008e700000|100%| E|CS|TAMS 0x000000008e600000, 0x000000008e600000| Complete 
| 211|0x000000008e700000, 0x000000008e800000, 0x000000008e800000|100%| E|CS|TAMS 0x000000008e700000, 0x000000008e700000| Complete 
| 212|0x000000008e800000, 0x000000008e900000, 0x000000008e900000|100%| E|CS|TAMS 0x000000008e800000, 0x000000008e800000| Complete 
| 213|0x000000008e900000, 0x000000008ea00000, 0x000000008ea00000|100%| E|CS|TAMS 0x000000008e900000, 0x000000008e900000| Complete 
| 214|0x000000008ea00000, 0x000000008eb00000, 0x000000008eb00000|100%| E|CS|TAMS 0x000000008ea00000, 0x000000008ea00000| Complete 
| 215|0x000000008eb00000, 0x000000008ec00000, 0x000000008ec00000|100%| E|CS|TAMS 0x000000008eb00000, 0x000000008eb00000| Complete 
| 216|0x000000008ec00000, 0x000000008ed00000, 0x000000008ed00000|100%| E|CS|TAMS 0x000000008ec00000, 0x000000008ec00000| Complete 
| 217|0x000000008ed00000, 0x000000008ee00000, 0x000000008ee00000|100%| E|CS|TAMS 0x000000008ed00000, 0x000000008ed00000| Complete 
| 218|0x000000008ee00000, 0x000000008ef00000, 0x000000008ef00000|100%| E|CS|TAMS 0x000000008ee00000, 0x000000008ee00000| Complete 
| 219|0x000000008ef00000, 0x000000008f000000, 0x000000008f000000|100%| E|CS|TAMS 0x000000008ef00000, 0x000000008ef00000| Complete 
| 220|0x000000008f000000, 0x000000008f100000, 0x000000008f100000|100%| E|CS|TAMS 0x000000008f000000, 0x000000008f000000| Complete 
| 221|0x000000008f100000, 0x000000008f200000, 0x000000008f200000|100%| E|CS|TAMS 0x000000008f100000, 0x000000008f100000| Complete 
| 222|0x000000008f200000, 0x000000008f300000, 0x000000008f300000|100%| E|CS|TAMS 0x000000008f200000, 0x000000008f200000| Complete 
| 223|0x000000008f300000, 0x000000008f400000, 0x000000008f400000|100%| E|CS|TAMS 0x000000008f300000, 0x000000008f300000| Complete 
| 224|0x000000008f400000, 0x000000008f500000, 0x000000008f500000|100%| E|CS|TAMS 0x000000008f400000, 0x000000008f400000| Complete 
| 225|0x000000008f500000, 0x000000008f600000, 0x000000008f600000|100%| E|CS|TAMS 0x000000008f500000, 0x000000008f500000| Complete 
| 226|0x000000008f600000, 0x000000008f700000, 0x000000008f700000|100%| E|CS|TAMS 0x000000008f600000, 0x000000008f600000| Complete 
| 227|0x000000008f700000, 0x000000008f800000, 0x000000008f800000|100%| E|CS|TAMS 0x000000008f700000, 0x000000008f700000| Complete 
| 228|0x000000008f800000, 0x000000008f900000, 0x000000008f900000|100%| E|CS|TAMS 0x000000008f800000, 0x000000008f800000| Complete 
| 229|0x000000008f900000, 0x000000008fa00000, 0x000000008fa00000|100%| E|CS|TAMS 0x000000008f900000, 0x000000008f900000| Complete 
| 230|0x000000008fa00000, 0x000000008fb00000, 0x000000008fb00000|100%| E|CS|TAMS 0x000000008fa00000, 0x000000008fa00000| Complete 
| 231|0x000000008fb00000, 0x000000008fc00000, 0x000000008fc00000|100%| E|CS|TAMS 0x000000008fb00000, 0x000000008fb00000| Complete 
| 232|0x000000008fc00000, 0x000000008fd00000, 0x000000008fd00000|100%| E|CS|TAMS 0x000000008fc00000, 0x000000008fc00000| Complete 
| 233|0x000000008fd00000, 0x000000008fe00000, 0x000000008fe00000|100%| E|CS|TAMS 0x000000008fd00000, 0x000000008fd00000| Complete 
| 234|0x000000008fe00000, 0x000000008ff00000, 0x000000008ff00000|100%| E|CS|TAMS 0x000000008fe00000, 0x000000008fe00000| Complete 
| 235|0x000000008ff00000, 0x0000000090000000, 0x0000000090000000|100%| E|CS|TAMS 0x000000008ff00000, 0x000000008ff00000| Complete 
| 236|0x0000000090000000, 0x0000000090100000, 0x0000000090100000|100%| E|CS|TAMS 0x0000000090000000, 0x0000000090000000| Complete 
| 237|0x0000000090100000, 0x0000000090200000, 0x0000000090200000|100%| E|CS|TAMS 0x0000000090100000, 0x0000000090100000| Complete 
| 238|0x0000000090200000, 0x0000000090300000, 0x0000000090300000|100%| E|CS|TAMS 0x0000000090200000, 0x0000000090200000| Complete 
| 239|0x0000000090300000, 0x0000000090400000, 0x0000000090400000|100%| E|CS|TAMS 0x0000000090300000, 0x0000000090300000| Complete 
| 240|0x0000000090400000, 0x0000000090500000, 0x0000000090500000|100%| E|CS|TAMS 0x0000000090400000, 0x0000000090400000| Complete 
| 241|0x0000000090500000, 0x0000000090600000, 0x0000000090600000|100%| E|CS|TAMS 0x0000000090500000, 0x0000000090500000| Complete 
| 242|0x0000000090600000, 0x0000000090700000, 0x0000000090700000|100%| E|CS|TAMS 0x0000000090600000, 0x0000000090600000| Complete 
| 243|0x0000000090700000, 0x0000000090800000, 0x0000000090800000|100%| E|CS|TAMS 0x0000000090700000, 0x0000000090700000| Complete 
| 244|0x0000000090800000, 0x0000000090900000, 0x0000000090900000|100%| E|CS|TAMS 0x0000000090800000, 0x0000000090800000| Complete 
| 245|0x0000000090900000, 0x0000000090a00000, 0x0000000090a00000|100%| E|CS|TAMS 0x0000000090900000, 0x0000000090900000| Complete 
| 246|0x0000000090a00000, 0x0000000090b00000, 0x0000000090b00000|100%| E|CS|TAMS 0x0000000090a00000, 0x0000000090a00000| Complete 
| 247|0x0000000090b00000, 0x0000000090c00000, 0x0000000090c00000|100%| E|CS|TAMS 0x0000000090b00000, 0x0000000090b00000| Complete 
| 248|0x0000000090c00000, 0x0000000090d00000, 0x0000000090d00000|100%| E|CS|TAMS 0x0000000090c00000, 0x0000000090c00000| Complete 
| 249|0x0000000090d00000, 0x0000000090e00000, 0x0000000090e00000|100%| E|CS|TAMS 0x0000000090d00000, 0x0000000090d00000| Complete 
| 250|0x0000000090e00000, 0x0000000090f00000, 0x0000000090f00000|100%| E|CS|TAMS 0x0000000090e00000, 0x0000000090e00000| Complete 
| 251|0x0000000090f00000, 0x0000000091000000, 0x0000000091000000|100%| E|CS|TAMS 0x0000000090f00000, 0x0000000090f00000| Complete 
| 252|0x0000000091000000, 0x0000000091100000, 0x0000000091100000|100%| E|CS|TAMS 0x0000000091000000, 0x0000000091000000| Complete 
| 253|0x0000000091100000, 0x0000000091200000, 0x0000000091200000|100%| E|CS|TAMS 0x0000000091100000, 0x0000000091100000| Complete 
| 254|0x0000000091200000, 0x0000000091300000, 0x0000000091300000|100%| E|CS|TAMS 0x0000000091200000, 0x0000000091200000| Complete 
| 255|0x0000000091300000, 0x0000000091400000, 0x0000000091400000|100%| E|CS|TAMS 0x0000000091300000, 0x0000000091300000| Complete 
| 256|0x0000000091400000, 0x0000000091500000, 0x0000000091500000|100%| E|CS|TAMS 0x0000000091400000, 0x0000000091400000| Complete 
| 257|0x0000000091500000, 0x0000000091600000, 0x0000000091600000|100%| E|CS|TAMS 0x0000000091500000, 0x0000000091500000| Complete 
| 258|0x0000000091600000, 0x0000000091700000, 0x0000000091700000|100%| E|CS|TAMS 0x0000000091600000, 0x0000000091600000| Complete 
| 259|0x0000000091700000, 0x0000000091800000, 0x0000000091800000|100%| E|CS|TAMS 0x0000000091700000, 0x0000000091700000| Complete 
| 260|0x0000000091800000, 0x0000000091900000, 0x0000000091900000|100%| E|CS|TAMS 0x0000000091800000, 0x0000000091800000| Complete 
| 261|0x0000000091900000, 0x0000000091a00000, 0x0000000091a00000|100%| E|CS|TAMS 0x0000000091900000, 0x0000000091900000| Complete 
| 262|0x0000000091a00000, 0x0000000091b00000, 0x0000000091b00000|100%| E|CS|TAMS 0x0000000091a00000, 0x0000000091a00000| Complete 
| 263|0x0000000091b00000, 0x0000000091c00000, 0x0000000091c00000|100%| E|CS|TAMS 0x0000000091b00000, 0x0000000091b00000| Complete 
| 264|0x0000000091c00000, 0x0000000091d00000, 0x0000000091d00000|100%| E|CS|TAMS 0x0000000091c00000, 0x0000000091c00000| Complete 
| 265|0x0000000091d00000, 0x0000000091e00000, 0x0000000091e00000|100%| E|CS|TAMS 0x0000000091d00000, 0x0000000091d00000| Complete 
| 266|0x0000000091e00000, 0x0000000091f00000, 0x0000000091f00000|100%| E|CS|TAMS 0x0000000091e00000, 0x0000000091e00000| Complete 
| 267|0x0000000091f00000, 0x0000000092000000, 0x0000000092000000|100%| E|CS|TAMS 0x0000000091f00000, 0x0000000091f00000| Complete 
| 268|0x0000000092000000, 0x0000000092100000, 0x0000000092100000|100%| E|CS|TAMS 0x0000000092000000, 0x0000000092000000| Complete 
| 269|0x0000000092100000, 0x0000000092200000, 0x0000000092200000|100%| E|CS|TAMS 0x0000000092100000, 0x0000000092100000| Complete 
| 270|0x0000000092200000, 0x0000000092300000, 0x0000000092300000|100%| E|CS|TAMS 0x0000000092200000, 0x0000000092200000| Complete 
| 271|0x0000000092300000, 0x0000000092400000, 0x0000000092400000|100%| E|CS|TAMS 0x0000000092300000, 0x0000000092300000| Complete 
| 272|0x0000000092400000, 0x0000000092500000, 0x0000000092500000|100%| E|CS|TAMS 0x0000000092400000, 0x0000000092400000| Complete 
| 273|0x0000000092500000, 0x0000000092600000, 0x0000000092600000|100%| E|CS|TAMS 0x0000000092500000, 0x0000000092500000| Complete 
| 274|0x0000000092600000, 0x0000000092700000, 0x0000000092700000|100%| E|CS|TAMS 0x0000000092600000, 0x0000000092600000| Complete 
| 275|0x0000000092700000, 0x0000000092800000, 0x0000000092800000|100%| E|CS|TAMS 0x0000000092700000, 0x0000000092700000| Complete 
| 276|0x0000000092800000, 0x0000000092900000, 0x0000000092900000|100%| E|CS|TAMS 0x0000000092800000, 0x0000000092800000| Complete 
| 277|0x0000000092900000, 0x0000000092a00000, 0x0000000092a00000|100%| E|CS|TAMS 0x0000000092900000, 0x0000000092900000| Complete 
| 278|0x0000000092a00000, 0x0000000092b00000, 0x0000000092b00000|100%| E|CS|TAMS 0x0000000092a00000, 0x0000000092a00000| Complete 
| 279|0x0000000092b00000, 0x0000000092c00000, 0x0000000092c00000|100%| E|CS|TAMS 0x0000000092b00000, 0x0000000092b00000| Complete 
| 280|0x0000000092c00000, 0x0000000092d00000, 0x0000000092d00000|100%| E|CS|TAMS 0x0000000092c00000, 0x0000000092c00000| Complete 
| 281|0x0000000092d00000, 0x0000000092e00000, 0x0000000092e00000|100%| E|CS|TAMS 0x0000000092d00000, 0x0000000092d00000| Complete 
| 282|0x0000000092e00000, 0x0000000092f00000, 0x0000000092f00000|100%| E|CS|TAMS 0x0000000092e00000, 0x0000000092e00000| Complete 
| 283|0x0000000092f00000, 0x0000000093000000, 0x0000000093000000|100%| E|CS|TAMS 0x0000000092f00000, 0x0000000092f00000| Complete 
| 284|0x0000000093000000, 0x0000000093100000, 0x0000000093100000|100%| E|CS|TAMS 0x0000000093000000, 0x0000000093000000| Complete 
| 285|0x0000000093100000, 0x0000000093200000, 0x0000000093200000|100%| E|CS|TAMS 0x0000000093100000, 0x0000000093100000| Complete 
| 286|0x0000000093200000, 0x0000000093300000, 0x0000000093300000|100%| E|CS|TAMS 0x0000000093200000, 0x0000000093200000| Complete 
| 287|0x0000000093300000, 0x0000000093400000, 0x0000000093400000|100%| E|CS|TAMS 0x0000000093300000, 0x0000000093300000| Complete 
| 288|0x0000000093400000, 0x0000000093500000, 0x0000000093500000|100%| E|CS|TAMS 0x0000000093400000, 0x0000000093400000| Complete 
| 289|0x0000000093500000, 0x0000000093600000, 0x0000000093600000|100%| E|CS|TAMS 0x0000000093500000, 0x0000000093500000| Complete 
| 290|0x0000000093600000, 0x0000000093700000, 0x0000000093700000|100%| E|CS|TAMS 0x0000000093600000, 0x0000000093600000| Complete 
| 291|0x0000000093700000, 0x0000000093800000, 0x0000000093800000|100%| E|CS|TAMS 0x0000000093700000, 0x0000000093700000| Complete 
| 292|0x0000000093800000, 0x0000000093900000, 0x0000000093900000|100%| E|CS|TAMS 0x0000000093800000, 0x0000000093800000| Complete 
| 293|0x0000000093900000, 0x0000000093a00000, 0x0000000093a00000|100%| E|CS|TAMS 0x0000000093900000, 0x0000000093900000| Complete 
| 294|0x0000000093a00000, 0x0000000093b00000, 0x0000000093b00000|100%| E|CS|TAMS 0x0000000093a00000, 0x0000000093a00000| Complete 
| 295|0x0000000093b00000, 0x0000000093c00000, 0x0000000093c00000|100%| E|CS|TAMS 0x0000000093b00000, 0x0000000093b00000| Complete 
| 296|0x0000000093c00000, 0x0000000093d00000, 0x0000000093d00000|100%| E|CS|TAMS 0x0000000093c00000, 0x0000000093c00000| Complete 
| 297|0x0000000093d00000, 0x0000000093e00000, 0x0000000093e00000|100%| E|CS|TAMS 0x0000000093d00000, 0x0000000093d00000| Complete 
| 298|0x0000000093e00000, 0x0000000093f00000, 0x0000000093f00000|100%| E|CS|TAMS 0x0000000093e00000, 0x0000000093e00000| Complete 
| 299|0x0000000093f00000, 0x0000000094000000, 0x0000000094000000|100%| E|CS|TAMS 0x0000000093f00000, 0x0000000093f00000| Complete 
| 300|0x0000000094000000, 0x0000000094100000, 0x0000000094100000|100%| E|CS|TAMS 0x0000000094000000, 0x0000000094000000| Complete 
| 301|0x0000000094100000, 0x0000000094200000, 0x0000000094200000|100%| E|CS|TAMS 0x0000000094100000, 0x0000000094100000| Complete 
| 302|0x0000000094200000, 0x0000000094300000, 0x0000000094300000|100%| E|CS|TAMS 0x0000000094200000, 0x0000000094200000| Complete 
| 303|0x0000000094300000, 0x0000000094400000, 0x0000000094400000|100%| E|CS|TAMS 0x0000000094300000, 0x0000000094300000| Complete 
| 304|0x0000000094400000, 0x0000000094500000, 0x0000000094500000|100%| E|CS|TAMS 0x0000000094400000, 0x0000000094400000| Complete 
| 305|0x0000000094500000, 0x0000000094600000, 0x0000000094600000|100%| E|CS|TAMS 0x0000000094500000, 0x0000000094500000| Complete 
| 306|0x0000000094600000, 0x0000000094700000, 0x0000000094700000|100%| E|CS|TAMS 0x0000000094600000, 0x0000000094600000| Complete 
| 307|0x0000000094700000, 0x0000000094800000, 0x0000000094800000|100%| E|CS|TAMS 0x0000000094700000, 0x0000000094700000| Complete 
| 308|0x0000000094800000, 0x0000000094900000, 0x0000000094900000|100%| E|CS|TAMS 0x0000000094800000, 0x0000000094800000| Complete 
| 309|0x0000000094900000, 0x0000000094a00000, 0x0000000094a00000|100%| E|CS|TAMS 0x0000000094900000, 0x0000000094900000| Complete 
| 310|0x0000000094a00000, 0x0000000094b00000, 0x0000000094b00000|100%| E|CS|TAMS 0x0000000094a00000, 0x0000000094a00000| Complete 
| 311|0x0000000094b00000, 0x0000000094c00000, 0x0000000094c00000|100%| E|CS|TAMS 0x0000000094b00000, 0x0000000094b00000| Complete 
| 312|0x0000000094c00000, 0x0000000094d00000, 0x0000000094d00000|100%| E|CS|TAMS 0x0000000094c00000, 0x0000000094c00000| Complete 
| 313|0x0000000094d00000, 0x0000000094e00000, 0x0000000094e00000|100%| E|CS|TAMS 0x0000000094d00000, 0x0000000094d00000| Complete 
| 314|0x0000000094e00000, 0x0000000094f00000, 0x0000000094f00000|100%| E|CS|TAMS 0x0000000094e00000, 0x0000000094e00000| Complete 
| 315|0x0000000094f00000, 0x0000000095000000, 0x0000000095000000|100%| E|CS|TAMS 0x0000000094f00000, 0x0000000094f00000| Complete 

Card table byte_map: [0x00000097645d0000,0x00000097649d0000] _byte_map_base: 0x00000097641c6000

Marking Bits (Prev, Next): (CMBitMap*) 0x000000975dba0840, (CMBitMap*) 0x000000975dba0800
 Prev Bits: [0x0000009766d80000, 0x0000009768d30000)
 Next Bits: [0x0000009764dd0000, 0x0000009766d80000)

Polling page: 0x000000975bc00000

Metaspace:

Usage:
  Non-class:     84.73 MB used.
      Class:     11.42 MB used.
       Both:     96.14 MB used.

Virtual space:
  Non-class space:      128.00 MB reserved,      85.19 MB ( 67%) committed,  2 nodes.
      Class space:        1.00 GB reserved,      11.81 MB (  1%) committed,  1 nodes.
             Both:        1.13 GB reserved,      97.00 MB (  8%) committed. 

Chunk freelists:
   Non-Class:  2.06 MB
       Class:  164.00 KB
        Both:  2.22 MB

MaxMetaspaceSize: unlimited
CompressedClassSpaceSize: 1.00 GB
Initial GC threshold: 21.00 MB
Current GC threshold: 99.94 MB
CDS: off
MetaspaceReclaimPolicy: balanced
 - commit_granule_bytes: 65536.
 - commit_granule_words: 8192.
 - virtual_space_node_default_size: 8388608.
 - enlarge_chunks_in_place: 1.
 - new_chunks_are_fully_committed: 0.
 - uncommit_free_chunks: 1.
 - use_allocation_guard: 0.


Internal statistics:

num_allocs_failed_limit: 12.
num_arena_births: 1328.
num_arena_deaths: 0.
num_vsnodes_births: 3.
num_vsnodes_deaths: 0.
num_space_committed: 1552.
num_space_uncommitted: 0.
num_chunks_returned_to_freelist: 12.
num_chunks_taken_from_freelist: 4770.
num_chunk_merges: 12.
num_chunk_splits: 3394.
num_chunks_enlarged: 2620.
num_inconsistent_stats: 0.

CodeCache: size=49152Kb used=24224Kb max_used=25247Kb free=24928Kb
 bounds [0x00000097611d0000, 0x0000009762ac0000, 0x00000097641d0000]
 total_blobs=13569 nmethods=12877 adapters=618
 compilation: enabled
              stopped_count=0, restarted_count=0
 full_count=0

Compilation events (20 events):
Event: 2201.094 Thread 0x000000976f839790 13062       1       java.util.Calendar$Builder::<init> (10 bytes)
Event: 2201.095 Thread 0x000000976f839790 nmethod 13062 0x000000976133b510 code [0x000000976133b6a0, 0x000000976133b778]
Event: 2201.095 Thread 0x000000976f839790 13063       1       java.util.Calendar$Builder::setTimeZone (19 bytes)
Event: 2201.095 Thread 0x000000976f839790 nmethod 13063 0x000000976133b090 code [0x000000976133b240, 0x000000976133b408]
Event: 2201.095 Thread 0x000000976f839790 13065       1       java.util.GregorianCalendar::<init> (56 bytes)
Event: 2201.096 Thread 0x000000976f839790 nmethod 13065 0x000000976133ab90 code [0x000000976133ad40, 0x000000976133af78]
Event: 2216.088 Thread 0x000000976f839790 13066   !   1       java.util.Calendar::createCalendar (289 bytes)
Event: 2216.091 Thread 0x000000976f839790 nmethod 13066 0x0000009761339710 code [0x00000097613399e0, 0x000000976133a448]
Event: 2216.092 Thread 0x000000976f839790 13067       1       sun.util.locale.provider.CalendarProviderImpl::getInstance (25 bytes)
Event: 2216.093 Thread 0x000000976f839790 nmethod 13067 0x0000009761338f10 code [0x0000009761339100, 0x0000009761339518]
Event: 2216.093 Thread 0x000000976f839790 13068       1       java.util.Calendar$Builder::setLocale (19 bytes)
Event: 2216.093 Thread 0x000000976f839790 nmethod 13068 0x0000009761338a90 code [0x0000009761338c40, 0x0000009761338e08]
Event: 2216.093 Thread 0x000000976f839790 13069       1       java.util.Calendar$Builder::setInstant (27 bytes)
Event: 2216.093 Thread 0x000000976f839790 nmethod 13069 0x0000009761338690 code [0x0000009761338840, 0x00000097613389c8]
Event: 2223.688 Thread 0x000000976f839790 13070       1       sun.net.ext.ExtendedSocketOptions::options (5 bytes)
Event: 2223.688 Thread 0x000000976f839790 nmethod 13070 0x0000009761338390 code [0x0000009761338520, 0x00000097613385f8]
Event: 2223.688 Thread 0x000000976f839790 13071       1       sun.nio.ch.OptionKey::level (5 bytes)
Event: 2223.689 Thread 0x000000976f839790 nmethod 13071 0x0000009761338090 code [0x0000009761338220, 0x00000097613382f8]
Event: 2223.689 Thread 0x000000976f839790 13072       1       sun.nio.ch.OptionKey::name (5 bytes)
Event: 2223.689 Thread 0x000000976f839790 nmethod 13072 0x0000009761337d90 code [0x0000009761337f20, 0x0000009761337ff8]

GC Heap History (20 events):
Event: 41.889 GC heap before
{Heap before GC invocations=32 (full 0):
 garbage-first heap   total 269312K, used 217441K [0x0000000081400000, 0x0000000100000000)
  region size 1024K, 157 young (160768K), 14 survivors (14336K)
 Metaspace       used 77155K, committed 77696K, reserved 1179648K
  class space    used 9226K, committed 9472K, reserved 1048576K
}
Event: 41.937 GC heap after
{Heap after GC invocations=33 (full 0):
 garbage-first heap   total 269312K, used 74563K [0x0000000081400000, 0x0000000100000000)
  region size 1024K, 11 young (11264K), 11 survivors (11264K)
 Metaspace       used 77155K, committed 77696K, reserved 1179648K
  class space    used 9226K, committed 9472K, reserved 1048576K
}
Event: 43.386 GC heap before
{Heap before GC invocations=33 (full 0):
 garbage-first heap   total 269312K, used 224067K [0x0000000081400000, 0x0000000100000000)
  region size 1024K, 157 young (160768K), 11 survivors (11264K)
 Metaspace       used 77683K, committed 78208K, reserved 1179648K
  class space    used 9258K, committed 9536K, reserved 1048576K
}
Event: 43.420 GC heap after
{Heap after GC invocations=34 (full 0):
 garbage-first heap   total 269312K, used 80474K [0x0000000081400000, 0x0000000100000000)
  region size 1024K, 13 young (13312K), 13 survivors (13312K)
 Metaspace       used 77683K, committed 78208K, reserved 1179648K
  class space    used 9258K, committed 9536K, reserved 1048576K
}
Event: 44.894 GC heap before
{Heap before GC invocations=34 (full 0):
 garbage-first heap   total 269312K, used 225882K [0x0000000081400000, 0x0000000100000000)
  region size 1024K, 155 young (158720K), 13 survivors (13312K)
 Metaspace       used 78463K, committed 78976K, reserved 1179648K
  class space    used 9304K, committed 9536K, reserved 1048576K
}
Event: 44.930 GC heap after
{Heap after GC invocations=35 (full 0):
 garbage-first heap   total 269312K, used 84752K [0x0000000081400000, 0x0000000100000000)
  region size 1024K, 13 young (13312K), 13 survivors (13312K)
 Metaspace       used 78463K, committed 78976K, reserved 1179648K
  class space    used 9304K, committed 9536K, reserved 1048576K
}
Event: 46.356 GC heap before
{Heap before GC invocations=35 (full 0):
 garbage-first heap   total 269312K, used 226064K [0x0000000081400000, 0x0000000100000000)
  region size 1024K, 151 young (154624K), 13 survivors (13312K)
 Metaspace       used 79560K, committed 80128K, reserved 1179648K
  class space    used 9372K, committed 9664K, reserved 1048576K
}
Event: 46.423 GC heap after
{Heap after GC invocations=36 (full 0):
 garbage-first heap   total 323584K, used 88859K [0x0000000081400000, 0x0000000100000000)
  region size 1024K, 13 young (13312K), 13 survivors (13312K)
 Metaspace       used 79560K, committed 80128K, reserved 1179648K
  class space    used 9372K, committed 9664K, reserved 1048576K
}
Event: 50.092 GC heap before
{Heap before GC invocations=36 (full 0):
 garbage-first heap   total 323584K, used 269083K [0x0000000081400000, 0x0000000100000000)
  region size 1024K, 189 young (193536K), 13 survivors (13312K)
 Metaspace       used 82983K, committed 83584K, reserved 1179648K
  class space    used 9678K, committed 9984K, reserved 1048576K
}
Event: 50.145 GC heap after
{Heap after GC invocations=37 (full 0):
 garbage-first heap   total 323584K, used 94810K [0x0000000081400000, 0x0000000100000000)
  region size 1024K, 14 young (14336K), 14 survivors (14336K)
 Metaspace       used 82983K, committed 83584K, reserved 1179648K
  class space    used 9678K, committed 9984K, reserved 1048576K
}
Event: 54.160 GC heap before
{Heap before GC invocations=37 (full 0):
 garbage-first heap   total 323584K, used 270938K [0x0000000081400000, 0x0000000100000000)
  region size 1024K, 186 young (190464K), 14 survivors (14336K)
 Metaspace       used 88373K, committed 89088K, reserved 1179648K
  class space    used 10325K, committed 10688K, reserved 1048576K
}
Event: 54.210 GC heap after
{Heap after GC invocations=38 (full 0):
 garbage-first heap   total 323584K, used 103002K [0x0000000081400000, 0x0000000100000000)
  region size 1024K, 18 young (18432K), 18 survivors (18432K)
 Metaspace       used 88373K, committed 89088K, reserved 1179648K
  class space    used 10325K, committed 10688K, reserved 1048576K
}
Event: 56.088 GC heap before
{Heap before GC invocations=38 (full 0):
 garbage-first heap   total 323584K, used 270938K [0x0000000081400000, 0x0000000100000000)
  region size 1024K, 182 young (186368K), 18 survivors (18432K)
 Metaspace       used 90475K, committed 91200K, reserved 1179648K
  class space    used 10606K, committed 10944K, reserved 1048576K
}
Event: 56.135 GC heap after
{Heap after GC invocations=39 (full 0):
 garbage-first heap   total 323584K, used 108577K [0x0000000081400000, 0x0000000100000000)
  region size 1024K, 14 young (14336K), 14 survivors (14336K)
 Metaspace       used 90475K, committed 91200K, reserved 1179648K
  class space    used 10606K, committed 10944K, reserved 1048576K
}
Event: 57.654 GC heap before
{Heap before GC invocations=39 (full 0):
 garbage-first heap   total 323584K, used 270369K [0x0000000081400000, 0x0000000100000000)
  region size 1024K, 172 young (176128K), 14 survivors (14336K)
 Metaspace       used 94017K, committed 94784K, reserved 1179648K
  class space    used 11140K, committed 11520K, reserved 1048576K
}
Event: 57.694 GC heap after
{Heap after GC invocations=40 (full 0):
 garbage-first heap   total 323584K, used 115087K [0x0000000081400000, 0x0000000100000000)
  region size 1024K, 12 young (12288K), 12 survivors (12288K)
 Metaspace       used 94017K, committed 94784K, reserved 1179648K
  class space    used 11140K, committed 11520K, reserved 1048576K
}
Event: 59.473 GC heap before
{Heap before GC invocations=40 (full 0):
 garbage-first heap   total 323584K, used 271759K [0x0000000081400000, 0x0000000100000000)
  region size 1024K, 165 young (168960K), 12 survivors (12288K)
 Metaspace       used 94365K, committed 95104K, reserved 1179648K
  class space    used 11192K, committed 11584K, reserved 1048576K
}
Event: 59.503 GC heap after
{Heap after GC invocations=41 (full 0):
 garbage-first heap   total 323584K, used 120773K [0x0000000081400000, 0x0000000100000000)
  region size 1024K, 11 young (11264K), 11 survivors (11264K)
 Metaspace       used 94365K, committed 95104K, reserved 1179648K
  class space    used 11192K, committed 11584K, reserved 1048576K
}
Event: 60.607 GC heap before
{Heap before GC invocations=41 (full 0):
 garbage-first heap   total 323584K, used 273349K [0x0000000081400000, 0x0000000100000000)
  region size 1024K, 160 young (163840K), 11 survivors (11264K)
 Metaspace       used 94686K, committed 95424K, reserved 1179648K
  class space    used 11208K, committed 11584K, reserved 1048576K
}
Event: 60.636 GC heap after
{Heap after GC invocations=42 (full 0):
 garbage-first heap   total 323584K, used 124357K [0x0000000081400000, 0x0000000100000000)
  region size 1024K, 15 young (15360K), 15 survivors (15360K)
 Metaspace       used 94686K, committed 95424K, reserved 1179648K
  class space    used 11208K, committed 11584K, reserved 1048576K
}

Deoptimization events (20 events):
Event: 191.252 Thread 0x0000009774c02de0 DEOPT PACKING pc=0x00000097615fafe4 sp=0x000000977a62bcf0
Event: 191.252 Thread 0x0000009774c02de0 DEOPT UNPACKING pc=0x0000009761222b43 sp=0x000000977a62b1b8 mode 1
Event: 191.252 Thread 0x0000009774c02de0 DEOPT PACKING pc=0x00000097615facdc sp=0x000000977a62bd80
Event: 191.252 Thread 0x0000009774c02de0 DEOPT UNPACKING pc=0x0000009761222b43 sp=0x000000977a62b258 mode 1
Event: 191.283 Thread 0x0000009774c02de0 DEOPT PACKING pc=0x0000009762400e9c sp=0x000000977a62de30
Event: 191.283 Thread 0x0000009774c02de0 DEOPT UNPACKING pc=0x0000009761222b43 sp=0x000000977a62d4c0 mode 1
Event: 191.283 Thread 0x0000009774c02de0 DEOPT PACKING pc=0x00000097624ba084 sp=0x000000977a62e160
Event: 191.283 Thread 0x0000009774c02de0 DEOPT UNPACKING pc=0x0000009761222b43 sp=0x000000977a62d628 mode 1
Event: 191.289 Thread 0x0000009774c02de0 DEOPT PACKING pc=0x0000009762400e9c sp=0x000000977a62de30
Event: 191.289 Thread 0x0000009774c02de0 DEOPT UNPACKING pc=0x0000009761222b43 sp=0x000000977a62d4c0 mode 1
Event: 191.289 Thread 0x0000009774c02de0 DEOPT PACKING pc=0x00000097624ba084 sp=0x000000977a62e160
Event: 191.289 Thread 0x0000009774c02de0 DEOPT UNPACKING pc=0x0000009761222b43 sp=0x000000977a62d628 mode 1
Event: 191.428 Thread 0x0000009774c02de0 DEOPT PACKING pc=0x0000009762400e9c sp=0x000000977a62d6d0
Event: 191.428 Thread 0x0000009774c02de0 DEOPT UNPACKING pc=0x0000009761222b43 sp=0x000000977a62cd60 mode 1
Event: 191.428 Thread 0x0000009774c02de0 DEOPT PACKING pc=0x00000097624ba084 sp=0x000000977a62da00
Event: 191.428 Thread 0x0000009774c02de0 DEOPT UNPACKING pc=0x0000009761222b43 sp=0x000000977a62cec8 mode 1
Event: 191.434 Thread 0x0000009774c02de0 DEOPT PACKING pc=0x0000009762400e9c sp=0x000000977a62d6d0
Event: 191.434 Thread 0x0000009774c02de0 DEOPT UNPACKING pc=0x0000009761222b43 sp=0x000000977a62cd60 mode 1
Event: 191.434 Thread 0x0000009774c02de0 DEOPT PACKING pc=0x00000097624ba084 sp=0x000000977a62da00
Event: 191.434 Thread 0x0000009774c02de0 DEOPT UNPACKING pc=0x0000009761222b43 sp=0x000000977a62cec8 mode 1

Classes loaded (20 events):
Event: 1773.391 Loading class java/security/SignatureException
Event: 1773.391 Loading class java/security/SignatureException done
Event: 1773.391 Loading class java/security/spec/InvalidKeySpecException
Event: 1773.392 Loading class java/security/spec/InvalidKeySpecException done
Event: 1773.392 Loading class javax/crypto/NoSuchPaddingException
Event: 1773.392 Loading class javax/crypto/NoSuchPaddingException done
Event: 1773.392 Loading class javax/crypto/IllegalBlockSizeException
Event: 1773.392 Loading class javax/crypto/IllegalBlockSizeException done
Event: 1773.393 Loading class javax/net/ssl/SSLSocket
Event: 1773.394 Loading class javax/net/ssl/SSLSocket done
Event: 1773.402 Loading class java/security/UnrecoverableKeyException
Event: 1773.402 Loading class java/security/UnrecoverableEntryException
Event: 1773.402 Loading class java/security/UnrecoverableEntryException done
Event: 1773.403 Loading class java/security/UnrecoverableKeyException done
Event: 1773.403 Loading class java/security/KeyStoreException
Event: 1773.403 Loading class java/security/KeyStoreException done
Event: 1773.403 Loading class java/security/KeyManagementException
Event: 1773.403 Loading class java/security/KeyManagementException done
Event: 1773.404 Loading class javax/net/ssl/TrustManager
Event: 1773.404 Loading class javax/net/ssl/TrustManager done

Classes unloaded (0 events):
No events

Classes redefined (5 events):
Event: 1304.985 Thread 0x000000976b0dad20 redefined class name=com.maan.eway.notification.service.SmsJob, count=1
Event: 1979.476 Thread 0x000000976b0dad20 redefined class name=com.maan.eway.notification.service.JobRunrService, count=1
Event: 2099.332 Thread 0x000000976b0dad20 redefined class name=com.maan.eway.notification.service.SmsJob, count=2
Event: 2171.354 Thread 0x000000976b0dad20 redefined class name=com.maan.eway.notification.service.SmsJob, count=3
Event: 2254.840 Thread 0x000000976b0dad20 redefined class name=com.maan.eway.notification.service.SmsJob, count=4

Internal exceptions (20 events):
Event: 56.797 Thread 0x000000975db42970 Exception <a 'java/lang/ClassNotFoundException'{0x000000008fbcae90}: java/lang/ObjectCustomizer> (0x000000008fbcae90) 
thrown [s\src\hotspot\share\classfile\systemDictionary.cpp, line 255]
Event: 56.798 Thread 0x000000975db42970 Exception <a 'java/lang/ClassNotFoundException'{0x000000008fbd24e0}: com/maan/eway/bean/SectionCoverOfsGridMasterCustomizer> (0x000000008fbd24e0) 
thrown [s\src\hotspot\share\classfile\systemDictionary.cpp, line 255]
Event: 56.843 Thread 0x000000975db42970 Exception <a 'java/lang/ClassNotFoundException'{0x000000008f490568}: java/lang/ObjectCustomizer> (0x000000008f490568) 
thrown [s\src\hotspot\share\classfile\systemDictionary.cpp, line 255]
Event: 56.844 Thread 0x000000975db42970 Exception <a 'java/lang/ClassNotFoundException'{0x000000008f497918}: com/maan/eway/bean/DocumentMasterCustomizer> (0x000000008f497918) 
thrown [s\src\hotspot\share\classfile\systemDictionary.cpp, line 255]
Event: 57.147 Thread 0x000000975db42970 Exception <a 'java/lang/NoSuchMethodError'{0x000000008df94630}: 'java.lang.Object java.lang.invoke.DirectMethodHandle$Holder.invokeSpecial(java.lang.Object, java.lang.Object, int, java.lang.Object, int, java.lang.Object)'> (0x000000008df94630) 
thrown [s\src\hotspot\share\interpreter\linkResolver.cpp, line 766]
Event: 57.148 Thread 0x000000975db42970 Exception <a 'java/lang/NoSuchMethodError'{0x000000008df9c428}: 'java.lang.Object java.lang.invoke.DirectMethodHandle$Holder.newInvokeSpecial(java.lang.Object, java.lang.Object, int, java.lang.Object, int)'> (0x000000008df9c428) 
thrown [s\src\hotspot\share\interpreter\linkResolver.cpp, line 766]
Event: 57.148 Thread 0x000000975db42970 Exception <a 'java/lang/NoSuchMethodError'{0x000000008dfa0530}: 'java.lang.Object java.lang.invoke.DirectMethodHandle$Holder.invokeSpecial(java.lang.Object, java.lang.Object, java.lang.Object, int, java.lang.Object, int)'> (0x000000008dfa0530) 
thrown [s\src\hotspot\share\interpreter\linkResolver.cpp, line 766]
Event: 57.438 Thread 0x000000975db42970 Exception <a 'java/lang/NoSuchMethodError'{0x000000008ba6ee18}: 'java.lang.Object java.lang.invoke.DirectMethodHandle$Holder.newInvokeSpecial(java.lang.Object, java.lang.Object, java.lang.Object, java.lang.Object, java.lang.Object, java.lang.Object, java.lang.Object)'> (0x000000008ba6ee18) 
thrown [s\src\hotspot\share\interpreter\linkResolver.cpp, line 766]
Event: 57.438 Thread 0x000000975db42970 Exception <a 'java/lang/NoSuchMethodError'{0x000000008ba732f8}: 'java.lang.Object java.lang.invoke.Invokers$Holder.linkToTargetMethod(java.lang.Object, java.lang.Object, java.lang.Object, java.lang.Object, java.lang.Object, java.lang.Object, java.lang.Object)'> (0x000000008ba732f8) 
thrown [s\src\hotspot\share\interpreter\linkResolver.cpp, line 766]
Event: 57.555 Thread 0x000000975db42970 Exception <a 'java/lang/NoSuchMethodError'{0x000000008b6e65e0}: 'java.lang.Object java.lang.invoke.DirectMethodHandle$Holder.newInvokeSpecial(java.lang.Object, java.lang.Object, java.lang.Object, int)'> (0x000000008b6e65e0) 
thrown [s\src\hotspot\share\interpreter\linkResolver.cpp, line 766]
Event: 57.555 Thread 0x000000975db42970 Exception <a 'java/lang/NoSuchMethodError'{0x000000008b6ea6f0}: 'java.lang.Object java.lang.invoke.DirectMethodHandle$Holder.invokeSpecial(java.lang.Object, java.lang.Object, java.lang.Object, java.lang.Object, int)'> (0x000000008b6ea6f0) 
thrown [s\src\hotspot\share\interpreter\linkResolver.cpp, line 766]
Event: 57.556 Thread 0x000000975db42970 Exception <a 'java/lang/NoSuchMethodError'{0x000000008b6eddf8}: 'java.lang.Object java.lang.invoke.Invokers$Holder.linkToTargetMethod(java.lang.Object, java.lang.Object, int, java.lang.Object)'> (0x000000008b6eddf8) 
thrown [s\src\hotspot\share\interpreter\linkResolver.cpp, line 766]
Event: 57.784 Thread 0x000000975db42970 Exception <a 'java/lang/NoSuchMethodError'{0x0000000094c95838}: 'java.lang.Object java.lang.invoke.DirectMethodHandle$Holder.invokeStatic(java.lang.Object, int, java.lang.Object)'> (0x0000000094c95838) 
thrown [s\src\hotspot\share\interpreter\linkResolver.cpp, line 766]
Event: 71.849 Thread 0x0000009774c02910 Exception <a 'java/lang/NoSuchMethodError'{0x00000000901d0880}: 'java.lang.Object java.lang.invoke.DirectMethodHandle$Holder.invokeInterface(java.lang.Object, java.lang.Object, int)'> (0x00000000901d0880) 
thrown [s\src\hotspot\share\interpreter\linkResolver.cpp, line 766]
Event: 71.853 Thread 0x0000009774c02910 Exception <a 'java/lang/IncompatibleClassChangeError'{0x00000000901e0388}: Found class java.lang.Object, but interface was expected> (0x00000000901e0388) 
thrown [s\src\hotspot\share\interpreter\linkResolver.cpp, line 833]
Event: 72.068 Thread 0x0000009774c02910 Exception <a 'java/lang/NoSuchMethodError'{0x000000008fb0eda0}: 'java.lang.Object java.lang.invoke.DirectMethodHandle$Holder.invokeStatic(java.lang.Object, long, long)'> (0x000000008fb0eda0) 
thrown [s\src\hotspot\share\interpreter\linkResolver.cpp, line 766]
Event: 191.263 Thread 0x0000009774c02de0 Exception <a 'java/lang/NoSuchMethodError'{0x000000008f997e38}: 'java.lang.Object java.lang.invoke.DirectMethodHandle$Holder.invokeStaticInit(java.lang.Object, java.lang.Object, java.lang.Object, java.lang.Object, java.lang.Object, java.lang.Object)'> (0x000000008f997e38) 
thrown [s\src\hotspot\share\interpreter\linkResolver.cpp, line 766]
Event: 191.398 Thread 0x0000009774c02de0 Exception <a 'java/lang/NoSuchMethodError'{0x000000008f636398}: 'java.lang.Object java.lang.invoke.DirectMethodHandle$Holder.invokeInterface(java.lang.Object, java.lang.Object, java.lang.Object, java.lang.Object)'> (0x000000008f636398) 
thrown [s\src\hotspot\share\interpreter\linkResolver.cpp, line 766]
Event: 289.153 Thread 0x0000009774c02de0 Exception <a 'java/lang/ClassNotFoundException'{0x000000008f4d1e70}: java/lang/ObjectCustomizer> (0x000000008f4d1e70) 
thrown [s\src\hotspot\share\classfile\systemDictionary.cpp, line 255]
Event: 289.193 Thread 0x0000009774c02de0 Exception <a 'java/lang/ClassNotFoundException'{0x000000008f4da0c8}: com/maan/eway/notification/bean/NotifTransactionDetailsCustomizer> (0x000000008f4da0c8) 
thrown [s\src\hotspot\share\classfile\systemDictionary.cpp, line 255]

VM Operations (20 events):
Event: 1980.333 Executing VM operation: get/set locals
Event: 1980.333 Executing VM operation: get/set locals done
Event: 1980.333 Executing VM operation: get/set locals
Event: 1980.333 Executing VM operation: get/set locals done
Event: 1980.334 Executing VM operation: get/set locals
Event: 1980.334 Executing VM operation: get/set locals done
Event: 1980.334 Executing VM operation: get/set locals
Event: 1980.334 Executing VM operation: get/set locals done
Event: 1991.341 Executing VM operation: Cleanup
Event: 1991.341 Executing VM operation: Cleanup done
Event: 2099.284 Executing VM operation: RedefineClasses
Event: 2099.403 Executing VM operation: RedefineClasses done
Event: 2099.472 Executing VM operation: ChangeBreakpoints
Event: 2099.479 Executing VM operation: ChangeBreakpoints done
Event: 2171.310 Executing VM operation: RedefineClasses
Event: 2171.423 Executing VM operation: RedefineClasses done
Event: 2171.467 Executing VM operation: ChangeBreakpoints
Event: 2171.476 Executing VM operation: ChangeBreakpoints done
Event: 2254.788 Executing VM operation: RedefineClasses
Event: 2254.917 Executing VM operation: RedefineClasses done

Events (20 events):
Event: 1792.445 Thread 0x0000009775125080 Thread exited: 0x0000009775125080
Event: 1794.592 Thread 0x0000009775122ed0 Thread added: 0x0000009775122ed0
Event: 1794.593 Thread 0x0000009775124210 Thread added: 0x0000009775124210
Event: 1801.476 Thread 0x0000009775122ed0 Thread exited: 0x0000009775122ed0
Event: 1801.490 Thread 0x0000009775124210 Thread exited: 0x0000009775124210
Event: 1805.874 Thread 0x0000009775124210 Thread added: 0x0000009775124210
Event: 1805.874 Thread 0x0000009775122ed0 Thread added: 0x0000009775122ed0
Event: 1805.876 Thread 0x00000097751246e0 Thread exited: 0x00000097751246e0
Event: 1819.138 Thread 0x0000009775124210 Thread exited: 0x0000009775124210
Event: 1819.151 Thread 0x0000009775122ed0 Thread exited: 0x0000009775122ed0
Event: 1841.087 Thread 0x000000977553ea80 Thread added: 0x000000977553ea80
Event: 1846.121 Thread 0x000000977553ea80 Thread exited: 0x000000977553ea80
Event: 1931.087 Thread 0x000000977553ea80 Thread added: 0x000000977553ea80
Event: 1936.113 Thread 0x000000977553ea80 Thread exited: 0x000000977553ea80
Event: 1946.090 Thread 0x000000977553ea80 Thread added: 0x000000977553ea80
Event: 1946.091 Thread 0x0000009772590470 Thread added: 0x0000009772590470
Event: 1951.129 Thread 0x0000009772590470 Thread exited: 0x0000009772590470
Event: 1951.129 Thread 0x000000977553ea80 Thread exited: 0x000000977553ea80
Event: 1960.107 Thread 0x0000009772590470 Thread added: 0x0000009772590470
Event: 1961.086 Thread 0x0000009772590470 Thread exited: 0x0000009772590470


Dynamic libraries:
0x00007ff6527c0000 - 0x00007ff6527ce000 	C:\Users\Developer\.p2\pool\plugins\org.eclipse.justj.openjdk.hotspot.jre.full.win32.x86_64_18.0.1.v20220515-1614\jre\bin\javaw.exe
0x00007ffb31ce0000 - 0x00007ffb31e8d000 	C:\Windows\SYSTEM32\ntdll.dll
0x00007ffb2f8f0000 - 0x00007ffb2fa2f000 	C:\Windows\system32\KERNEL32.DLL
0x00007ffb2ef00000 - 0x00007ffb2f014000 	C:\Windows\system32\KERNELBASE.dll
0x00007ffb19840000 - 0x00007ffb19857000 	C:\Users\Developer\.p2\pool\plugins\org.eclipse.justj.openjdk.hotspot.jre.full.win32.x86_64_18.0.1.v20220515-1614\jre\bin\jli.dll
0x00007ffb1f730000 - 0x00007ffb1f749000 	C:\Users\Developer\.p2\pool\plugins\org.eclipse.justj.openjdk.hotspot.jre.full.win32.x86_64_18.0.1.v20220515-1614\jre\bin\VCRUNTIME140.dll
0x00007ffb25f20000 - 0x00007ffb25f24000 	C:\Users\Developer\.p2\pool\plugins\org.eclipse.justj.openjdk.hotspot.jre.full.win32.x86_64_18.0.1.v20220515-1614\jre\bin\api-ms-win-crt-stdio-l1-1-0.dll
0x00007ffb1f850000 - 0x00007ffb1f854000 	C:\Users\Developer\.p2\pool\plugins\org.eclipse.justj.openjdk.hotspot.jre.full.win32.x86_64_18.0.1.v20220515-1614\jre\bin\api-ms-win-crt-runtime-l1-1-0.dll
0x00007ffb1f7d0000 - 0x00007ffb1f7d3000 	C:\Users\Developer\.p2\pool\plugins\org.eclipse.justj.openjdk.hotspot.jre.full.win32.x86_64_18.0.1.v20220515-1614\jre\bin\api-ms-win-crt-environment-l1-1-0.dll
0x00007ffb1f5e0000 - 0x00007ffb1f5e5000 	C:\Users\Developer\.p2\pool\plugins\org.eclipse.justj.openjdk.hotspot.jre.full.win32.x86_64_18.0.1.v20220515-1614\jre\bin\api-ms-win-crt-math-l1-1-0.dll
0x00007ffb1ed30000 - 0x00007ffb1ed33000 	C:\Users\Developer\.p2\pool\plugins\org.eclipse.justj.openjdk.hotspot.jre.full.win32.x86_64_18.0.1.v20220515-1614\jre\bin\api-ms-win-crt-locale-l1-1-0.dll
0x00007ffb1ed20000 - 0x00007ffb1ed23000 	C:\Users\Developer\.p2\pool\plugins\org.eclipse.justj.openjdk.hotspot.jre.full.win32.x86_64_18.0.1.v20220515-1614\jre\bin\api-ms-win-crt-heap-l1-1-0.dll
0x00007ffb2c180000 - 0x00007ffb2c3fb000 	C:\Windows\WinSxS\amd64_microsoft.windows.common-controls_6595b64144ccf1df_6.0.9600.19394_none_62486577ecb635cf\COMCTL32.dll
0x00007ffb31920000 - 0x00007ffb31a97000 	C:\Windows\system32\USER32.dll
0x00007ffb1ed10000 - 0x00007ffb1ed13000 	C:\Users\Developer\.p2\pool\plugins\org.eclipse.justj.openjdk.hotspot.jre.full.win32.x86_64_18.0.1.v20220515-1614\jre\bin\api-ms-win-crt-filesystem-l1-1-0.dll
0x00007ffb1ecc0000 - 0x00007ffb1ecc4000 	C:\Users\Developer\.p2\pool\plugins\org.eclipse.justj.openjdk.hotspot.jre.full.win32.x86_64_18.0.1.v20220515-1614\jre\bin\api-ms-win-crt-string-l1-1-0.dll
0x00007ffb1ec90000 - 0x00007ffb1ec94000 	C:\Users\Developer\.p2\pool\plugins\org.eclipse.justj.openjdk.hotspot.jre.full.win32.x86_64_18.0.1.v20220515-1614\jre\bin\api-ms-win-crt-convert-l1-1-0.dll
0x00007ffb30070000 - 0x00007ffb3011a000 	C:\Windows\system32\msvcrt.dll
0x00007ffb2f3e0000 - 0x00007ffb2f52f000 	C:\Windows\system32\GDI32.dll
0x00007ffb1a7b0000 - 0x00007ffb1a8aa000 	C:\Users\Developer\.p2\pool\plugins\org.eclipse.justj.openjdk.hotspot.jre.full.win32.x86_64_18.0.1.v20220515-1614\jre\bin\ucrtbase.DLL
0x00007ffb318e0000 - 0x00007ffb31916000 	C:\Windows\system32\IMM32.DLL
0x00007ffb2ff10000 - 0x00007ffb30061000 	C:\Windows\system32\MSCTF.dll
0x00007ffb1ec00000 - 0x00007ffb1ec0c000 	C:\Users\Developer\.p2\pool\plugins\org.eclipse.justj.openjdk.hotspot.jre.full.win32.x86_64_18.0.1.v20220515-1614\jre\bin\vcruntime140_1.dll
0x00007ffb1a710000 - 0x00007ffb1a7a1000 	C:\Users\Developer\.p2\pool\plugins\org.eclipse.justj.openjdk.hotspot.jre.full.win32.x86_64_18.0.1.v20220515-1614\jre\bin\msvcp140.dll
0x00007ffb1ebf0000 - 0x00007ffb1ebf3000 	C:\Users\Developer\.p2\pool\plugins\org.eclipse.justj.openjdk.hotspot.jre.full.win32.x86_64_18.0.1.v20220515-1614\jre\bin\api-ms-win-crt-time-l1-1-0.dll
0x00007ffb1e680000 - 0x00007ffb1e683000 	C:\Users\Developer\.p2\pool\plugins\org.eclipse.justj.openjdk.hotspot.jre.full.win32.x86_64_18.0.1.v20220515-1614\jre\bin\api-ms-win-crt-utility-l1-1-0.dll
0x00007ffb10240000 - 0x00007ffb10ec9000 	C:\Users\Developer\.p2\pool\plugins\org.eclipse.justj.openjdk.hotspot.jre.full.win32.x86_64_18.0.1.v20220515-1614\jre\bin\server\jvm.dll
0x00007ffb2fb70000 - 0x00007ffb2fc1d000 	C:\Windows\system32\ADVAPI32.dll
0x00007ffb26aa0000 - 0x00007ffb26aa9000 	C:\Windows\SYSTEM32\WSOCK32.dll
0x00007ffb26880000 - 0x00007ffb268a2000 	C:\Windows\SYSTEM32\WINMM.dll
0x00007ffb28140000 - 0x00007ffb2814a000 	C:\Windows\SYSTEM32\VERSION.dll
0x00007ffb31870000 - 0x00007ffb31877000 	C:\Windows\system32\PSAPI.DLL
0x00007ffb31c80000 - 0x00007ffb31cdb000 	C:\Windows\SYSTEM32\sechost.dll
0x00007ffb2fa30000 - 0x00007ffb2fb65000 	C:\Windows\system32\RPCRT4.dll
0x00007ffb2f360000 - 0x00007ffb2f3ba000 	C:\Windows\system32\WS2_32.dll
0x00007ffb26830000 - 0x00007ffb2685a000 	C:\Windows\SYSTEM32\WINMMBASE.dll
0x00007ffb2f020000 - 0x00007ffb2f04e000 	C:\Windows\system32\SspiCli.dll
0x00007ffb2f530000 - 0x00007ffb2f539000 	C:\Windows\system32\NSI.dll
0x00007ffb2f2b0000 - 0x00007ffb2f2ff000 	C:\Windows\SYSTEM32\cfgmgr32.dll
0x00007ffb2da70000 - 0x00007ffb2da98000 	C:\Windows\SYSTEM32\DEVOBJ.dll
0x00007ffb19b80000 - 0x00007ffb19b8a000 	C:\Users\Developer\.p2\pool\plugins\org.eclipse.justj.openjdk.hotspot.jre.full.win32.x86_64_18.0.1.v20220515-1614\jre\bin\jimage.dll
0x00007ffb26910000 - 0x00007ffb26a9a000 	C:\Windows\SYSTEM32\DBGHELP.DLL
0x00007ffb1a6d0000 - 0x00007ffb1a70b000 	C:\Users\Developer\.p2\pool\plugins\org.eclipse.justj.openjdk.hotspot.jre.full.win32.x86_64_18.0.1.v20220515-1614\jre\bin\jdwp.dll
0x00007ffb19b70000 - 0x00007ffb19b7e000 	C:\Users\Developer\.p2\pool\plugins\org.eclipse.justj.openjdk.hotspot.jre.full.win32.x86_64_18.0.1.v20220515-1614\jre\bin\instrument.dll
0x00007ffb128e0000 - 0x00007ffb12905000 	C:\Users\Developer\.p2\pool\plugins\org.eclipse.justj.openjdk.hotspot.jre.full.win32.x86_64_18.0.1.v20220515-1614\jre\bin\java.dll
0x00007ffb1ef50000 - 0x00007ffb1ef68000 	C:\Users\Developer\.p2\pool\plugins\org.eclipse.justj.openjdk.hotspot.jre.full.win32.x86_64_18.0.1.v20220515-1614\jre\bin\zip.dll
0x00007ffb30340000 - 0x00007ffb3186f000 	C:\Windows\system32\SHELL32.dll
0x00007ffb30120000 - 0x00007ffb30332000 	C:\Windows\SYSTEM32\combase.dll
0x00007ffb2f540000 - 0x00007ffb2f594000 	C:\Windows\system32\SHLWAPI.dll
0x00007ffb2d5e0000 - 0x00007ffb2d692000 	C:\Windows\SYSTEM32\SHCORE.dll
0x00007ffb2ed80000 - 0x00007ffb2ed95000 	C:\Windows\SYSTEM32\profapi.dll
0x00007ffb1f720000 - 0x00007ffb1f72c000 	C:\Users\Developer\.p2\pool\plugins\org.eclipse.justj.openjdk.hotspot.jre.full.win32.x86_64_18.0.1.v20220515-1614\jre\bin\dt_socket.dll
0x00007ffb2a080000 - 0x00007ffb2a0aa000 	C:\Windows\SYSTEM32\IPHLPAPI.DLL
0x00007ffb2c490000 - 0x00007ffb2c49a000 	C:\Windows\SYSTEM32\WINNSI.DLL
0x00007ffb2e5c0000 - 0x00007ffb2e619000 	C:\Windows\system32\mswsock.dll
0x00007ffb2e3c0000 - 0x00007ffb2e464000 	C:\Windows\SYSTEM32\DNSAPI.dll
0x00007ffb268b0000 - 0x00007ffb268ba000 	C:\Windows\System32\rasadhlp.dll
0x00007ffb29e50000 - 0x00007ffb29ebb000 	C:\Windows\System32\fwpuclnt.dll
0x00007ffb03460000 - 0x00007ffb03473000 	C:\Users\Developer\.p2\pool\plugins\org.eclipse.justj.openjdk.hotspot.jre.full.win32.x86_64_18.0.1.v20220515-1614\jre\bin\net.dll
0x00007ffb25ab0000 - 0x00007ffb25b79000 	C:\Windows\SYSTEM32\WINHTTP.dll
0x00007ffb03440000 - 0x00007ffb03456000 	C:\Users\Developer\.p2\pool\plugins\org.eclipse.justj.openjdk.hotspot.jre.full.win32.x86_64_18.0.1.v20220515-1614\jre\bin\nio.dll
0x00007ffb1e670000 - 0x00007ffb1e679000 	C:\Users\Developer\.p2\pool\plugins\org.eclipse.justj.openjdk.hotspot.jre.full.win32.x86_64_18.0.1.v20220515-1614\jre\bin\management.dll
0x00007ffb1e620000 - 0x00007ffb1e62b000 	C:\Users\Developer\.p2\pool\plugins\org.eclipse.justj.openjdk.hotspot.jre.full.win32.x86_64_18.0.1.v20220515-1614\jre\bin\management_ext.dll
0x00007ffb268f0000 - 0x00007ffb26905000 	C:\Windows\system32\napinsp.dll
0x00007ffb268d0000 - 0x00007ffb268ea000 	C:\Windows\system32\pnrpnsp.dll
0x00007ffb2ad30000 - 0x00007ffb2ad4b000 	C:\Windows\system32\NLAapi.dll
0x00007ffb268c0000 - 0x00007ffb268cd000 	C:\Windows\System32\winrnr.dll
0x00007ffb2e620000 - 0x00007ffb2e640000 	C:\Windows\SYSTEM32\CRYPTSP.dll
0x00007ffb2e240000 - 0x00007ffb2e276000 	C:\Windows\system32\rsaenh.dll
0x00007ffb2e860000 - 0x00007ffb2e886000 	C:\Windows\SYSTEM32\bcrypt.dll
0x00007ffb2e350000 - 0x00007ffb2e371000 	C:\Windows\SYSTEM32\USERENV.dll
0x00007ffb2eb80000 - 0x00007ffb2ebe3000 	C:\Windows\system32\bcryptprimitives.dll
0x00007ffb2ecf0000 - 0x00007ffb2ecfb000 	C:\Windows\SYSTEM32\CRYPTBASE.dll
0x00007ffb29f30000 - 0x00007ffb29f46000 	C:\Windows\SYSTEM32\dhcpcsvc6.DLL
0x00007ffb29f10000 - 0x00007ffb29f2a000 	C:\Windows\SYSTEM32\dhcpcsvc.DLL
0x00007ffb18e60000 - 0x00007ffb18e70000 	C:\Users\Developer\.p2\pool\plugins\org.eclipse.justj.openjdk.hotspot.jre.full.win32.x86_64_18.0.1.v20220515-1614\jre\bin\verify.dll
0x00007ffb1df60000 - 0x00007ffb1df6e000 	C:\Users\Developer\.p2\pool\plugins\org.eclipse.justj.openjdk.hotspot.jre.full.win32.x86_64_18.0.1.v20220515-1614\jre\bin\sunmscapi.dll
0x00007ffb2f050000 - 0x00007ffb2f2a7000 	C:\Windows\system32\CRYPT32.dll
0x00007ffb2e830000 - 0x00007ffb2e855000 	C:\Windows\SYSTEM32\ncrypt.dll
0x00007ffb2ee30000 - 0x00007ffb2ee41000 	C:\Windows\system32\MSASN1.dll
0x00007ffb2e7f0000 - 0x00007ffb2e827000 	C:\Windows\SYSTEM32\NTASN1.dll
0x00007ffb01f60000 - 0x00007ffb01faf000 	C:\Windows\SYSTEM32\pdh.dll
0x00007ffb1f6b0000 - 0x00007ffb1f6bf000 	C:\Windows\System32\perfproc.dll
0x00007ffb1e9e0000 - 0x00007ffb1e9ed000 	C:\Windows\System32\perfos.dll

dbghelp: loaded successfully - version: 4.0.5 - missing functions: none
symbol engine: initialized successfully - sym options: 0x614 - pdb path: .;C:\Users\Developer\.p2\pool\plugins\org.eclipse.justj.openjdk.hotspot.jre.full.win32.x86_64_18.0.1.v20220515-1614\jre\bin;C:\Windows\SYSTEM32;C:\Windows\WinSxS\amd64_microsoft.windows.common-controls_6595b64144ccf1df_6.0.9600.19394_none_62486577ecb635cf;C:\Users\Developer\.p2\pool\plugins\org.eclipse.justj.openjdk.hotspot.jre.full.win32.x86_64_18.0.1.v20220515-1614\jre\bin\server

VM Arguments:
jvm_args: -XX:+ShowCodeDetailsInExceptionMessages -agentlib:jdwp=transport=dt_socket,suspend=y,address=localhost:63192 -Dcom.sun.management.jmxremote -Dcom.sun.management.jmxremote.port=63190 -Dcom.sun.management.jmxremote.authenticate=false -Dcom.sun.management.jmxremote.ssl=false -Djava.rmi.server.hostname=localhost -Dspring.jmx.enabled=true -Dspring.application.admin.enabled=true -XX:TieredStopAtLevel=1 -Dspring.boot.project.name=EwayCommonApi -javaagent:F:\java-2022-03\eclipse\configuration\org.eclipse.osgi\225\0\.cp\lib\javaagent-shaded.jar -Dfile.encoding=UTF-8 
java_command: com.maan.eway.EwayCommonApiApplication
java_class_path (initial): E:\Kumar\Git\EwayCommonApi\target\classes;C:\Users\Developer\.m2\repository\org\springframework\boot\spring-boot-starter-data-jpa\2.7.5\spring-boot-starter-data-jpa-2.7.5.jar;C:\Users\Developer\.m2\repository\org\springframework\boot\spring-boot-starter-aop\2.7.5\spring-boot-starter-aop-2.7.5.jar;C:\Users\Developer\.m2\repository\org\aspectj\aspectjweaver\1.9.7\aspectjweaver-1.9.7.jar;C:\Users\Developer\.m2\repository\org\springframework\boot\spring-boot-starter-jdbc\2.7.5\spring-boot-starter-jdbc-2.7.5.jar;C:\Users\Developer\.m2\repository\com\zaxxer\HikariCP\4.0.3\HikariCP-4.0.3.jar;C:\Users\Developer\.m2\repository\org\springframework\spring-jdbc\5.3.23\spring-jdbc-5.3.23.jar;C:\Users\Developer\.m2\repository\jakarta\transaction\jakarta.transaction-api\1.3.3\jakarta.transaction-api-1.3.3.jar;C:\Users\Developer\.m2\repository\jakarta\persistence\jakarta.persistence-api\2.2.3\jakarta.persistence-api-2.2.3.jar;C:\Users\Developer\.m2\repository\org\hibernate\hibernate-core\5.6.12.Final\hibernate-core-5.6.12.Final.jar;C:\Users\Developer\.m2\repository\org\jboss\logging\jboss-logging\3.4.3.Final\jboss-logging-3.4.3.Final.jar;C:\Users\Developer\.m2\repository\net\bytebuddy\byte-buddy\1.12.18\byte-buddy-1.12.18.jar;C:\Users\Developer\.m2\repository\antlr\antlr\2.7.7\antlr-2.7.7.jar;C:\Users\Developer\.m2\repository\org\jboss\jandex\2.4.2.Final\jandex-2.4.2.Final.jar;C:\Users\Developer\.m2\repository\org\hibernate\common\hibernate-commons-annotations\5.1.2.Final\hibernate-commons-annotations-5.1.2.Final.jar;C:\Users\Developer\.m2\repository\org\glassfish\jaxb\jaxb-runtime\2.3.7\jaxb-runtime-2.3.7.jar;C:\Users\Developer\.m2\repository\org\glassfish\jaxb\txw2\2.3.7\txw2-2.3.7.jar;C:\Users\Developer\.m2\repository\com\sun\istack\istack-commons-runtime\3.0.12\istack-commons-runtime-3.0.12.jar;C:\Users\Developer\.m2\repository\org\springframework\data\spring-data-jpa\2.7.5\spring-data-jpa-2.7.5.jar;C:\Users\Developer\.m2\repository\org\springframework\data\spring-data-commons\2.7.5\spring-data-commons-2.7.5.jar;C:\Users\Developer\.m2\repository\org\springframework\spring-orm\5.3.23\spring-orm-5.3.23.jar;C:\Users\Developer\.m2\repository\org\springframework\spring-context\5.3.23\spring-context-5.3.23.jar;C:\Users\Developer\.m2\repository\org\springframework\spring-tx\5.3.23\spring-tx-5.3.23.jar;C:\Users\Developer\.m2\repository\org\springframework\spring-beans\5.3.23\spring-beans-5.3.23.jar;C:\Users\Developer\.m2\repository\org\springframework\spring-aspects\5.3.23\spring-aspects-5.3.23.jar;C:\Users\Developer\.m2\repository\org\springframework\boot\spring-boot-starter-web\2.7.5\spring-boot-starter-web-2.7.5.jar;C:\Users\Developer\.m2\repository\org\springframework\boot\spring-boot-starter\2.7.5\spring-boot-starter-2.7.5.jar;C:\Users\Developer\.m2\repository\org\springframework\boot\spring-boot\2.7.5\spring-boot-2.7.5.jar;C:\Users\Developer\.m2\repository\org\springframework\boot\spring-boot-autoconfigure\2.7.5\spring-boot-autoconfigure-2.7.5.jar;C:\Users\Developer\.m2\repository\org\springframework\boot\spring-boot-starter-logging\2.7.5\spring-boot-starter-logging-2.7.5.jar;C:\Users\Developer\.m2\repository\ch\qos\logback\logback-classic\1.2.11\logback-classic-1.2.11.jar;C:\Users\Developer\.m2\repository\ch\qos\logback\logback-core\1.2.11\logback-core-1.2.11.jar;C:\Users\Developer\.m2\repository\org\apache\logging\log4j\log4j-to-slf4j\2.17.2\log4j-to-slf4j-2.17.2.jar;C:\Users\Developer\.m2\repository\org\slf4j\jul-to-slf4j\1.7.36\jul-to-slf4j-1.7.36.jar;C:\Users\Developer\.m2\repository\org\yaml\snakeyaml\1.30\snakeyaml-1.30.jar;C:\Users\Developer\.m2\repository\org\springframework\boot\spring-boot-starter-json\2.7.5\spring-boot-starter-json-2.7.5.jar;C:\Users\Developer\.m2\repository\com\fasterxml\jackson\datatype\jackson-datatype-jdk8\2.13.4\jackson-datatype-jdk8-2.13.4.jar;C:\Users\Developer\.m2\repository\com\fasterxml\jackson\datatype\jackson-datatype-jsr310\2.13.4\jackson-datatype-jsr310-2.13.4.jar;C:\Users\Developer\.m2\repository\com\fasterxml\jackson\module\jackson-module-parameter-names\2.13.4\jackson-module-parameter-names-2.13.4.jar;C:\Users\Developer\.m2\repository\org\springframework\spring-web\5.3.23\spring-web-5.3.23.jar;C:\Users\Developer\.m2\repository\org\springframework\spring-webmvc\5.3.23\spring-webmvc-5.3.23.jar;C:\Users\Developer\.m2\repository\org\springframework\spring-expression\5.3.23\spring-expression-5.3.23.jar;C:\Users\Developer\.m2\repository\org\springframework\boot\spring-boot-starter-web-services\2.7.5\spring-boot-starter-web-services-2.7.5.jar;C:\Users\Developer\.m2\repository\com\sun\xml\messaging\saaj\saaj-impl\1.5.3\saaj-impl-1.5.3.jar;C:\Users\Developer\.m2\repository\jakarta\xml\soap\jakarta.xml.soap-api\1.4.2\jakarta.xml.soap-api-1.4.2.jar;C:\Users\Developer\.m2\repository\org\jvnet\staxex\stax-ex\1.8.3\stax-ex-1.8.3.jar;C:\Users\Developer\.m2\repository\com\sun\activation\jakarta.activation\1.2.2\jakarta.activation-1.2.2.jar;C:\Users\Developer\.m2\repository\jakarta\xml\ws\jakarta.xml.ws-api\2.3.3\jakarta.xml.ws-api-2.3.3.jar;C:\Users\Developer\.m2\repository\jakarta\jws\jakarta.jws-api\2.1.0\jakarta.jws-api-2.1.0.jar;C:\Users\Developer\.m2\repository\org\springframework\spring-oxm\5.3.23\spring-oxm-5.3.23.jar;C:\Users\Developer\.m2\repository\org\springframework\ws\spring-ws-core\3.1.3\spring-ws-core-3.1.3.jar;C:\Users\Developer\.m2\repository\org\springframework\ws\spring-xml\3.1.3\spring-xml-3.1.3.jar;C:\Users\Developer\.m2\repository\org\springframework\boot\spring-boot-starter-cache\2.7.5\spring-boot-starter-cache-2.7.5.jar;C:\Users\Developer\.m2\repository\org\springframework\spring-context-support\5.3.23\spring-context-support-5.3.23.jar;C:\Users\Developer\.m2\repository\com\fasterxml\jackson\core\jackson-databind\2.13.0\jackson-databind-2.13.0.jar;C:\Users\Developer\.m2\repository\com\fasterxml\jackson\core\jackson-annotations\2.13.4\jackson-annotations-2.13.4.jar;C:\Users\Developer\.m2\repository\com\fasterxml\jackson\core\jackson-core\2.13.4\jackson-core-2.13.4.jar;C:\Users\Developer\.m2\repository\com\mysql\mysql-connector-j\8.0.31\mysql-connector-j-8.0.31.jar;C:\Users\Developer\.m2\repository\org\projectlombok\lombok\1.18.24\lombok-1.18.24.jar;C:\Users\Developer\.m2\repository\org\springframework\boot\spring-boot-starter-tomcat\2.7.5\spring-boot-starter-tomcat-2.7.5.jar;C:\Users\Developer\.m2\repository\jakarta\annotation\jakarta.annotation-api\1.3.5\jakarta.annotation-api-1.3.5.jar;C:\Users\Developer\.m2\repository\org\apache\tomcat\embed\tomcat-embed-core\9.0.68\tomcat-embed-core-9.0.68.jar;C:\Users\Developer\.m2\repository\org\apache\tomcat\embed\tomcat-embed-el\9.0.68\tomcat-embed-el-9.0.68.jar;C:\Users\Developer\.m2\repository\org\apache\tomcat\embed\tomcat-embed-websocket\9.0.68\tomcat-embed-websocket-9.0.68.jar;C:\Users\Developer\.m2\repository\jakarta\xml\bind\jakarta.xml.bind-api\2.3.3\jakarta.xml.bind-api-2.3.3.jar;C:\Users\Developer\.m2\repository\jakarta\activation\jakarta.activation-api\1.2.2\jakarta.activation-api-1.2.2.jar;C:\Users\Developer\.m2\repository\org\hamcrest\hamcrest\2.2\hamcrest-2.2.jar;C:\Users\Developer\.m2\repository\org\springframework\spring-core\5.3.23\spring-core-5.3.23.jar;C:\Users\Developer\.m2\repository\org\springframework\spring-jcl\5.3.23\spring-jcl-5.3.23.jar;C:\Users\Developer\.m2\repository\io\springfox\springfox-boot-starter\3.0.0\springfox-boot-starter-3.0.0.jar;C:\Users\Developer\.m2\repository\io\springfox\springfox-oas\3.0.0\springfox-oas-3.0.0.jar;C:\Users\Developer\.m2\repository\io\swagger\core\v3\swagger-annotations\2.1.2\swagger-annotations-2.1.2.jar;C:\Users\Developer\.m2\repository\io\swagger\core\v3\swagger-models\2.1.2\swagger-models-2.1.2.jar;C:\Users\Developer\.m2\repository\io\springfox\springfox-spi\3.0.0\springfox-spi-3.0.0.jar;C:\Users\Developer\.m2\repository\io\springfox\springfox-schema\3.0.0\springfox-schema-3.0.0.jar;C:\Users\Developer\.m2\repository\io\springfox\springfox-core\3.0.0\springfox-core-3.0.0.jar;C:\Users\Developer\.m2\repository\io\springfox\springfox-spring-web\3.0.0\springfox-spring-web-3.0.0.jar;C:\Users\Developer\.m2\repository\io\github\classgraph\classgraph\4.8.83\classgraph-4.8.83.jar;C:\Users\Developer\.m2\repository\io\springfox\springfox-spring-webmvc\3.0.0\springfox-spring-webmvc-3.0.0.jar;C:\Users\Developer\.m2\repository\io\springfox\springfox-spring-webflux\3.0.0\springfox-spring-webflux-3.0.0.jar;C:\Users\Developer\.m2\repository\io\springfox\springfox-swagger-common\3.0.0\springfox-swagger-common-3.0.0.jar;C:\Users\Developer\.m2\repository\org\mapstruct\mapstruct\1.3.1.Final\mapstruct-1.3.1.Final.jar;C:\Users\Developer\.m2\repository\io\springfox\springfox-data-rest\3.0.0\springfox-data-rest-3.0.0.jar;C:\Users\Developer\.m2\repository\io\springfox\springfox-bean-validators\3.0.0\springfox-bean-validators-3.0.0.jar;C:\Users\Developer\.m2\repository\io\springfox\springfox-swagger2\3.0.0\springfox-swagger2-3.0.0.jar;C:\Users\Developer\.m2\repository\io\swagger\swagger-annotations\1.5.20\swagger-annotations-1.5.20.jar;C:\Users\Developer\.m2\repository\io\swagger\swagger-models\1.5.20\swagger-models-1.5.20.jar;C:\Users\Developer\.m2\repository\io\springfox\springfox-swagger-ui\3.0.0\springfox-swagger-ui-3.0.0.jar;C:\Users\Developer\.m2\repository\com\fasterxml\classmate\1.5.1\classmate-1.5.1.jar;C:\Users\Developer\.m2\repository\org\slf4j\slf4j-api\1.7.36\slf4j-api-1.7.36.jar;C:\Users\Developer\.m2\repository\org\springframework\plugin\spring-plugin-core\2.0.0.RELEASE\spring-plugin-core-2.0.0.RELEASE.jar;C:\Users\Developer\.m2\repository\org\springframework\plugin\spring-plugin-metadata\2.0.0.RELEASE\spring-plugin-metadata-2.0.0.RELEASE.jar;C:\Users\Developer\.m2\repository\org\apache\logging\log4j\log4j-api\2.15.0\log4j-api-2.15.0.jar;C:\Users\Developer\.m2\repository\org\javassist\javassist\3.25.0-GA\javassist-3.25.0-GA.jar;C:\Users\Developer\.m2\repository\commons-io\commons-io\2.6\commons-io-2.6.jar;C:\Users\Developer\.m2\repository\org\modelmapper\modelmapper\2.3.5\modelmapper-2.3.5.jar;C:\Users\Developer\.m2\repository\net\sf\dozer\dozer\5.5.1\dozer-5.5.1.jar;C:\Users\Developer\.m2\repository\commons-beanutils\commons-beanutils\1.9.1\commons-beanutils-1.9.1.jar;C:\Users\Developer\.m2\repository\org\slf4j\jcl-over-slf4j\1.7.36\jcl-over-slf4j-1.7.36.jar;C:\Users\Developer\.m2\repository\com\google\code\gson\gson\2.9.1\gson-2.9.1.jar;C:\Users\Developer\.m2\repository\com\sun\mail\javax.mail\1.6.2\javax.mail-1.6.2.jar;C:\Users\Developer\.m2\repository\javax\activation\activation\1.1\activation-1.1.jar;C:\Users\Developer\.m2\repository\org\springframework\boot\spring-boot-starter-mail\2.7.0\spring-boot-starter-mail-2.7.0.jar;C:\Users\Developer\.m2\repository\com\sun\mail\jakarta.mail\1.6.7\jakarta.mail-1.6.7.jar;C:\Users\Developer\.m2\repository\org\apache\tika\tika-core\2.0.0\tika-core-2.0.0.jar;C:\Users\Developer\.m2\repository\net\coobird\thumbnailator\0.4.12\thumbnailator-0.4.12.jar;C:\Users\Developer\.m2\repository\org\jsoup\jsoup\1.15.1\jsoup-1.15.1.jar;C:\Users\Developer\.m2\repository\com\googlecode\json-simple\json-simple\1.1.1\json-simple-1.1.1.jar;C:\Users\Developer\.m2\repository\junit\junit\4.13.2\junit-4.13.2.jar;C:\Users\Developer\.m2\repository\org\hamcrest\hamcrest-core\2.2\hamcrest-core-2.2.jar;C:\Users\Developer\.m2\repository\org\apache\commons\commons-lang3\3.8.1\commons-lang3-3.8.1.jar;C:\Users\Developer\.m2\repository\com\googlecode\jmapper-framework\jmapper-core\1.6.0.1\jmapper-core-1.6.0.1.jar;C:\Users\Developer\.m2\repository\org\reflections\reflections\0.9.10\reflections-0.9.10.jar;C:\Users\Developer\.m2\repository\com\google\guava\guava\15.0\guava-15.0.jar;C:\Users\Developer\.m2\repository\com\google\code\findbugs\annotations\2.0.1\annotations-2.0.1.jar;C:\Users\Developer\.m2\repository\com\googlecode\jmapper-framework\jmapper-api\1.2.1\jmapper-api-1.2.1.jar;C:\Users\Developer\.m2\repository\commons-collections\commons-collections\3.2.2\commons-collections-3.2.2.jar;C:\Users\Developer\.m2\repository\com\thoughtworks\xstream\xstream\1.4.9\xstream-1.4.9.jar;C:\Users\Developer\.m2\repository\xmlpull\xmlpull\1.1.3.1\xmlpull-1.1.3.1.jar;C:\Users\Developer\.m2\repository\xpp3\xpp3_min\1.1.4c\xpp3_min-1.1.4c.jar;C:\Users\Developer\.m2\repository\net\sf\kxml\kxml2\2.3.0\kxml2-2.3.0.jar;C:\Users\Developer\.m2\repository\io\jsonwebtoken\jjwt\0.9.1\jjwt-0.9.1.jar;C:\Users\Developer\.m2\repository\org\springframework\boot\spring-boot-starter-security\2.7.5\spring-boot-starter-security-2.7.5.jar;C:\Users\Developer\.m2\repository\org\springframework\spring-aop\5.3.23\spring-aop-5.3.23.jar;C:\Users\Developer\.m2\repository\org\springframework\security\spring-security-config\5.7.4\spring-security-config-5.7.4.jar;C:\Users\Developer\.m2\repository\org\springframework\security\spring-security-core\5.7.4\spring-security-core-5.7.4.jar;C:\Users\Developer\.m2\repository\org\springframework\security\spring-security-crypto\5.7.4\spring-security-crypto-5.7.4.jar;C:\Users\Developer\.m2\repository\org\springframework\security\spring-security-web\5.7.4\spring-security-web-5.7.4.jar;C:\Users\Developer\.m2\repository\com\fasterxml\jackson\dataformat\jackson-dataformat-xml\2.13.4\jackson-dataformat-xml-2.13.4.jar;C:\Users\Developer\.m2\repository\org\codehaus\woodstox\stax2-api\4.2.1\stax2-api-4.2.1.jar;C:\Users\Developer\.m2\repository\com\fasterxml\woodstox\woodstox-core\6.3.1\woodstox-core-6.3.1.jar;C:\Users\Developer\.m2\repository\org\jobrunr\jobrunr-spring-boot-starter\3.2.1\jobrunr-spring-boot-starter-3.2.1.jar;C:\Users\Developer\.m2\repository\org\jobrunr\jobrunr\3.2.1\jobrunr-3.2.1.jar;C:\Users\Developer\.m2\repository\org\ow2\asm\asm\9.1\asm-9.1.jar;C:\Users\Developer\.m2\repository\org\cache2k\cache2k-api\2.6.1.Final\cache2k-api-2.6.1.Final.jar;C:\Users\Developer\.m2\repository\org\cache2k\cache2k-core\2.6.1.Final\cache2k-core-2.6.1.Final.jar;C:\Users\Developer\.m2\repository\org\cache2k\cache2k-spring\2.6.1.Final\cache2k-spring-2.6.1.Final.jar
Launcher Type: SUN_STANDARD

[Global flags]
     intx CICompilerCount                          = 3                                         {product} {ergonomic}
     uint ConcGCThreads                            = 1                                         {product} {ergonomic}
     uint G1ConcRefinementThreads                  = 4                                         {product} {ergonomic}
   size_t G1HeapRegionSize                         = 1048576                                   {product} {ergonomic}
    uintx GCDrainStackTargetSize                   = 64                                        {product} {ergonomic}
   size_t InitialHeapSize                          = 134217728                                 {product} {ergonomic}
     bool ManagementServer                         = true                                      {product} {command line}
   size_t MarkStackSize                            = 4194304                                   {product} {ergonomic}
   size_t MaxHeapSize                              = 2126512128                                {product} {ergonomic}
   size_t MaxNewSize                               = 1275068416                                {product} {ergonomic}
   size_t MinHeapDeltaBytes                        = 1048576                                   {product} {ergonomic}
   size_t MinHeapSize                              = 8388608                                   {product} {ergonomic}
    uintx NonProfiledCodeHeapSize                  = 0                                      {pd product} {ergonomic}
     bool ProfileInterpreter                       = false                                  {pd product} {command line}
    uintx ProfiledCodeHeapSize                     = 0                                      {pd product} {ergonomic}
     bool ShowCodeDetailsInExceptionMessages       = true                                   {manageable} {command line}
   size_t SoftMaxHeapSize                          = 2126512128                             {manageable} {ergonomic}
     intx TieredStopAtLevel                        = 1                                         {product} {command line}
     bool UseCompressedClassPointers               = true                           {product lp64_product} {ergonomic}
     bool UseCompressedOops                        = true                           {product lp64_product} {ergonomic}
     bool UseG1GC                                  = true                                      {product} {ergonomic}
     bool UseLargePagesIndividualAllocation        = false                                  {pd product} {ergonomic}

Logging:
Log output configuration:
 #0: stdout all=warning uptime,level,tags foldmultilines=false
 #1: stderr all=off uptime,level,tags foldmultilines=false

Environment Variables:
JAVA_HOME=C:\Program Files\Java\jdk1.8.0_111
PATH=C:\Users\Developer\.p2\pool\plugins\org.eclipse.justj.openjdk.hotspot.jre.full.win32.x86_64_18.0.1.v20220515-1614\jre\bin;C:/Users/Developer/.p2/pool/plugins/org.eclipse.justj.openjdk.hotspot.jre.full.win32.x86_64_18.0.1.v20220515-1614/jre/bin/server;C:/Users/Developer/.p2/pool/plugins/org.eclipse.justj.openjdk.hotspot.jre.full.win32.x86_64_18.0.1.v20220515-1614/jre/bin;C:\Python310\Scripts\;C:\Python310\;C:\Program Files (x86)\Common Files\Oracle\Java\javapath;C:\ProgramData\Oracle\Java\javapath;C:\Windows\system32;C:\Windows;C:\Windows\System32\Wbem;C:\Windows\System32\WindowsPowerShell\v1.0\;D:\Oracle\product\10.1.0\Client_1\bin;C:\Program Files\Java\jdk1.8.0_111;C:\Program Files (x86)\Java\jdk1.7.0_03\bin;%M2_HOME%\bin;c:\Program Files (x86)\Microsoft SQL Server\110\Tools\Binn\ManagementStudio\;c:\Program Files (x86)\Microsoft SQL Server\110\Tools\Binn\;c:\Program Files\Microsoft SQL Server\110\Tools\Binn\;c:\Program Files (x86)\Microsoft SQL Server\110\DTS\Binn\;C:\Program Files\TortoiseSVN\bin;C:\Users\Developer\Downloads\xmlbeans-2.1.0\bin;C:\maven\bin;C:\Users\Developer\AppData\Roaming\npm;C:\Program Files\nodejs\;C:\ProgramData\chocolatey\bin;C:\Program Files\PuTTY\;C:\Program Files\nodejs;;C:\Users\Developer\AppData\Local\Programs\Microsoft VS Code\bin;C:\Users\Developer\AppData\Roaming\npm;F:\java-2022-03\eclipse;
USERNAME=Shanishg
OS=Windows_NT
PROCESSOR_IDENTIFIER=Intel64 Family 6 Model 60 Stepping 3, GenuineIntel



---------------  S Y S T E M  ---------------

OS:
 Windows 8.1 , 64 bit Build 9600 (6.3.9600.20778)
OS uptime: 1 days 5:44 hours

CPU: total 4 (initial active 4) (2 cores per cpu, 2 threads per core) family 6 model 60 stepping 3 microcode 0x1d, cx8, cmov, fxsr, ht, mmx, sse, sse2, sse3, ssse3, sse4.1, sse4.2, popcnt, lzcnt, tsc, tscinvbit, avx, avx2, aes, erms, clmul, bmi1, bmi2, fma, vzeroupper, clflush

Memory: 4k page, system-wide physical 8104M (1434M free)
TotalPageFile size 10445M (AvailPageFile size 2824M)
current process WorkingSet (physical memory assigned to process): 532M, peak: 532M
current process commit charge ("private bytes"): 562M, peak: 562M

vm_info: OpenJDK 64-Bit Server VM (18.0.1+10) for windows-amd64 JRE (18.0.1+10), built on Apr 20 2022 05:04:48 by "" with MS VC++ 16.7 (VS2019)

END.
