#
# A fatal error has been detected by the Java Runtime Environment:
#
#  EXCEPTION_ACCESS_VIOLATION (0xc0000005) at pc=0x00007ffb109f7cca, pid=7816, tid=404
#
# JRE version: OpenJDK Runtime Environment Temurin-18.0.1+10 (18.0.1+10) (build 18.0.1+10)
# Java VM: OpenJDK 64-Bit Server VM Temurin-18.0.1+10 (18.0.1+10, mixed mode, emulated-client, tiered, compressed oops, compressed class ptrs, g1 gc, windows-amd64)
# Problematic frame:
# V  [jvm.dll+0x7b7cca]
#
# No core dump will be written. Minidumps are not enabled by default on client versions of Windows
#
# If you would like to submit a bug report, please visit:
#   https://github.com/adoptium/adoptium-support/issues
#

---------------  S U M M A R Y ------------

Command Line: -XX:+ShowCodeDetailsInExceptionMessages -agentlib:jdwp=transport=dt_socket,suspend=y,address=localhost:65449 -Dcom.sun.management.jmxremote -Dcom.sun.management.jmxremote.port=65447 -Dcom.sun.management.jmxremote.authenticate=false -Dcom.sun.management.jmxremote.ssl=false -Djava.rmi.server.hostname=localhost -Dspring.jmx.enabled=true -Dspring.application.admin.enabled=true -XX:TieredStopAtLevel=1 -Dspring.boot.project.name=EwayCommonApi -javaagent:F:\java-2022-03\eclipse\configuration\org.eclipse.osgi\225\0\.cp\lib\javaagent-shaded.jar -Dfile.encoding=UTF-8 com.maan.eway.EwayCommonApiApplication

Host: Intel(R) Core(TM) i3-4150 CPU @ 3.50GHz, 4 cores, 7G,  Windows 8.1 , 64 bit Build 9600 (6.3.9600.20778)
Time: Tue Feb 14 15:50:06 2023 India Standard Time elapsed time: 485.259324 seconds (0d 0h 8m 5s)

---------------  T H R E A D  ---------------

Current thread (0x0000000c8a2e0fa0):  JavaThread "JDWP Transport Listener: dt_socket" daemon [_thread_in_vm, id=404, stack(0x0000000c8b3c0000,0x0000000c8b4c0000)]

Stack: [0x0000000c8b3c0000,0x0000000c8b4c0000],  sp=0x0000000c8b4bf520,  free space=1021k
Native frames: (J=compiled Java code, j=interpreted, Vv=VM code, C=native code)
V  [jvm.dll+0x7b7cca]
V  [jvm.dll+0x52ee8c]
V  [jvm.dll+0x4fc88b]
C  [jdwp.dll+0x22fe7]


siginfo: EXCEPTION_ACCESS_VIOLATION (0xc0000005), reading address 0x00000000003a003c


Register to memory mapping:

RIP=0x00007ffb109f7cca jvm.dll
RAX=0x0000000000000037 is an unknown value
RBX=0x0000000c8a073fdc points into unknown readable memory: 69 64 61 74
RCX=0x00000000003a0038 is an unknown value
RDX=0x0000000c8fc6e030 points into unknown readable memory: 0x61616d2f6d6f634c | 4c 63 6f 6d 2f 6d 61 61
RSP=0x0000000c8b4bf520 is pointing into the stack for thread: 0x0000000c8a2e0fa0
RBP=0x0000000c8a2ce7c0 points into unknown readable memory: 0x0043005000000002 | 02 00 00 00 50 00 43 00
RSI=0x0 is NULL
RDI=0xffffffffffffffff is an unknown value
R8 =0x0000000000000804 is an unknown value
R9 =0x0000000000000005 is an unknown value
R10=0x0000000c8fc6ada0 points into unknown readable memory: 0x0000000c8e9dc180 | 80 c1 9d 8e 0c 00 00 00
R11=0x0000000c8b4bf540 is pointing into the stack for thread: 0x0000000c8a2e0fa0
R12=0x0000000c8b4bf678 is pointing into the stack for thread: 0x0000000c8a2e0fa0
R13=0x0 is NULL
R14=0x00000001003b7278 is a pointer to class: 
com.maan.eway.notification.service.SmsJob {0x00000001003b7280}
 - instance size:     3
 - klass size:        71
 - access:            public synchronized 
 - state:             fully_initialized
 - name:              'com/maan/eway/notification/service/SmsJob'
 - super:             'java/lang/Object'
 - sub:               
 - arrays:            NULL
 - methods:           Array<T>(0x0000000c91df6040)
 - method ordering:   Array<T>(0x0000000c91df6348)
 - default_methods:   Array<T>(0x0000000c87b9fe78)
 - default vtable indices:   Array<T>(0x0000000c87b9fe88)
 - local interfaces:  Array<T>(0x0000000c87b9f850)
 - trans. interfaces: Array<T>(0x0000000c87b9f850)
 - constants:         constant pool [255] {0x0000000c91df6fb8} for 'com/maan/eway/notification/service/SmsJob' cache=0x0000000c91df7888
 - class loader data:  loader data: 0x0000000c8a071a40 for instance a 'jdk/internal/loader/ClassLoaders$AppClassLoader'{0x00000000819e7740}
 - source file:       'SmsJob.java'
 - source debug extension:       SMAP
SmsJob.java
Java
*S jdt
*F
1 SmsJob.java
2 file:/E:/Kumar/Git/EwayCommonApi/target/classes/
*L
*E

 - class annotations:       Array<T>(0x0000000c91df6318)
 - class type annotations:  Array<T>(0x0000000000000000)
 - field annotations:       Array<T>(0x0000000c91df5ff0)
 - field type annotations:  Array<T>(0x0000000000000000)
 - previous version:  constant pool [250] {0x0000000c87b9efb0} for 'com/maan/eway/notification/service/SmsJob' (extra) cache=0x0000000c90da9b08
 - generic signature: '
[error occurred during error reporting (printing register info), id 0xc0000005, EXCEPTION_ACCESS_VIOLATION (0xc0000005) at pc=0x00007ffb109f88d6]

Registers:
RAX=0x0000000000000037, RBX=0x0000000c8a073fdc, RCX=0x00000000003a0038, RDX=0x0000000c8fc6e030
RSP=0x0000000c8b4bf520, RBP=0x0000000c8a2ce7c0, RSI=0x0000000000000000, RDI=0xffffffffffffffff
R8 =0x0000000000000804, R9 =0x0000000000000005, R10=0x0000000c8fc6ada0, R11=0x0000000c8b4bf540
R12=0x0000000c8b4bf678, R13=0x0000000000000000, R14=0x00000001003b7278, R15=0x0000000c8b4bf6a0
RIP=0x00007ffb109f7cca, EFLAGS=0x0000000000010202

Top of Stack: (sp=0x0000000c8b4bf520)
0x0000000c8b4bf520:   0000000000000029 00000001003b7278
0x0000000c8b4bf530:   0000000c8fc6df70 0000000c8b4bf6b0
0x0000000c8b4bf540:   ffffffffffffffff 00007ffb1076ee8c
0x0000000c8b4bf550:   0000000c8a073fdc 0000000c8a2ce7c0
0x0000000c8b4bf560:   0000000000000000 0000000000000000
0x0000000c8b4bf570:   0000000c8a073f70 00000000000003d8
0x0000000c8b4bf580:   0000000c8a073f80 0000000c8a074358
0x0000000c8b4bf590:   000000000001e601 0000000c8b4bf678
0x0000000c8b4bf5a0:   0000000000000007 0000000c8a2e1230
0x0000000c8b4bf5b0:   000000008294e208 00007ffb1073c88b
0x0000000c8b4bf5c0:   0000000c8a2e0fa0 0000000c8b4bf6a0
0x0000000c8b4bf5d0:   0000000cf7b8e760 0000000c8b4bf6a0
0x0000000c8b4bf5e0:   0000000c8a2e0fa0 0000000000000000
0x0000000c8b4bf5f0:   0000000000000000 0000000000000000
0x0000000c8b4bf600:   0000000c8fea47f8 00007ffb1a6f2fe7
0x0000000c8b4bf610:   0000000c8b4bf698 00007ffb1a701640 

Instructions: (pc=0x00007ffb109f7cca)
0x00007ffb109f7bca:   48 8b f8 48 85 db 74 08 48 8b cb e8 b6 66 eb ff
0x00007ffb109f7bda:   48 8b 5c 24 30 48 8b c7 48 83 c4 20 5f c3 8d 42
0x00007ffb109f7bea:   06 83 ff 02 b9 08 00 00 00 0f 4e c1 45 33 c0 48
0x00007ffb109f7bfa:   63 c8 48 83 c1 07 83 e1 f8 48 63 c9 41 8d 50 0b
0x00007ffb109f7c0a:   48 83 c4 20 5f e9 3c ce 8f ff cc cc cc cc cc cc
0x00007ffb109f7c1a:   cc cc cc cc cc cc 83 fa 02 8d 42 06 b9 08 00 00
0x00007ffb109f7c2a:   00 4d 8b c8 0f 4e c1 48 63 c8 49 8b 40 18 48 83
0x00007ffb109f7c3a:   c1 07 83 e1 f8 48 63 d1 49 8b 48 20 48 2b c8 48
0x00007ffb109f7c4a:   3b ca 72 09 48 8d 0c 10 49 89 48 18 c3 45 33 c0
0x00007ffb109f7c5a:   49 8b c9 e9 1e 2c 90 ff cc cc cc cc cc cc cc cc
0x00007ffb109f7c6a:   cc cc cc cc cc cc 4c 8b d2 4c 8b d9 45 85 c0 7e
0x00007ffb109f7c7a:   3c 44 0f b7 49 04 41 8d 40 ff 41 3b c1 44 0f 4c
0x00007ffb109f7c8a:   c8 4d 63 c1 45 85 c9 7e 1f 48 8b c2 4c 2b da 49
0x00007ffb109f7c9a:   8b d0 0f 1f 40 00 41 0f b6 4c 03 06 88 08 48 8d
0x00007ffb109f7caa:   40 01 48 83 ea 01 75 ee 43 c6 04 10 00 49 8b c2
0x00007ffb109f7cba:   c3 cc cc cc cc cc 48 89 5c 24 08 57 48 83 ec 20
0x00007ffb109f7cca:   0f b7 59 04 48 8b f9 33 d2 48 8d 4b 01 e8 e4 9e
0x00007ffb109f7cda:   f3 ff 0f b7 57 04 4c 8b c0 3b da 0f 42 d3 44 8b
0x00007ffb109f7cea:   ca 85 d2 74 39 48 2b f8 0f 1f 40 00 66 66 0f 1f
0x00007ffb109f7cfa:   84 00 00 00 00 00 0f b6 4c 07 06 88 08 48 ff c0
0x00007ffb109f7d0a:   48 8b c8 49 2b c8 49 3b c9 7c eb 42 c6 04 02 00
0x00007ffb109f7d1a:   49 8b c0 48 8b 5c 24 30 48 83 c4 20 5f c3 48 8b
0x00007ffb109f7d2a:   5c 24 30 c6 04 02 00 48 83 c4 20 5f c3 cc cc cc
0x00007ffb109f7d3a:   cc cc cc cc cc cc 4c 8b d1 45 85 c0 7e 6c 44 0f
0x00007ffb109f7d4a:   b7 49 04 41 8d 40 ff 41 3b c1 44 0f 4c c8 4d 63
0x00007ffb109f7d5a:   d9 45 85 c9 7e 22 48 8b ca 4c 2b d2 4d 8b c3 0f
0x00007ffb109f7d6a:   1f 80 00 00 00 00 41 0f b6 44 0a 06 88 01 48 8d
0x00007ffb109f7d7a:   49 01 49 83 e8 01 75 ee 41 c6 04 13 00 48 c7 c0
0x00007ffb109f7d8a:   ff ff ff ff 66 90 48 ff c0 80 3c 02 00 75 f7 48
0x00007ffb109f7d9a:   63 c8 85 c0 48 8b c2 7e 14 80 38 2f 75 03 c6 00
0x00007ffb109f7daa:   2e 48 ff c0 48 83 e9 01 75 ef 48 8b c2 c3 cc cc
0x00007ffb109f7dba:   cc cc cc cc cc cc 48 83 ec 28 e8 f7 fe ff ff 4c 


Stack slot to memory mapping:
stack at sp + 0 slots: 0x0000000000000029 is an unknown value
stack at sp + 1 slots: 0x00000001003b7278 is a pointer to class: 
com.maan.eway.notification.service.SmsJob {0x00000001003b7280}
 - instance size:     3
 - klass size:        71
 - access:            public synchronized 
 - state:             fully_initialized
 - name:              'com/maan/eway/notification/service/SmsJob'
 - super:             'java/lang/Object'
 - sub:               
 - arrays:            NULL
 - methods:           Array<T>(0x0000000c91df6040)
 - method ordering:   Array<T>(0x0000000c91df6348)
 - default_methods:   Array<T>(0x0000000c87b9fe78)
 - default vtable indices:   Array<T>(0x0000000c87b9fe88)
 - local interfaces:  Array<T>(0x0000000c87b9f850)
 - trans. interfaces: Array<T>(0x0000000c87b9f850)
 - constants:         constant pool [255] {0x0000000c91df6fb8} for 'com/maan/eway/notification/service/SmsJob' cache=0x0000000c91df7888
 - class loader data:  loader data: 0x0000000c8a071a40 for instance a 'jdk/internal/loader/ClassLoaders$AppClassLoader'{0x00000000819e7740}
 - source file:       'SmsJob.java'
 - source debug extension:       SMAP
SmsJob.java
Java
*S jdt
*F
1 SmsJob.java
2 file:/E:/Kumar/Git/EwayCommonApi/target/classes/
*L
*E

 - class annotations:       Array<T>(0x0000000c91df6318)
 - class type annotations:  Array<T>(0x0000000000000000)
 - field annotations:       Array<T>(0x0000000c91df5ff0)
 - field type annotations:  Array<T>(0x0000000000000000)
 - previous version:  constant pool [250] {0x0000000c87b9efb0} for 'com/maan/eway/notification/service/SmsJob' (extra) cache=0x0000000c90da9b08
 - generic signature: '
[error occurred during error reporting (inspecting top of stack), id 0xc0000005, EXCEPTION_ACCESS_VIOLATION (0xc0000005) at pc=0x00007ffb109f88d6]


---------------  P R O C E S S  ---------------

Threads class SMR info:
_java_thread_list=0x0000000c8eca9ea0, length=72, elements={
0x0000000cff347770, 0x0000000cff348400, 0x0000000cff36a6c0, 0x0000000cff36c1d0,
0x0000000cff36cb70, 0x0000000cff36d510, 0x0000000c8a03b6a0, 0x0000000c8a03bf90,
0x0000000c8a0cee40, 0x0000000c8a2e0fa0, 0x0000000c8a2e5d60, 0x0000000c8a2e6240,
0x0000000c8bcd09e0, 0x0000000c8be24f70, 0x0000000c8be8ca40, 0x0000000c8bd7c7d0,
0x0000000c8bebb810, 0x0000000c8bebbcd0, 0x0000000c8bebe210, 0x0000000c8ceef550,
0x0000000c8ceed870, 0x0000000c8ceefa20, 0x0000000c8ceec530, 0x0000000c8ceeebb0,
0x0000000c8f46cd40, 0x0000000c8f46e080, 0x0000000c8f46ba00, 0x0000000c8f46e550,
0x0000000c8f46ea20, 0x0000000c8f46f3c0, 0x0000000c8f46f890, 0x0000000c8f46fd60,
0x0000000c8f46c3a0, 0x0000000c8f470230, 0x0000000c8f471570, 0x0000000c8f470bd0,
0x0000000c8f4723e0, 0x0000000c8f470700, 0x0000000c8f4728b0, 0x0000000c8f4710a0,
0x0000000c8f471a40, 0x0000000c8f471f10, 0x0000000c8ec4c0c0, 0x0000000c8ec4d400,
0x0000000c8ec4e740, 0x0000000c8ec4ca60, 0x0000000c8ec4cf30, 0x0000000c8ec4dda0,
0x0000000c8ec4d8d0, 0x0000000c8ec4ec10, 0x0000000c8ec4e270, 0x0000000c8ec4f0e0,
0x0000000c8ec4f5b0, 0x0000000c8ec4c590, 0x0000000c8ec4bbf0, 0x0000000c8ec51c30,
0x0000000c8ec508f0, 0x0000000c8ec52100, 0x0000000c8ec525d0, 0x0000000c8ec4ff50,
0x0000000c8ec51290, 0x0000000c8ec51760, 0x0000000c8ec53440, 0x0000000c8ec52aa0,
0x0000000c8ec50dc0, 0x0000000c8ec52f70, 0x0000000c8ec4fa80, 0x0000000c8ec50420,
0x0000000c8f4e3870, 0x0000000c8f4e33a0, 0x0000000c8f4e4210, 0x0000000c8f4e2530
}

Java Threads: ( => current thread )
  0x0000000cff347770 JavaThread "Reference Handler" daemon [_thread_blocked, id=3020, stack(0x0000000c8a500000,0x0000000c8a600000)]
  0x0000000cff348400 JavaThread "Finalizer" daemon [_thread_blocked, id=5752, stack(0x0000000c8a600000,0x0000000c8a700000)]
  0x0000000cff36a6c0 JavaThread "Signal Dispatcher" daemon [_thread_blocked, id=8168, stack(0x0000000c8a7e0000,0x0000000c8a8e0000)]
  0x0000000cff36c1d0 JavaThread "Attach Listener" daemon [_thread_blocked, id=7228, stack(0x0000000c8a8e0000,0x0000000c8a9e0000)]
  0x0000000cff36cb70 JavaThread "Service Thread" daemon [_thread_blocked, id=7336, stack(0x0000000c8a9e0000,0x0000000c8aae0000)]
  0x0000000cff36d510 JavaThread "Monitor Deflation Thread" daemon [_thread_blocked, id=6188, stack(0x0000000c8aae0000,0x0000000c8abe0000)]
  0x0000000c8a03b6a0 JavaThread "C1 CompilerThread0" daemon [_thread_blocked, id=6940, stack(0x0000000c8abe0000,0x0000000c8ace0000)]
  0x0000000c8a03bf90 JavaThread "Sweeper thread" daemon [_thread_blocked, id=3980, stack(0x0000000c8ace0000,0x0000000c8ade0000)]
  0x0000000c8a0cee40 JavaThread "Common-Cleaner" daemon [_thread_blocked, id=4664, stack(0x0000000c8ade0000,0x0000000c8aee0000)]
=>0x0000000c8a2e0fa0 JavaThread "JDWP Transport Listener: dt_socket" daemon [_thread_in_vm, id=404, stack(0x0000000c8b3c0000,0x0000000c8b4c0000)]
  0x0000000c8a2e5d60 JavaThread "JDWP Event Helper Thread" daemon [_thread_blocked, id=7428, stack(0x0000000c8b4c0000,0x0000000c8b5c0000)]
  0x0000000c8a2e6240 JavaThread "JDWP Command Reader" daemon [_thread_in_native, id=3464, stack(0x0000000c8b5c0000,0x0000000c8b6c0000)]
  0x0000000c8bcd09e0 JavaThread "Notification Thread" daemon [_thread_blocked, id=7296, stack(0x0000000c8bec0000,0x0000000c8bfc0000)]
  0x0000000c8be24f70 JavaThread "RMI TCP Accept-0" daemon [_thread_in_native, id=5348, stack(0x0000000c8c4c0000,0x0000000c8c5c0000)]
  0x0000000c8be8ca40 JavaThread "RMI TCP Accept-65447" daemon [_thread_in_native, id=4352, stack(0x0000000c8c5c0000,0x0000000c8c6c0000)]
  0x0000000c8bd7c7d0 JavaThread "RMI TCP Accept-0" daemon [_thread_in_native, id=5808, stack(0x0000000c8d690000,0x0000000c8d790000)]
  0x0000000c8bebb810 JavaThread "RMI Scheduler(0)" daemon [_thread_blocked, id=2340, stack(0x0000000c8d990000,0x0000000c8da90000)]
  0x0000000c8bebbcd0 JavaThread "RMI TCP Connection(9)-127.0.0.1" daemon [_thread_in_native, id=8144, stack(0x0000000c8da90000,0x0000000c8db90000)]
  0x0000000c8bebe210 JavaThread "JMX server connection timeout 24" daemon [_thread_blocked, id=3924, stack(0x0000000c8db90000,0x0000000c8dc90000)]
  0x0000000c8ceef550 JavaThread "mysql-cj-abandoned-connection-cleanup" daemon [_thread_blocked, id=4304, stack(0x0000000c8efc0000,0x0000000c8f0c0000)]
  0x0000000c8ceed870 JavaThread "HikariPool-1 housekeeper" daemon [_thread_blocked, id=6756, stack(0x0000000c8f1c0000,0x0000000c8f2c0000)]
  0x0000000c8ceefa20 JavaThread "Catalina-utility-1" [_thread_blocked, id=8064, stack(0x0000000c8f2c0000,0x0000000c8f3c0000)]
  0x0000000c8ceec530 JavaThread "Catalina-utility-2" [_thread_blocked, id=5428, stack(0x0000000c90590000,0x0000000c90690000)]
  0x0000000c8ceeebb0 JavaThread "container-0" [_thread_blocked, id=7616, stack(0x0000000c90690000,0x0000000c90790000)]
  0x0000000c8f46cd40 JavaThread "backgroundjob-zookeeper-pool-1-thread-1" [_thread_blocked, id=5612, stack(0x0000000c94a30000,0x0000000c94b30000)]
  0x0000000c8f46e080 JavaThread "backgroundjob-zookeeper-pool-1-thread-2" [_thread_blocked, id=4900, stack(0x0000000c94b30000,0x0000000c94c30000)]
  0x0000000c8f46ba00 JavaThread "backgroundjob-worker-pool-2-thread-1" [_thread_blocked, id=6328, stack(0x0000000c94c30000,0x0000000c94d30000)]
  0x0000000c8f46e550 JavaThread "backgroundjob-worker-pool-2-thread-2" [_thread_blocked, id=3880, stack(0x0000000c94d30000,0x0000000c94e30000)]
  0x0000000c8f46ea20 JavaThread "backgroundjob-worker-pool-2-thread-3" [_thread_blocked, id=6044, stack(0x0000000c94e30000,0x0000000c94f30000)]
  0x0000000c8f46f3c0 JavaThread "backgroundjob-worker-pool-2-thread-4" [_thread_blocked, id=5976, stack(0x0000000c94f30000,0x0000000c95030000)]
  0x0000000c8f46f890 JavaThread "backgroundjob-worker-pool-2-thread-5" [_thread_blocked, id=5576, stack(0x0000000c95030000,0x0000000c95130000)]
  0x0000000c8f46fd60 JavaThread "backgroundjob-worker-pool-2-thread-6" [_thread_blocked, id=7452, stack(0x0000000c95130000,0x0000000c95230000)]
  0x0000000c8f46c3a0 JavaThread "backgroundjob-worker-pool-2-thread-7" [_thread_blocked, id=3984, stack(0x0000000c95230000,0x0000000c95330000)]
  0x0000000c8f470230 JavaThread "backgroundjob-worker-pool-2-thread-8" [_thread_blocked, id=1600, stack(0x0000000c95330000,0x0000000c95430000)]
  0x0000000c8f471570 JavaThread "backgroundjob-worker-pool-2-thread-9" [_thread_blocked, id=4912, stack(0x0000000c95430000,0x0000000c95530000)]
  0x0000000c8f470bd0 JavaThread "backgroundjob-worker-pool-2-thread-10" [_thread_blocked, id=3884, stack(0x0000000c95530000,0x0000000c95630000)]
  0x0000000c8f4723e0 JavaThread "backgroundjob-worker-pool-2-thread-11" [_thread_blocked, id=4788, stack(0x0000000c95630000,0x0000000c95730000)]
  0x0000000c8f470700 JavaThread "backgroundjob-worker-pool-2-thread-12" [_thread_blocked, id=5096, stack(0x0000000c95730000,0x0000000c95830000)]
  0x0000000c8f4728b0 JavaThread "backgroundjob-worker-pool-2-thread-13" [_thread_blocked, id=4876, stack(0x0000000c95830000,0x0000000c95930000)]
  0x0000000c8f4710a0 JavaThread "backgroundjob-worker-pool-2-thread-14" [_thread_blocked, id=5616, stack(0x0000000c95930000,0x0000000c95a30000)]
  0x0000000c8f471a40 JavaThread "backgroundjob-worker-pool-2-thread-15" [_thread_blocked, id=6256, stack(0x0000000c95a30000,0x0000000c95b30000)]
  0x0000000c8f471f10 JavaThread "backgroundjob-worker-pool-2-thread-16" [_thread_blocked, id=1260, stack(0x0000000c95b30000,0x0000000c95c30000)]
  0x0000000c8ec4c0c0 JavaThread "backgroundjob-worker-pool-2-thread-17" [_thread_blocked, id=4752, stack(0x0000000c95c30000,0x0000000c95d30000)]
  0x0000000c8ec4d400 JavaThread "backgroundjob-worker-pool-2-thread-18" [_thread_blocked, id=268, stack(0x0000000c95d30000,0x0000000c95e30000)]
  0x0000000c8ec4e740 JavaThread "backgroundjob-worker-pool-2-thread-19" [_thread_blocked, id=5476, stack(0x0000000c95e30000,0x0000000c95f30000)]
  0x0000000c8ec4ca60 JavaThread "backgroundjob-worker-pool-2-thread-20" [_thread_blocked, id=7436, stack(0x0000000c95f30000,0x0000000c96030000)]
  0x0000000c8ec4cf30 JavaThread "backgroundjob-worker-pool-2-thread-21" [_thread_blocked, id=3500, stack(0x0000000c96030000,0x0000000c96130000)]
  0x0000000c8ec4dda0 JavaThread "backgroundjob-worker-pool-2-thread-22" [_thread_blocked, id=3008, stack(0x0000000c96130000,0x0000000c96230000)]
  0x0000000c8ec4d8d0 JavaThread "backgroundjob-worker-pool-2-thread-23" [_thread_blocked, id=5768, stack(0x0000000c96230000,0x0000000c96330000)]
  0x0000000c8ec4ec10 JavaThread "backgroundjob-worker-pool-2-thread-24" [_thread_blocked, id=4640, stack(0x0000000c96330000,0x0000000c96430000)]
  0x0000000c8ec4e270 JavaThread "backgroundjob-worker-pool-2-thread-25" [_thread_blocked, id=7424, stack(0x0000000c96430000,0x0000000c96530000)]
  0x0000000c8ec4f0e0 JavaThread "backgroundjob-worker-pool-2-thread-26" [_thread_blocked, id=2424, stack(0x0000000c96530000,0x0000000c96630000)]
  0x0000000c8ec4f5b0 JavaThread "backgroundjob-worker-pool-2-thread-27" [_thread_blocked, id=4856, stack(0x0000000c96630000,0x0000000c96730000)]
  0x0000000c8ec4c590 JavaThread "backgroundjob-worker-pool-2-thread-28" [_thread_blocked, id=3932, stack(0x0000000c96730000,0x0000000c96830000)]
  0x0000000c8ec4bbf0 JavaThread "backgroundjob-worker-pool-2-thread-29" [_thread_blocked, id=2180, stack(0x0000000c96830000,0x0000000c96930000)]
  0x0000000c8ec51c30 JavaThread "backgroundjob-worker-pool-2-thread-30" [_thread_blocked, id=6340, stack(0x0000000c96930000,0x0000000c96a30000)]
  0x0000000c8ec508f0 JavaThread "backgroundjob-worker-pool-2-thread-31" [_thread_blocked, id=5800, stack(0x0000000c96a30000,0x0000000c96b30000)]
  0x0000000c8ec52100 JavaThread "backgroundjob-worker-pool-2-thread-32" [_thread_blocked, id=200, stack(0x0000000c96b30000,0x0000000c96c30000)]
  0x0000000c8ec525d0 JavaThread "http-nio-8086-exec-1" daemon [_thread_blocked, id=4144, stack(0x0000000c96c30000,0x0000000c96d30000)]
  0x0000000c8ec4ff50 JavaThread "http-nio-8086-exec-2" daemon [_thread_blocked, id=4344, stack(0x0000000c96d30000,0x0000000c96e30000)]
  0x0000000c8ec51290 JavaThread "http-nio-8086-exec-3" daemon [_thread_blocked, id=6556, stack(0x0000000c96e30000,0x0000000c96f30000)]
  0x0000000c8ec51760 JavaThread "http-nio-8086-exec-4" daemon [_thread_blocked, id=6500, stack(0x0000000c96f30000,0x0000000c97030000)]
  0x0000000c8ec53440 JavaThread "http-nio-8086-exec-5" daemon [_thread_blocked, id=6056, stack(0x0000000c97030000,0x0000000c97130000)]
  0x0000000c8ec52aa0 JavaThread "http-nio-8086-exec-6" daemon [_thread_blocked, id=5460, stack(0x0000000c97130000,0x0000000c97230000)]
  0x0000000c8ec50dc0 JavaThread "http-nio-8086-exec-7" daemon [_thread_blocked, id=1664, stack(0x0000000c97230000,0x0000000c97330000)]
  0x0000000c8ec52f70 JavaThread "http-nio-8086-exec-8" daemon [_thread_blocked, id=6072, stack(0x0000000c97330000,0x0000000c97430000)]
  0x0000000c8ec4fa80 JavaThread "http-nio-8086-exec-9" daemon [_thread_blocked, id=7172, stack(0x0000000c97430000,0x0000000c97530000)]
  0x0000000c8ec50420 JavaThread "http-nio-8086-exec-10" daemon [_thread_blocked, id=7940, stack(0x0000000c97530000,0x0000000c97630000)]
  0x0000000c8f4e3870 JavaThread "http-nio-8086-Poller" daemon [_thread_in_native, id=8188, stack(0x0000000c97630000,0x0000000c97730000)]
  0x0000000c8f4e33a0 JavaThread "http-nio-8086-Acceptor" daemon [_thread_in_native, id=6908, stack(0x0000000c97730000,0x0000000c97830000)]
  0x0000000c8f4e4210 JavaThread "DestroyJavaVM" [_thread_blocked, id=3028, stack(0x0000000cf7220000,0x0000000cf7320000)]
  0x0000000c8f4e2530 JavaThread "MySQL Statement Cancellation Timer" daemon [_thread_blocked, id=6448, stack(0x0000000c8aee0000,0x0000000c8afe0000)]

Other Threads:
  0x0000000cff344120 VMThread "VM Thread" [stack: 0x0000000c8a400000,0x0000000c8a500000] [id=4684]
  0x0000000c8be9c0a0 WatcherThread "VM Periodic Task Thread" [stack: 0x0000000c8d790000,0x0000000c8d890000] [id=7160]
  0x0000000cf7c00200 WorkerThread "GC Thread#0" [stack: 0x0000000cf7760000,0x0000000cf7860000] [id=2316]
  0x0000000c8bd354d0 WorkerThread "GC Thread#1" [stack: 0x0000000c8bfc0000,0x0000000c8c0c0000] [id=6696]
  0x0000000c8bd35770 WorkerThread "GC Thread#2" [stack: 0x0000000c8c0c0000,0x0000000c8c1c0000] [id=7884]
  0x0000000c8bd4c370 WorkerThread "GC Thread#3" [stack: 0x0000000c8c1c0000,0x0000000c8c2c0000] [id=6192]
  0x0000000cf7c10eb0 ConcurrentGCThread "G1 Main Marker" [stack: 0x0000000cf7860000,0x0000000cf7960000] [id=4428]
  0x0000000cf7c124d0 WorkerThread "G1 Conc#0" [stack: 0x0000000cf7960000,0x0000000cf7a60000] [id=7232]
  0x0000000cff1acc30 ConcurrentGCThread "G1 Refine#0" [stack: 0x0000000cff480000,0x0000000cff580000] [id=6720]
  0x0000000c8bd35a10 ConcurrentGCThread "G1 Refine#1" [stack: 0x0000000c8c2c0000,0x0000000c8c3c0000] [id=1680]
  0x0000000cff1acf00 ConcurrentGCThread "G1 Service" [stack: 0x0000000cff580000,0x0000000cff680000] [id=5904]

Threads with active compile tasks:

VM state: not at safepoint (normal execution)

VM Mutex/Monitor currently owned by a thread: None

Heap address: 0x0000000081400000, size: 2028 MB, Compressed Oops mode: 32-bit

CDS archive(s) not mapped
Compressed class space mapped at: 0x0000000100000000-0x0000000140000000, reserved size: 1073741824
Narrow klass base: 0x0000000000000000, Narrow klass shift: 3, Narrow klass range: 0x140000000

GC Precious Log:
 CardTable entry size: 512
 Card Set container configuration: InlinePtr #cards 5 size 8 Array Of Cards #cards 12 size 40 Howl #buckets 4 coarsen threshold 1843 Howl Bitmap #cards 512 size 80 coarsen threshold 460 Card regions per heap region 1 cards per card region 2048
 CPUs: 4 total, 4 available
 Memory: 8104M
 Large Page Support: Disabled
 NUMA Support: Disabled
 Compressed Oops: Enabled (32-bit)
 Heap Region Size: 1M
 Heap Min Capacity: 8M
 Heap Initial Capacity: 128M
 Heap Max Capacity: 2028M
 Pre-touch: Disabled
 Parallel Workers: 4
 Concurrent Workers: 1
 Concurrent Refinement Workers: 4
 Periodic GC: Disabled

Heap:
 garbage-first heap   total 305152K, used 208703K [0x0000000081400000, 0x0000000100000000)
  region size 1024K, 96 young (98304K), 13 survivors (13312K)
 Metaspace       used 98489K, committed 99200K, reserved 1179648K
  class space    used 11687K, committed 12032K, reserved 1048576K

Heap Regions: E=young(eden), S=young(survivor), O=old, HS=humongous(starts), HC=humongous(continues), CS=collection set, F=free, OA=open archive, CA=closed archive, TAMS=top-at-mark-start (previous, next)
|   0|0x0000000081400000, 0x0000000081500000, 0x0000000081500000|100%|HS|  |TAMS 0x0000000081500000, 0x0000000081400000| Complete 
|   1|0x0000000081500000, 0x0000000081600000, 0x0000000081600000|100%| O|  |TAMS 0x0000000081600000, 0x0000000081500000| Untracked 
|   2|0x0000000081600000, 0x0000000081700000, 0x0000000081700000|100%| O|  |TAMS 0x0000000081700000, 0x0000000081600000| Untracked 
|   3|0x0000000081700000, 0x0000000081800000, 0x0000000081800000|100%| O|  |TAMS 0x0000000081800000, 0x0000000081700000| Untracked 
|   4|0x0000000081800000, 0x0000000081900000, 0x0000000081900000|100%| O|  |TAMS 0x0000000081900000, 0x0000000081800000| Untracked 
|   5|0x0000000081900000, 0x0000000081a00000, 0x0000000081a00000|100%| O|  |TAMS 0x0000000081a00000, 0x0000000081900000| Untracked 
|   6|0x0000000081a00000, 0x0000000081b00000, 0x0000000081b00000|100%| O|  |TAMS 0x0000000081b00000, 0x0000000081a00000| Untracked 
|   7|0x0000000081b00000, 0x0000000081bfa000, 0x0000000081c00000| 97%| O|  |TAMS 0x0000000081bfa000, 0x0000000081b00000| Untracked 
|   8|0x0000000081c00000, 0x0000000081d00000, 0x0000000081d00000|100%| O|  |TAMS 0x0000000081d00000, 0x0000000081c00000| Untracked 
|   9|0x0000000081d00000, 0x0000000081e00000, 0x0000000081e00000|100%| O|  |TAMS 0x0000000081e00000, 0x0000000081d00000| Untracked 
|  10|0x0000000081e00000, 0x0000000081f00000, 0x0000000081f00000|100%| O|  |TAMS 0x0000000081f00000, 0x0000000081e00000| Untracked 
|  11|0x0000000081f00000, 0x0000000082000000, 0x0000000082000000|100%| O|  |TAMS 0x0000000082000000, 0x0000000081f00000| Untracked 
|  12|0x0000000082000000, 0x0000000082100000, 0x0000000082100000|100%| O|  |TAMS 0x0000000082100000, 0x0000000082000000| Untracked 
|  13|0x0000000082100000, 0x0000000082200000, 0x0000000082200000|100%| O|  |TAMS 0x0000000082200000, 0x0000000082100000| Untracked 
|  14|0x0000000082200000, 0x0000000082300000, 0x0000000082300000|100%| O|  |TAMS 0x0000000082300000, 0x0000000082200000| Untracked 
|  15|0x0000000082300000, 0x0000000082400000, 0x0000000082400000|100%| O|  |TAMS 0x0000000082400000, 0x0000000082300000| Untracked 
|  16|0x0000000082400000, 0x0000000082500000, 0x0000000082500000|100%| O|  |TAMS 0x0000000082500000, 0x0000000082400000| Untracked 
|  17|0x0000000082500000, 0x0000000082600000, 0x0000000082600000|100%| O|  |TAMS 0x0000000082600000, 0x0000000082500000| Untracked 
|  18|0x0000000082600000, 0x0000000082700000, 0x0000000082700000|100%| O|  |TAMS 0x0000000082700000, 0x0000000082600000| Untracked 
|  19|0x0000000082700000, 0x00000000827ffff8, 0x0000000082800000| 99%| O|  |TAMS 0x00000000827ffff8, 0x0000000082700000| Untracked 
|  20|0x0000000082800000, 0x0000000082900000, 0x0000000082900000|100%| O|  |TAMS 0x0000000082900000, 0x0000000082800000| Untracked 
|  21|0x0000000082900000, 0x0000000082a00000, 0x0000000082a00000|100%| O|  |TAMS 0x0000000082a00000, 0x0000000082900000| Untracked 
|  22|0x0000000082a00000, 0x0000000082b00000, 0x0000000082b00000|100%| O|  |TAMS 0x0000000082b00000, 0x0000000082a00000| Untracked 
|  23|0x0000000082b00000, 0x0000000082c00000, 0x0000000082c00000|100%| O|  |TAMS 0x0000000082c00000, 0x0000000082b00000| Untracked 
|  24|0x0000000082c00000, 0x0000000082d00000, 0x0000000082d00000|100%| O|  |TAMS 0x0000000082d00000, 0x0000000082c00000| Untracked 
|  25|0x0000000082d00000, 0x0000000082e00000, 0x0000000082e00000|100%| O|  |TAMS 0x0000000082e00000, 0x0000000082d00000| Untracked 
|  26|0x0000000082e00000, 0x0000000082f00000, 0x0000000082f00000|100%| O|  |TAMS 0x0000000082f00000, 0x0000000082e00000| Untracked 
|  27|0x0000000082f00000, 0x0000000083000000, 0x0000000083000000|100%| O|  |TAMS 0x0000000083000000, 0x0000000082f00000| Untracked 
|  28|0x0000000083000000, 0x0000000083100000, 0x0000000083100000|100%| O|  |TAMS 0x00000000830bae00, 0x0000000083000000| Untracked 
|  29|0x0000000083100000, 0x0000000083200000, 0x0000000083200000|100%| O|  |TAMS 0x0000000083100000, 0x0000000083100000| Untracked 
|  30|0x0000000083200000, 0x0000000083300000, 0x0000000083300000|100%| O|  |TAMS 0x0000000083200000, 0x0000000083200000| Untracked 
|  31|0x0000000083300000, 0x0000000083400000, 0x0000000083400000|100%| O|  |TAMS 0x0000000083300000, 0x0000000083300000| Untracked 
|  32|0x0000000083400000, 0x0000000083500000, 0x0000000083500000|100%| O|  |TAMS 0x0000000083400000, 0x0000000083400000| Untracked 
|  33|0x0000000083500000, 0x0000000083600000, 0x0000000083600000|100%| O|  |TAMS 0x0000000083500000, 0x0000000083500000| Untracked 
|  34|0x0000000083600000, 0x0000000083700000, 0x0000000083700000|100%| O|  |TAMS 0x0000000083600000, 0x0000000083600000| Untracked 
|  35|0x0000000083700000, 0x0000000083800000, 0x0000000083800000|100%| O|  |TAMS 0x0000000083700000, 0x0000000083700000| Untracked 
|  36|0x0000000083800000, 0x0000000083900000, 0x0000000083900000|100%| O|  |TAMS 0x0000000083800000, 0x0000000083800000| Untracked 
|  37|0x0000000083900000, 0x0000000083a00000, 0x0000000083a00000|100%| O|  |TAMS 0x0000000083900000, 0x0000000083900000| Untracked 
|  38|0x0000000083a00000, 0x0000000083b00000, 0x0000000083b00000|100%| O|  |TAMS 0x0000000083a00000, 0x0000000083a00000| Untracked 
|  39|0x0000000083b00000, 0x0000000083c00000, 0x0000000083c00000|100%| O|  |TAMS 0x0000000083b00000, 0x0000000083b00000| Untracked 
|  40|0x0000000083c00000, 0x0000000083d00000, 0x0000000083d00000|100%| O|  |TAMS 0x0000000083c00000, 0x0000000083c00000| Untracked 
|  41|0x0000000083d00000, 0x0000000083e00000, 0x0000000083e00000|100%| O|  |TAMS 0x0000000083d00000, 0x0000000083d00000| Untracked 
|  42|0x0000000083e00000, 0x0000000083f00000, 0x0000000083f00000|100%| O|  |TAMS 0x0000000083e00000, 0x0000000083e00000| Untracked 
|  43|0x0000000083f00000, 0x0000000084000000, 0x0000000084000000|100%| O|  |TAMS 0x0000000083f00000, 0x0000000083f00000| Untracked 
|  44|0x0000000084000000, 0x0000000084100000, 0x0000000084100000|100%| O|  |TAMS 0x0000000084000000, 0x0000000084000000| Untracked 
|  45|0x0000000084100000, 0x0000000084200000, 0x0000000084200000|100%| O|  |TAMS 0x0000000084100000, 0x0000000084100000| Untracked 
|  46|0x0000000084200000, 0x0000000084300000, 0x0000000084300000|100%| O|  |TAMS 0x0000000084200000, 0x0000000084200000| Untracked 
|  47|0x0000000084300000, 0x0000000084400000, 0x0000000084400000|100%| O|  |TAMS 0x0000000084300000, 0x0000000084300000| Untracked 
|  48|0x0000000084400000, 0x0000000084500000, 0x0000000084500000|100%| O|  |TAMS 0x0000000084400000, 0x0000000084400000| Untracked 
|  49|0x0000000084500000, 0x0000000084600000, 0x0000000084600000|100%| O|  |TAMS 0x0000000084500000, 0x0000000084500000| Untracked 
|  50|0x0000000084600000, 0x0000000084700000, 0x0000000084700000|100%| O|  |TAMS 0x0000000084600000, 0x0000000084600000| Untracked 
|  51|0x0000000084700000, 0x0000000084800000, 0x0000000084800000|100%| O|  |TAMS 0x0000000084700000, 0x0000000084700000| Untracked 
|  52|0x0000000084800000, 0x0000000084900000, 0x0000000084900000|100%| O|  |TAMS 0x0000000084800000, 0x0000000084800000| Untracked 
|  53|0x0000000084900000, 0x0000000084a00000, 0x0000000084a00000|100%| O|  |TAMS 0x0000000084900000, 0x0000000084900000| Untracked 
|  54|0x0000000084a00000, 0x0000000084b00000, 0x0000000084b00000|100%| O|  |TAMS 0x0000000084a00000, 0x0000000084a00000| Untracked 
|  55|0x0000000084b00000, 0x0000000084c00000, 0x0000000084c00000|100%| O|  |TAMS 0x0000000084b00000, 0x0000000084b00000| Untracked 
|  56|0x0000000084c00000, 0x0000000084d00000, 0x0000000084d00000|100%| O|  |TAMS 0x0000000084c00000, 0x0000000084c00000| Untracked 
|  57|0x0000000084d00000, 0x0000000084e00000, 0x0000000084e00000|100%| O|  |TAMS 0x0000000084d00000, 0x0000000084d00000| Untracked 
|  58|0x0000000084e00000, 0x0000000084f00000, 0x0000000084f00000|100%| O|  |TAMS 0x0000000084e00000, 0x0000000084e00000| Untracked 
|  59|0x0000000084f00000, 0x0000000085000000, 0x0000000085000000|100%| O|  |TAMS 0x0000000084f00000, 0x0000000084f00000| Untracked 
|  60|0x0000000085000000, 0x0000000085100000, 0x0000000085100000|100%| O|  |TAMS 0x0000000085000000, 0x0000000085000000| Untracked 
|  61|0x0000000085100000, 0x0000000085200000, 0x0000000085200000|100%| O|  |TAMS 0x0000000085100000, 0x0000000085100000| Untracked 
|  62|0x0000000085200000, 0x0000000085300000, 0x0000000085300000|100%| O|  |TAMS 0x0000000085200000, 0x0000000085200000| Untracked 
|  63|0x0000000085300000, 0x0000000085400000, 0x0000000085400000|100%| O|  |TAMS 0x0000000085300000, 0x0000000085300000| Untracked 
|  64|0x0000000085400000, 0x0000000085500000, 0x0000000085500000|100%| O|  |TAMS 0x0000000085400000, 0x0000000085400000| Untracked 
|  65|0x0000000085500000, 0x0000000085600000, 0x0000000085600000|100%| O|  |TAMS 0x0000000085500000, 0x0000000085500000| Untracked 
|  66|0x0000000085600000, 0x0000000085700000, 0x0000000085700000|100%| O|  |TAMS 0x0000000085600000, 0x0000000085600000| Untracked 
|  67|0x0000000085700000, 0x0000000085800000, 0x0000000085800000|100%| O|  |TAMS 0x0000000085700000, 0x0000000085700000| Untracked 
|  68|0x0000000085800000, 0x0000000085900000, 0x0000000085900000|100%| O|  |TAMS 0x0000000085800000, 0x0000000085800000| Untracked 
|  69|0x0000000085900000, 0x0000000085a00000, 0x0000000085a00000|100%| O|  |TAMS 0x0000000085900000, 0x0000000085900000| Untracked 
|  70|0x0000000085a00000, 0x0000000085b00000, 0x0000000085b00000|100%| O|  |TAMS 0x0000000085a00000, 0x0000000085a00000| Untracked 
|  71|0x0000000085b00000, 0x0000000085c00000, 0x0000000085c00000|100%| O|  |TAMS 0x0000000085b00000, 0x0000000085b00000| Untracked 
|  72|0x0000000085c00000, 0x0000000085d00000, 0x0000000085d00000|100%| O|  |TAMS 0x0000000085c00000, 0x0000000085c00000| Untracked 
|  73|0x0000000085d00000, 0x0000000085e00000, 0x0000000085e00000|100%| O|  |TAMS 0x0000000085d00000, 0x0000000085d00000| Untracked 
|  74|0x0000000085e00000, 0x0000000085f00000, 0x0000000085f00000|100%| O|  |TAMS 0x0000000085e00000, 0x0000000085e00000| Untracked 
|  75|0x0000000085f00000, 0x0000000086000000, 0x0000000086000000|100%| O|  |TAMS 0x0000000085f00000, 0x0000000085f00000| Untracked 
|  76|0x0000000086000000, 0x0000000086100000, 0x0000000086100000|100%| O|  |TAMS 0x0000000086000000, 0x0000000086000000| Untracked 
|  77|0x0000000086100000, 0x0000000086200000, 0x0000000086200000|100%| O|  |TAMS 0x0000000086100000, 0x0000000086100000| Untracked 
|  78|0x0000000086200000, 0x0000000086300000, 0x0000000086300000|100%| O|  |TAMS 0x0000000086200000, 0x0000000086200000| Untracked 
|  79|0x0000000086300000, 0x0000000086400000, 0x0000000086400000|100%| O|  |TAMS 0x0000000086300000, 0x0000000086300000| Untracked 
|  80|0x0000000086400000, 0x0000000086500000, 0x0000000086500000|100%| O|  |TAMS 0x0000000086400000, 0x0000000086400000| Untracked 
|  81|0x0000000086500000, 0x0000000086600000, 0x0000000086600000|100%| O|  |TAMS 0x0000000086500000, 0x0000000086500000| Untracked 
|  82|0x0000000086600000, 0x0000000086700000, 0x0000000086700000|100%| O|  |TAMS 0x0000000086600000, 0x0000000086600000| Untracked 
|  83|0x0000000086700000, 0x0000000086800000, 0x0000000086800000|100%| O|  |TAMS 0x0000000086700000, 0x0000000086700000| Untracked 
|  84|0x0000000086800000, 0x0000000086900000, 0x0000000086900000|100%| O|  |TAMS 0x0000000086800000, 0x0000000086800000| Untracked 
|  85|0x0000000086900000, 0x0000000086a00000, 0x0000000086a00000|100%| O|  |TAMS 0x0000000086900000, 0x0000000086900000| Untracked 
|  86|0x0000000086a00000, 0x0000000086b00000, 0x0000000086b00000|100%| O|  |TAMS 0x0000000086a00000, 0x0000000086a00000| Untracked 
|  87|0x0000000086b00000, 0x0000000086c00000, 0x0000000086c00000|100%| O|  |TAMS 0x0000000086b00000, 0x0000000086b00000| Untracked 
|  88|0x0000000086c00000, 0x0000000086d00000, 0x0000000086d00000|100%| O|  |TAMS 0x0000000086c00000, 0x0000000086c00000| Untracked 
|  89|0x0000000086d00000, 0x0000000086e00000, 0x0000000086e00000|100%| O|  |TAMS 0x0000000086d00000, 0x0000000086d00000| Untracked 
|  90|0x0000000086e00000, 0x0000000086f00000, 0x0000000086f00000|100%| O|  |TAMS 0x0000000086e00000, 0x0000000086e00000| Untracked 
|  91|0x0000000086f00000, 0x0000000087000000, 0x0000000087000000|100%| O|  |TAMS 0x0000000086f00000, 0x0000000086f00000| Untracked 
|  92|0x0000000087000000, 0x0000000087100000, 0x0000000087100000|100%| O|  |TAMS 0x0000000087000000, 0x0000000087000000| Untracked 
|  93|0x0000000087100000, 0x0000000087200000, 0x0000000087200000|100%| O|  |TAMS 0x0000000087100000, 0x0000000087100000| Untracked 
|  94|0x0000000087200000, 0x0000000087300000, 0x0000000087300000|100%| O|  |TAMS 0x0000000087200000, 0x0000000087200000| Untracked 
|  95|0x0000000087300000, 0x0000000087400000, 0x0000000087400000|100%| O|  |TAMS 0x0000000087300000, 0x0000000087300000| Untracked 
|  96|0x0000000087400000, 0x0000000087500000, 0x0000000087500000|100%| O|  |TAMS 0x0000000087400000, 0x0000000087400000| Untracked 
|  97|0x0000000087500000, 0x0000000087600000, 0x0000000087600000|100%| O|  |TAMS 0x0000000087500000, 0x0000000087500000| Untracked 
|  98|0x0000000087600000, 0x0000000087700000, 0x0000000087700000|100%| O|  |TAMS 0x0000000087600000, 0x0000000087600000| Untracked 
|  99|0x0000000087700000, 0x0000000087800000, 0x0000000087800000|100%| O|  |TAMS 0x0000000087700000, 0x0000000087700000| Untracked 
| 100|0x0000000087800000, 0x0000000087900000, 0x0000000087900000|100%| O|  |TAMS 0x0000000087800000, 0x0000000087800000| Untracked 
| 101|0x0000000087900000, 0x0000000087a00000, 0x0000000087a00000|100%| O|  |TAMS 0x0000000087900000, 0x0000000087900000| Untracked 
| 102|0x0000000087a00000, 0x0000000087b00000, 0x0000000087b00000|100%| O|  |TAMS 0x0000000087a00000, 0x0000000087a00000| Untracked 
| 103|0x0000000087b00000, 0x0000000087c00000, 0x0000000087c00000|100%| O|  |TAMS 0x0000000087b00000, 0x0000000087b00000| Untracked 
| 104|0x0000000087c00000, 0x0000000087d00000, 0x0000000087d00000|100%| O|  |TAMS 0x0000000087c00000, 0x0000000087c00000| Untracked 
| 105|0x0000000087d00000, 0x0000000087e00000, 0x0000000087e00000|100%| O|  |TAMS 0x0000000087d00000, 0x0000000087d00000| Untracked 
| 106|0x0000000087e00000, 0x0000000087f00000, 0x0000000087f00000|100%| O|  |TAMS 0x0000000087e00000, 0x0000000087e00000| Untracked 
| 107|0x0000000087f00000, 0x0000000088000000, 0x0000000088000000|100%| O|  |TAMS 0x0000000087f00000, 0x0000000087f00000| Untracked 
| 108|0x0000000088000000, 0x0000000088100000, 0x0000000088100000|100%| O|  |TAMS 0x0000000088000000, 0x0000000088000000| Untracked 
| 109|0x0000000088100000, 0x0000000088200000, 0x0000000088200000|100%| O|  |TAMS 0x0000000088100000, 0x0000000088100000| Untracked 
| 110|0x0000000088200000, 0x0000000088256000, 0x0000000088300000| 33%| O|  |TAMS 0x0000000088200000, 0x0000000088200000| Untracked 
| 111|0x0000000088300000, 0x0000000088300000, 0x0000000088400000|  0%| F|  |TAMS 0x0000000088300000, 0x0000000088300000| Untracked 
| 112|0x0000000088400000, 0x0000000088400000, 0x0000000088500000|  0%| F|  |TAMS 0x0000000088400000, 0x0000000088400000| Untracked 
| 113|0x0000000088500000, 0x0000000088500000, 0x0000000088600000|  0%| F|  |TAMS 0x0000000088500000, 0x0000000088500000| Untracked 
| 114|0x0000000088600000, 0x0000000088600000, 0x0000000088700000|  0%| F|  |TAMS 0x0000000088600000, 0x0000000088600000| Untracked 
| 115|0x0000000088700000, 0x0000000088700000, 0x0000000088800000|  0%| F|  |TAMS 0x0000000088700000, 0x0000000088700000| Untracked 
| 116|0x0000000088800000, 0x0000000088800000, 0x0000000088900000|  0%| F|  |TAMS 0x0000000088800000, 0x0000000088800000| Untracked 
| 117|0x0000000088900000, 0x0000000088900000, 0x0000000088a00000|  0%| F|  |TAMS 0x0000000088900000, 0x0000000088900000| Untracked 
| 118|0x0000000088a00000, 0x0000000088a00000, 0x0000000088b00000|  0%| F|  |TAMS 0x0000000088a00000, 0x0000000088a00000| Untracked 
| 119|0x0000000088b00000, 0x0000000088b00000, 0x0000000088c00000|  0%| F|  |TAMS 0x0000000088b00000, 0x0000000088b00000| Untracked 
| 120|0x0000000088c00000, 0x0000000088c00000, 0x0000000088d00000|  0%| F|  |TAMS 0x0000000088c00000, 0x0000000088c00000| Untracked 
| 121|0x0000000088d00000, 0x0000000088d00000, 0x0000000088e00000|  0%| F|  |TAMS 0x0000000088d00000, 0x0000000088d00000| Untracked 
| 122|0x0000000088e00000, 0x0000000088e00000, 0x0000000088f00000|  0%| F|  |TAMS 0x0000000088e00000, 0x0000000088e00000| Untracked 
| 123|0x0000000088f00000, 0x0000000088f00000, 0x0000000089000000|  0%| F|  |TAMS 0x0000000088f00000, 0x0000000088f00000| Untracked 
| 124|0x0000000089000000, 0x0000000089000000, 0x0000000089100000|  0%| F|  |TAMS 0x0000000089000000, 0x0000000089000000| Untracked 
| 125|0x0000000089100000, 0x0000000089100000, 0x0000000089200000|  0%| F|  |TAMS 0x0000000089100000, 0x0000000089100000| Untracked 
| 126|0x0000000089200000, 0x0000000089200000, 0x0000000089300000|  0%| F|  |TAMS 0x0000000089200000, 0x0000000089200000| Untracked 
| 127|0x0000000089300000, 0x0000000089300000, 0x0000000089400000|  0%| F|  |TAMS 0x0000000089300000, 0x0000000089300000| Untracked 
| 128|0x0000000089400000, 0x0000000089400000, 0x0000000089500000|  0%| F|  |TAMS 0x0000000089400000, 0x0000000089400000| Untracked 
| 129|0x0000000089500000, 0x0000000089500000, 0x0000000089600000|  0%| F|  |TAMS 0x0000000089500000, 0x0000000089500000| Untracked 
| 130|0x0000000089600000, 0x0000000089600000, 0x0000000089700000|  0%| F|  |TAMS 0x0000000089600000, 0x0000000089600000| Untracked 
| 131|0x0000000089700000, 0x0000000089700000, 0x0000000089800000|  0%| F|  |TAMS 0x0000000089700000, 0x0000000089700000| Untracked 
| 132|0x0000000089800000, 0x0000000089800000, 0x0000000089900000|  0%| F|  |TAMS 0x0000000089800000, 0x0000000089800000| Untracked 
| 133|0x0000000089900000, 0x0000000089900000, 0x0000000089a00000|  0%| F|  |TAMS 0x0000000089900000, 0x0000000089900000| Untracked 
| 134|0x0000000089a00000, 0x0000000089a00000, 0x0000000089b00000|  0%| F|  |TAMS 0x0000000089a00000, 0x0000000089a00000| Untracked 
| 135|0x0000000089b00000, 0x0000000089b00000, 0x0000000089c00000|  0%| F|  |TAMS 0x0000000089b00000, 0x0000000089b00000| Untracked 
| 136|0x0000000089c00000, 0x0000000089c00000, 0x0000000089d00000|  0%| F|  |TAMS 0x0000000089c00000, 0x0000000089c00000| Untracked 
| 137|0x0000000089d00000, 0x0000000089d80000, 0x0000000089e00000| 50%| S|CS|TAMS 0x0000000089d00000, 0x0000000089d00000| Complete 
| 138|0x0000000089e00000, 0x0000000089f00000, 0x0000000089f00000|100%| S|CS|TAMS 0x0000000089e00000, 0x0000000089e00000| Complete 
| 139|0x0000000089f00000, 0x000000008a000000, 0x000000008a000000|100%| S|CS|TAMS 0x0000000089f00000, 0x0000000089f00000| Complete 
| 140|0x000000008a000000, 0x000000008a100000, 0x000000008a100000|100%| S|CS|TAMS 0x000000008a000000, 0x000000008a000000| Complete 
| 141|0x000000008a100000, 0x000000008a100000, 0x000000008a200000|  0%| F|  |TAMS 0x000000008a100000, 0x000000008a100000| Untracked 
| 142|0x000000008a200000, 0x000000008a300000, 0x000000008a300000|100%| S|CS|TAMS 0x000000008a200000, 0x000000008a200000| Complete 
| 143|0x000000008a300000, 0x000000008a400000, 0x000000008a400000|100%| S|CS|TAMS 0x000000008a300000, 0x000000008a300000| Complete 
| 144|0x000000008a400000, 0x000000008a500000, 0x000000008a500000|100%| S|CS|TAMS 0x000000008a400000, 0x000000008a400000| Complete 
| 145|0x000000008a500000, 0x000000008a600000, 0x000000008a600000|100%| S|CS|TAMS 0x000000008a500000, 0x000000008a500000| Complete 
| 146|0x000000008a600000, 0x000000008a600000, 0x000000008a700000|  0%| F|  |TAMS 0x000000008a600000, 0x000000008a600000| Untracked 
| 147|0x000000008a700000, 0x000000008a700000, 0x000000008a800000|  0%| F|  |TAMS 0x000000008a700000, 0x000000008a700000| Untracked 
| 148|0x000000008a800000, 0x000000008a800000, 0x000000008a900000|  0%| F|  |TAMS 0x000000008a800000, 0x000000008a800000| Untracked 
| 149|0x000000008a900000, 0x000000008a900000, 0x000000008aa00000|  0%| F|  |TAMS 0x000000008a900000, 0x000000008a900000| Untracked 
| 150|0x000000008aa00000, 0x000000008aa00000, 0x000000008ab00000|  0%| F|  |TAMS 0x000000008aa00000, 0x000000008aa00000| Untracked 
| 151|0x000000008ab00000, 0x000000008ab00000, 0x000000008ac00000|  0%| F|  |TAMS 0x000000008ab00000, 0x000000008ab00000| Untracked 
| 152|0x000000008ac00000, 0x000000008ac00000, 0x000000008ad00000|  0%| F|  |TAMS 0x000000008ac00000, 0x000000008ac00000| Untracked 
| 153|0x000000008ad00000, 0x000000008ad00000, 0x000000008ae00000|  0%| F|  |TAMS 0x000000008ad00000, 0x000000008ad00000| Untracked 
| 154|0x000000008ae00000, 0x000000008ae00000, 0x000000008af00000|  0%| F|  |TAMS 0x000000008ae00000, 0x000000008ae00000| Untracked 
| 155|0x000000008af00000, 0x000000008b000000, 0x000000008b000000|100%| S|CS|TAMS 0x000000008af00000, 0x000000008af00000| Complete 
| 156|0x000000008b000000, 0x000000008b100000, 0x000000008b100000|100%| S|CS|TAMS 0x000000008b000000, 0x000000008b000000| Complete 
| 157|0x000000008b100000, 0x000000008b100000, 0x000000008b200000|  0%| F|  |TAMS 0x000000008b100000, 0x000000008b100000| Untracked 
| 158|0x000000008b200000, 0x000000008b200000, 0x000000008b300000|  0%| F|  |TAMS 0x000000008b200000, 0x000000008b200000| Untracked 
| 159|0x000000008b300000, 0x000000008b300000, 0x000000008b400000|  0%| F|  |TAMS 0x000000008b300000, 0x000000008b300000| Untracked 
| 160|0x000000008b400000, 0x000000008b400000, 0x000000008b500000|  0%| F|  |TAMS 0x000000008b400000, 0x000000008b400000| Untracked 
| 161|0x000000008b500000, 0x000000008b600000, 0x000000008b600000|100%| S|CS|TAMS 0x000000008b500000, 0x000000008b500000| Complete 
| 162|0x000000008b600000, 0x000000008b700000, 0x000000008b700000|100%| S|CS|TAMS 0x000000008b600000, 0x000000008b600000| Complete 
| 163|0x000000008b700000, 0x000000008b800000, 0x000000008b800000|100%| S|CS|TAMS 0x000000008b700000, 0x000000008b700000| Complete 
| 164|0x000000008b800000, 0x000000008b800000, 0x000000008b900000|  0%| F|  |TAMS 0x000000008b800000, 0x000000008b800000| Untracked 
| 165|0x000000008b900000, 0x000000008b900000, 0x000000008ba00000|  0%| F|  |TAMS 0x000000008b900000, 0x000000008b900000| Untracked 
| 166|0x000000008ba00000, 0x000000008ba00000, 0x000000008bb00000|  0%| F|  |TAMS 0x000000008ba00000, 0x000000008ba00000| Untracked 
| 167|0x000000008bb00000, 0x000000008bb00000, 0x000000008bc00000|  0%| F|  |TAMS 0x000000008bb00000, 0x000000008bb00000| Untracked 
| 168|0x000000008bc00000, 0x000000008bc00000, 0x000000008bd00000|  0%| F|  |TAMS 0x000000008bc00000, 0x000000008bc00000| Untracked 
| 169|0x000000008bd00000, 0x000000008bd00000, 0x000000008be00000|  0%| F|  |TAMS 0x000000008bd00000, 0x000000008bd00000| Untracked 
| 170|0x000000008be00000, 0x000000008be00000, 0x000000008bf00000|  0%| F|  |TAMS 0x000000008be00000, 0x000000008be00000| Untracked 
| 171|0x000000008bf00000, 0x000000008bf00000, 0x000000008c000000|  0%| F|  |TAMS 0x000000008bf00000, 0x000000008bf00000| Untracked 
| 172|0x000000008c000000, 0x000000008c000000, 0x000000008c100000|  0%| F|  |TAMS 0x000000008c000000, 0x000000008c000000| Untracked 
| 173|0x000000008c100000, 0x000000008c100000, 0x000000008c200000|  0%| F|  |TAMS 0x000000008c100000, 0x000000008c100000| Untracked 
| 174|0x000000008c200000, 0x000000008c200000, 0x000000008c300000|  0%| F|  |TAMS 0x000000008c200000, 0x000000008c200000| Untracked 
| 175|0x000000008c300000, 0x000000008c300000, 0x000000008c400000|  0%| F|  |TAMS 0x000000008c300000, 0x000000008c300000| Untracked 
| 176|0x000000008c400000, 0x000000008c400000, 0x000000008c500000|  0%| F|  |TAMS 0x000000008c400000, 0x000000008c400000| Untracked 
| 177|0x000000008c500000, 0x000000008c500000, 0x000000008c600000|  0%| F|  |TAMS 0x000000008c500000, 0x000000008c500000| Untracked 
| 178|0x000000008c600000, 0x000000008c600000, 0x000000008c700000|  0%| F|  |TAMS 0x000000008c600000, 0x000000008c600000| Untracked 
| 179|0x000000008c700000, 0x000000008c700000, 0x000000008c800000|  0%| F|  |TAMS 0x000000008c700000, 0x000000008c700000| Untracked 
| 180|0x000000008c800000, 0x000000008c800000, 0x000000008c900000|  0%| F|  |TAMS 0x000000008c800000, 0x000000008c800000| Untracked 
| 181|0x000000008c900000, 0x000000008c900000, 0x000000008ca00000|  0%| F|  |TAMS 0x000000008c900000, 0x000000008c900000| Untracked 
| 182|0x000000008ca00000, 0x000000008ca00000, 0x000000008cb00000|  0%| F|  |TAMS 0x000000008ca00000, 0x000000008ca00000| Untracked 
| 183|0x000000008cb00000, 0x000000008cb00000, 0x000000008cc00000|  0%| F|  |TAMS 0x000000008cb00000, 0x000000008cb00000| Untracked 
| 184|0x000000008cc00000, 0x000000008cc00000, 0x000000008cd00000|  0%| F|  |TAMS 0x000000008cc00000, 0x000000008cc00000| Untracked 
| 185|0x000000008cd00000, 0x000000008cd00000, 0x000000008ce00000|  0%| F|  |TAMS 0x000000008cd00000, 0x000000008cd00000| Untracked 
| 186|0x000000008ce00000, 0x000000008ce00000, 0x000000008cf00000|  0%| F|  |TAMS 0x000000008ce00000, 0x000000008ce00000| Untracked 
| 187|0x000000008cf00000, 0x000000008cf00000, 0x000000008d000000|  0%| F|  |TAMS 0x000000008cf00000, 0x000000008cf00000| Untracked 
| 188|0x000000008d000000, 0x000000008d000000, 0x000000008d100000|  0%| F|  |TAMS 0x000000008d000000, 0x000000008d000000| Untracked 
| 189|0x000000008d100000, 0x000000008d100000, 0x000000008d200000|  0%| F|  |TAMS 0x000000008d100000, 0x000000008d100000| Untracked 
| 190|0x000000008d200000, 0x000000008d200000, 0x000000008d300000|  0%| F|  |TAMS 0x000000008d200000, 0x000000008d200000| Untracked 
| 191|0x000000008d300000, 0x000000008d300000, 0x000000008d400000|  0%| F|  |TAMS 0x000000008d300000, 0x000000008d300000| Untracked 
| 192|0x000000008d400000, 0x000000008d400000, 0x000000008d500000|  0%| F|  |TAMS 0x000000008d400000, 0x000000008d400000| Untracked 
| 193|0x000000008d500000, 0x000000008d500000, 0x000000008d600000|  0%| F|  |TAMS 0x000000008d500000, 0x000000008d500000| Untracked 
| 194|0x000000008d600000, 0x000000008d600000, 0x000000008d700000|  0%| F|  |TAMS 0x000000008d600000, 0x000000008d600000| Untracked 
| 195|0x000000008d700000, 0x000000008d700000, 0x000000008d800000|  0%| F|  |TAMS 0x000000008d700000, 0x000000008d700000| Untracked 
| 196|0x000000008d800000, 0x000000008d800000, 0x000000008d900000|  0%| F|  |TAMS 0x000000008d800000, 0x000000008d800000| Untracked 
| 197|0x000000008d900000, 0x000000008d900000, 0x000000008da00000|  0%| F|  |TAMS 0x000000008d900000, 0x000000008d900000| Untracked 
| 198|0x000000008da00000, 0x000000008da00000, 0x000000008db00000|  0%| F|  |TAMS 0x000000008da00000, 0x000000008da00000| Untracked 
| 199|0x000000008db00000, 0x000000008db00000, 0x000000008dc00000|  0%| F|  |TAMS 0x000000008db00000, 0x000000008db00000| Untracked 
| 200|0x000000008dc00000, 0x000000008dc00000, 0x000000008dd00000|  0%| F|  |TAMS 0x000000008dc00000, 0x000000008dc00000| Untracked 
| 201|0x000000008dd00000, 0x000000008dd00000, 0x000000008de00000|  0%| F|  |TAMS 0x000000008dd00000, 0x000000008dd00000| Untracked 
| 202|0x000000008de00000, 0x000000008de00000, 0x000000008df00000|  0%| F|  |TAMS 0x000000008de00000, 0x000000008de00000| Untracked 
| 203|0x000000008df00000, 0x000000008df00000, 0x000000008e000000|  0%| F|  |TAMS 0x000000008df00000, 0x000000008df00000| Untracked 
| 204|0x000000008e000000, 0x000000008e000000, 0x000000008e100000|  0%| F|  |TAMS 0x000000008e000000, 0x000000008e000000| Untracked 
| 205|0x000000008e100000, 0x000000008e100000, 0x000000008e200000|  0%| F|  |TAMS 0x000000008e100000, 0x000000008e100000| Untracked 
| 206|0x000000008e200000, 0x000000008e200000, 0x000000008e300000|  0%| F|  |TAMS 0x000000008e200000, 0x000000008e200000| Untracked 
| 207|0x000000008e300000, 0x000000008e300000, 0x000000008e400000|  0%| F|  |TAMS 0x000000008e300000, 0x000000008e300000| Untracked 
| 208|0x000000008e400000, 0x000000008e400000, 0x000000008e500000|  0%| F|  |TAMS 0x000000008e400000, 0x000000008e400000| Untracked 
| 209|0x000000008e500000, 0x000000008e500000, 0x000000008e600000|  0%| F|  |TAMS 0x000000008e500000, 0x000000008e500000| Untracked 
| 210|0x000000008e600000, 0x000000008e600000, 0x000000008e700000|  0%| F|  |TAMS 0x000000008e600000, 0x000000008e600000| Untracked 
| 211|0x000000008e700000, 0x000000008e700000, 0x000000008e800000|  0%| F|  |TAMS 0x000000008e700000, 0x000000008e700000| Untracked 
| 212|0x000000008e800000, 0x000000008e800000, 0x000000008e900000|  0%| F|  |TAMS 0x000000008e800000, 0x000000008e800000| Untracked 
| 213|0x000000008e900000, 0x000000008e900000, 0x000000008ea00000|  0%| F|  |TAMS 0x000000008e900000, 0x000000008e900000| Untracked 
| 214|0x000000008ea00000, 0x000000008ea00000, 0x000000008eb00000|  0%| F|  |TAMS 0x000000008ea00000, 0x000000008ea00000| Untracked 
| 215|0x000000008eb00000, 0x000000008ec00000, 0x000000008ec00000|100%| E|  |TAMS 0x000000008eb00000, 0x000000008eb00000| Complete 
| 216|0x000000008ec00000, 0x000000008ed00000, 0x000000008ed00000|100%| E|  |TAMS 0x000000008ec00000, 0x000000008ec00000| Complete 
| 217|0x000000008ed00000, 0x000000008ee00000, 0x000000008ee00000|100%| E|CS|TAMS 0x000000008ed00000, 0x000000008ed00000| Complete 
| 218|0x000000008ee00000, 0x000000008ef00000, 0x000000008ef00000|100%| E|CS|TAMS 0x000000008ee00000, 0x000000008ee00000| Complete 
| 219|0x000000008ef00000, 0x000000008f000000, 0x000000008f000000|100%| E|CS|TAMS 0x000000008ef00000, 0x000000008ef00000| Complete 
| 220|0x000000008f000000, 0x000000008f100000, 0x000000008f100000|100%| E|CS|TAMS 0x000000008f000000, 0x000000008f000000| Complete 
| 221|0x000000008f100000, 0x000000008f200000, 0x000000008f200000|100%| E|CS|TAMS 0x000000008f100000, 0x000000008f100000| Complete 
| 222|0x000000008f200000, 0x000000008f300000, 0x000000008f300000|100%| E|CS|TAMS 0x000000008f200000, 0x000000008f200000| Complete 
| 223|0x000000008f300000, 0x000000008f400000, 0x000000008f400000|100%| E|CS|TAMS 0x000000008f300000, 0x000000008f300000| Complete 
| 224|0x000000008f400000, 0x000000008f500000, 0x000000008f500000|100%| E|CS|TAMS 0x000000008f400000, 0x000000008f400000| Complete 
| 225|0x000000008f500000, 0x000000008f600000, 0x000000008f600000|100%| E|CS|TAMS 0x000000008f500000, 0x000000008f500000| Complete 
| 226|0x000000008f600000, 0x000000008f700000, 0x000000008f700000|100%| E|CS|TAMS 0x000000008f600000, 0x000000008f600000| Complete 
| 227|0x000000008f700000, 0x000000008f800000, 0x000000008f800000|100%| E|CS|TAMS 0x000000008f700000, 0x000000008f700000| Complete 
| 228|0x000000008f800000, 0x000000008f900000, 0x000000008f900000|100%| E|CS|TAMS 0x000000008f800000, 0x000000008f800000| Complete 
| 229|0x000000008f900000, 0x000000008fa00000, 0x000000008fa00000|100%| E|CS|TAMS 0x000000008f900000, 0x000000008f900000| Complete 
| 230|0x000000008fa00000, 0x000000008fb00000, 0x000000008fb00000|100%| E|CS|TAMS 0x000000008fa00000, 0x000000008fa00000| Complete 
| 231|0x000000008fb00000, 0x000000008fc00000, 0x000000008fc00000|100%| E|CS|TAMS 0x000000008fb00000, 0x000000008fb00000| Complete 
| 232|0x000000008fc00000, 0x000000008fd00000, 0x000000008fd00000|100%| E|CS|TAMS 0x000000008fc00000, 0x000000008fc00000| Complete 
| 233|0x000000008fd00000, 0x000000008fe00000, 0x000000008fe00000|100%| E|CS|TAMS 0x000000008fd00000, 0x000000008fd00000| Complete 
| 234|0x000000008fe00000, 0x000000008ff00000, 0x000000008ff00000|100%| E|CS|TAMS 0x000000008fe00000, 0x000000008fe00000| Complete 
| 235|0x000000008ff00000, 0x0000000090000000, 0x0000000090000000|100%| E|CS|TAMS 0x000000008ff00000, 0x000000008ff00000| Complete 
| 236|0x0000000090000000, 0x0000000090100000, 0x0000000090100000|100%| E|CS|TAMS 0x0000000090000000, 0x0000000090000000| Complete 
| 237|0x0000000090100000, 0x0000000090200000, 0x0000000090200000|100%| E|CS|TAMS 0x0000000090100000, 0x0000000090100000| Complete 
| 238|0x0000000090200000, 0x0000000090300000, 0x0000000090300000|100%| E|CS|TAMS 0x0000000090200000, 0x0000000090200000| Complete 
| 239|0x0000000090300000, 0x0000000090400000, 0x0000000090400000|100%| E|CS|TAMS 0x0000000090300000, 0x0000000090300000| Complete 
| 240|0x0000000090400000, 0x0000000090500000, 0x0000000090500000|100%| E|CS|TAMS 0x0000000090400000, 0x0000000090400000| Complete 
| 241|0x0000000090500000, 0x0000000090600000, 0x0000000090600000|100%| E|CS|TAMS 0x0000000090500000, 0x0000000090500000| Complete 
| 242|0x0000000090600000, 0x0000000090700000, 0x0000000090700000|100%| E|CS|TAMS 0x0000000090600000, 0x0000000090600000| Complete 
| 243|0x0000000090700000, 0x0000000090800000, 0x0000000090800000|100%| E|CS|TAMS 0x0000000090700000, 0x0000000090700000| Complete 
| 244|0x0000000090800000, 0x0000000090900000, 0x0000000090900000|100%| E|CS|TAMS 0x0000000090800000, 0x0000000090800000| Complete 
| 245|0x0000000090900000, 0x0000000090a00000, 0x0000000090a00000|100%| E|CS|TAMS 0x0000000090900000, 0x0000000090900000| Complete 
| 246|0x0000000090a00000, 0x0000000090b00000, 0x0000000090b00000|100%| E|CS|TAMS 0x0000000090a00000, 0x0000000090a00000| Complete 
| 247|0x0000000090b00000, 0x0000000090c00000, 0x0000000090c00000|100%| E|CS|TAMS 0x0000000090b00000, 0x0000000090b00000| Complete 
| 248|0x0000000090c00000, 0x0000000090d00000, 0x0000000090d00000|100%| E|CS|TAMS 0x0000000090c00000, 0x0000000090c00000| Complete 
| 249|0x0000000090d00000, 0x0000000090e00000, 0x0000000090e00000|100%| E|CS|TAMS 0x0000000090d00000, 0x0000000090d00000| Complete 
| 250|0x0000000090e00000, 0x0000000090f00000, 0x0000000090f00000|100%| E|CS|TAMS 0x0000000090e00000, 0x0000000090e00000| Complete 
| 251|0x0000000090f00000, 0x0000000091000000, 0x0000000091000000|100%| E|CS|TAMS 0x0000000090f00000, 0x0000000090f00000| Complete 
| 252|0x0000000091000000, 0x0000000091100000, 0x0000000091100000|100%| E|CS|TAMS 0x0000000091000000, 0x0000000091000000| Complete 
| 253|0x0000000091100000, 0x0000000091200000, 0x0000000091200000|100%| E|CS|TAMS 0x0000000091100000, 0x0000000091100000| Complete 
| 254|0x0000000091200000, 0x0000000091300000, 0x0000000091300000|100%| E|CS|TAMS 0x0000000091200000, 0x0000000091200000| Complete 
| 255|0x0000000091300000, 0x0000000091400000, 0x0000000091400000|100%| E|CS|TAMS 0x0000000091300000, 0x0000000091300000| Complete 
| 256|0x0000000091400000, 0x0000000091500000, 0x0000000091500000|100%| E|CS|TAMS 0x0000000091400000, 0x0000000091400000| Complete 
| 257|0x0000000091500000, 0x0000000091600000, 0x0000000091600000|100%| E|CS|TAMS 0x0000000091500000, 0x0000000091500000| Complete 
| 258|0x0000000091600000, 0x0000000091700000, 0x0000000091700000|100%| E|CS|TAMS 0x0000000091600000, 0x0000000091600000| Complete 
| 259|0x0000000091700000, 0x0000000091800000, 0x0000000091800000|100%| E|CS|TAMS 0x0000000091700000, 0x0000000091700000| Complete 
| 260|0x0000000091800000, 0x0000000091900000, 0x0000000091900000|100%| E|CS|TAMS 0x0000000091800000, 0x0000000091800000| Complete 
| 261|0x0000000091900000, 0x0000000091a00000, 0x0000000091a00000|100%| E|CS|TAMS 0x0000000091900000, 0x0000000091900000| Complete 
| 262|0x0000000091a00000, 0x0000000091b00000, 0x0000000091b00000|100%| E|CS|TAMS 0x0000000091a00000, 0x0000000091a00000| Complete 
| 263|0x0000000091b00000, 0x0000000091c00000, 0x0000000091c00000|100%| E|CS|TAMS 0x0000000091b00000, 0x0000000091b00000| Complete 
| 264|0x0000000091c00000, 0x0000000091d00000, 0x0000000091d00000|100%| E|CS|TAMS 0x0000000091c00000, 0x0000000091c00000| Complete 
| 265|0x0000000091d00000, 0x0000000091e00000, 0x0000000091e00000|100%| E|CS|TAMS 0x0000000091d00000, 0x0000000091d00000| Complete 
| 266|0x0000000091e00000, 0x0000000091f00000, 0x0000000091f00000|100%| E|CS|TAMS 0x0000000091e00000, 0x0000000091e00000| Complete 
| 267|0x0000000091f00000, 0x0000000092000000, 0x0000000092000000|100%| E|CS|TAMS 0x0000000091f00000, 0x0000000091f00000| Complete 
| 268|0x0000000092000000, 0x0000000092100000, 0x0000000092100000|100%| E|CS|TAMS 0x0000000092000000, 0x0000000092000000| Complete 
| 269|0x0000000092100000, 0x0000000092200000, 0x0000000092200000|100%| E|CS|TAMS 0x0000000092100000, 0x0000000092100000| Complete 
| 270|0x0000000092200000, 0x0000000092300000, 0x0000000092300000|100%| E|CS|TAMS 0x0000000092200000, 0x0000000092200000| Complete 
| 271|0x0000000092300000, 0x0000000092400000, 0x0000000092400000|100%| E|CS|TAMS 0x0000000092300000, 0x0000000092300000| Complete 
| 272|0x0000000092400000, 0x0000000092500000, 0x0000000092500000|100%| E|CS|TAMS 0x0000000092400000, 0x0000000092400000| Complete 
| 273|0x0000000092500000, 0x0000000092600000, 0x0000000092600000|100%| E|CS|TAMS 0x0000000092500000, 0x0000000092500000| Complete 
| 274|0x0000000092600000, 0x0000000092700000, 0x0000000092700000|100%| E|CS|TAMS 0x0000000092600000, 0x0000000092600000| Complete 
| 275|0x0000000092700000, 0x0000000092800000, 0x0000000092800000|100%| E|CS|TAMS 0x0000000092700000, 0x0000000092700000| Complete 
| 276|0x0000000092800000, 0x0000000092900000, 0x0000000092900000|100%| E|CS|TAMS 0x0000000092800000, 0x0000000092800000| Complete 
| 277|0x0000000092900000, 0x0000000092a00000, 0x0000000092a00000|100%| E|CS|TAMS 0x0000000092900000, 0x0000000092900000| Complete 
| 278|0x0000000092a00000, 0x0000000092b00000, 0x0000000092b00000|100%| E|CS|TAMS 0x0000000092a00000, 0x0000000092a00000| Complete 
| 279|0x0000000092b00000, 0x0000000092c00000, 0x0000000092c00000|100%| E|CS|TAMS 0x0000000092b00000, 0x0000000092b00000| Complete 
| 280|0x0000000092c00000, 0x0000000092d00000, 0x0000000092d00000|100%| E|CS|TAMS 0x0000000092c00000, 0x0000000092c00000| Complete 
| 281|0x0000000092d00000, 0x0000000092e00000, 0x0000000092e00000|100%| E|CS|TAMS 0x0000000092d00000, 0x0000000092d00000| Complete 
| 282|0x0000000092e00000, 0x0000000092f00000, 0x0000000092f00000|100%| E|CS|TAMS 0x0000000092e00000, 0x0000000092e00000| Complete 
| 283|0x0000000092f00000, 0x0000000093000000, 0x0000000093000000|100%| E|CS|TAMS 0x0000000092f00000, 0x0000000092f00000| Complete 
| 284|0x0000000093000000, 0x0000000093100000, 0x0000000093100000|100%| E|CS|TAMS 0x0000000093000000, 0x0000000093000000| Complete 
| 285|0x0000000093100000, 0x0000000093200000, 0x0000000093200000|100%| E|CS|TAMS 0x0000000093100000, 0x0000000093100000| Complete 
| 286|0x0000000093200000, 0x0000000093300000, 0x0000000093300000|100%| E|CS|TAMS 0x0000000093200000, 0x0000000093200000| Complete 
| 287|0x0000000093300000, 0x0000000093400000, 0x0000000093400000|100%| E|CS|TAMS 0x0000000093300000, 0x0000000093300000| Complete 
| 288|0x0000000093400000, 0x0000000093500000, 0x0000000093500000|100%| E|CS|TAMS 0x0000000093400000, 0x0000000093400000| Complete 
| 289|0x0000000093500000, 0x0000000093600000, 0x0000000093600000|100%| E|CS|TAMS 0x0000000093500000, 0x0000000093500000| Complete 
| 290|0x0000000093600000, 0x0000000093700000, 0x0000000093700000|100%| E|CS|TAMS 0x0000000093600000, 0x0000000093600000| Complete 
| 291|0x0000000093700000, 0x0000000093800000, 0x0000000093800000|100%| E|CS|TAMS 0x0000000093700000, 0x0000000093700000| Complete 
| 292|0x0000000093800000, 0x0000000093900000, 0x0000000093900000|100%| E|CS|TAMS 0x0000000093800000, 0x0000000093800000| Complete 
| 293|0x0000000093900000, 0x0000000093a00000, 0x0000000093a00000|100%| E|CS|TAMS 0x0000000093900000, 0x0000000093900000| Complete 
| 294|0x0000000093a00000, 0x0000000093b00000, 0x0000000093b00000|100%| E|CS|TAMS 0x0000000093a00000, 0x0000000093a00000| Complete 
| 295|0x0000000093b00000, 0x0000000093c00000, 0x0000000093c00000|100%| E|CS|TAMS 0x0000000093b00000, 0x0000000093b00000| Complete 
| 296|0x0000000093c00000, 0x0000000093d00000, 0x0000000093d00000|100%| E|CS|TAMS 0x0000000093c00000, 0x0000000093c00000| Complete 
| 297|0x0000000093d00000, 0x0000000093e00000, 0x0000000093e00000|100%| E|CS|TAMS 0x0000000093d00000, 0x0000000093d00000| Complete 

Card table byte_map: [0x0000000cfe630000,0x0000000cfea30000] _byte_map_base: 0x0000000cfe226000

Marking Bits (Prev, Next): (CMBitMap*) 0x0000000cf7c00840, (CMBitMap*) 0x0000000cf7c00800
 Prev Bits: [0x0000000c81fb0000, 0x0000000c83f60000)
 Next Bits: [0x0000000c80000000, 0x0000000c81fb0000)

Polling page: 0x0000000cf5910000

Metaspace:

Usage:
  Non-class:     84.77 MB used.
      Class:     11.41 MB used.
       Both:     96.18 MB used.

Virtual space:
  Non-class space:      128.00 MB reserved,      85.13 MB ( 67%) committed,  2 nodes.
      Class space:        1.00 GB reserved,      11.75 MB (  1%) committed,  1 nodes.
             Both:        1.13 GB reserved,      96.88 MB (  8%) committed. 

Chunk freelists:
   Non-Class:  2.03 MB
       Class:  258.00 KB
        Both:  2.28 MB

MaxMetaspaceSize: unlimited
CompressedClassSpaceSize: 1.00 GB
Initial GC threshold: 21.00 MB
Current GC threshold: 100.56 MB
CDS: off
MetaspaceReclaimPolicy: balanced
 - commit_granule_bytes: 65536.
 - commit_granule_words: 8192.
 - virtual_space_node_default_size: 8388608.
 - enlarge_chunks_in_place: 1.
 - new_chunks_are_fully_committed: 0.
 - uncommit_free_chunks: 1.
 - use_allocation_guard: 0.


Internal statistics:

num_allocs_failed_limit: 15.
num_arena_births: 1232.
num_arena_deaths: 0.
num_vsnodes_births: 3.
num_vsnodes_deaths: 0.
num_space_committed: 1550.
num_space_uncommitted: 0.
num_chunks_returned_to_freelist: 15.
num_chunks_taken_from_freelist: 4692.
num_chunk_merges: 12.
num_chunk_splits: 3325.
num_chunks_enlarged: 2583.
num_inconsistent_stats: 0.

CodeCache: size=49152Kb used=23533Kb max_used=24542Kb free=25618Kb
 bounds [0x0000000cfb230000, 0x0000000cfca90000, 0x0000000cfe230000]
 total_blobs=13112 nmethods=12420 adapters=618
 compilation: enabled
              stopped_count=0, restarted_count=0
 full_count=0

Compilation events (20 events):
Event: 437.798 Thread 0x0000000c8edffcc0 12544       1       java.text.ParsePosition::setIndex (6 bytes)
Event: 437.798 Thread 0x0000000c8a03b6a0 12545       1       java.text.ParsePosition::getErrorIndex (5 bytes)
Event: 437.798 Thread 0x0000000c8edffcc0 nmethod 12544 0x0000000cfc446e10 code [0x0000000cfc446fa0, 0x0000000cfc447078]
Event: 437.798 Thread 0x0000000c8a03b6a0 nmethod 12545 0x0000000cfc446b10 code [0x0000000cfc446ca0, 0x0000000cfc446d78]
Event: 437.798 Thread 0x0000000c8edffcc0 12546       1       java.util.Calendar::getSetStateFields (36 bytes)
Event: 437.799 Thread 0x0000000c8edffcc0 nmethod 12546 0x0000000cfc446790 code [0x0000000cfc446920, 0x0000000cfc446a58]
Event: 447.705 Thread 0x0000000c8a03b6a0 12547       1       java.nio.channels.spi.AbstractSelector::begin (48 bytes)
Event: 447.707 Thread 0x0000000c8a03b6a0 nmethod 12547 0x0000000cfc445b90 code [0x0000000cfc445d60, 0x0000000cfc446148]
Event: 452.794 Thread 0x0000000c8a03b6a0 12549       1       com.fasterxml.jackson.core.json.JsonWriteContext::setCurrentValue (6 bytes)
Event: 452.795 Thread 0x0000000c8a03b6a0 nmethod 12549 0x0000000cfc445890 code [0x0000000cfc445a20, 0x0000000cfc445b38]
Event: 452.795 Thread 0x0000000c8a03b6a0 12550       1       com.fasterxml.jackson.databind.jsontype.impl.AsPropertyTypeSerializer::getPropertyName (5 bytes)
Event: 452.796 Thread 0x0000000c8a03b6a0 nmethod 12550 0x0000000cfc445590 code [0x0000000cfc445720, 0x0000000cfc4457f8]
Event: 452.796 Thread 0x0000000c8a03b6a0 12551       1       com.fasterxml.jackson.core.JsonGenerator::canWriteTypeId (2 bytes)
Event: 452.796 Thread 0x0000000c8a03b6a0 nmethod 12551 0x0000000cfc445290 code [0x0000000cfc445420, 0x0000000cfc4454f8]
Event: 452.796 Thread 0x0000000c8a03b6a0 12552       1       com.fasterxml.jackson.core.JsonParser::canReadTypeId (2 bytes)
Event: 452.797 Thread 0x0000000c8a03b6a0 nmethod 12552 0x0000000cfc444f90 code [0x0000000cfc445120, 0x0000000cfc4451f8]
Event: 479.934 Thread 0x0000000c8a03b6a0 12553   !   1       org.apache.catalina.core.ContainerBase::findChildren (42 bytes)
Event: 479.935 Thread 0x0000000c8a03b6a0 nmethod 12553 0x0000000cfc444890 code [0x0000000cfc444a60, 0x0000000cfc444d98]
Event: 482.794 Thread 0x0000000c8a03b6a0 12554       1       com.fasterxml.jackson.core.base.ParserBase::setCurrentValue (9 bytes)
Event: 482.794 Thread 0x0000000c8a03b6a0 nmethod 12554 0x0000000cfc444510 code [0x0000000cfc4446a0, 0x0000000cfc4447b8]

GC Heap History (20 events):
Event: 48.378 GC heap before
{Heap before GC invocations=39 (full 0):
 garbage-first heap   total 253952K, used 214705K [0x0000000081400000, 0x0000000100000000)
  region size 1024K, 145 young (148480K), 12 survivors (12288K)
 Metaspace       used 77873K, committed 78400K, reserved 1179648K
  class space    used 9272K, committed 9536K, reserved 1048576K
}
Event: 48.429 GC heap after
{Heap after GC invocations=40 (full 0):
 garbage-first heap   total 253952K, used 82884K [0x0000000081400000, 0x0000000100000000)
  region size 1024K, 12 young (12288K), 12 survivors (12288K)
 Metaspace       used 77873K, committed 78400K, reserved 1179648K
  class space    used 9272K, committed 9536K, reserved 1048576K
}
Event: 50.233 GC heap before
{Heap before GC invocations=40 (full 0):
 garbage-first heap   total 253952K, used 214980K [0x0000000081400000, 0x0000000100000000)
  region size 1024K, 141 young (144384K), 12 survivors (12288K)
 Metaspace       used 78534K, committed 79104K, reserved 1179648K
  class space    used 9314K, committed 9600K, reserved 1048576K
}
Event: 50.265 GC heap after
{Heap after GC invocations=41 (full 0):
 garbage-first heap   total 253952K, used 86857K [0x0000000081400000, 0x0000000100000000)
  region size 1024K, 12 young (12288K), 12 survivors (12288K)
 Metaspace       used 78534K, committed 79104K, reserved 1179648K
  class space    used 9314K, committed 9600K, reserved 1048576K
}
Event: 52.699 GC heap before
{Heap before GC invocations=41 (full 0):
 garbage-first heap   total 253952K, used 215881K [0x0000000081400000, 0x0000000100000000)
  region size 1024K, 138 young (141312K), 12 survivors (12288K)
 Metaspace       used 79594K, committed 80128K, reserved 1179648K
  class space    used 9376K, committed 9664K, reserved 1048576K
}
Event: 52.748 GC heap after
{Heap after GC invocations=42 (full 0):
 garbage-first heap   total 253952K, used 90441K [0x0000000081400000, 0x0000000100000000)
  region size 1024K, 12 young (12288K), 12 survivors (12288K)
 Metaspace       used 79594K, committed 80128K, reserved 1179648K
  class space    used 9376K, committed 9664K, reserved 1048576K
}
Event: 55.205 GC heap before
{Heap before GC invocations=42 (full 0):
 garbage-first heap   total 253952K, used 215369K [0x0000000081400000, 0x0000000100000000)
  region size 1024K, 134 young (137216K), 12 survivors (12288K)
 Metaspace       used 82374K, committed 82944K, reserved 1179648K
  class space    used 9643K, committed 9920K, reserved 1048576K
}
Event: 55.272 GC heap after
{Heap after GC invocations=43 (full 0):
 garbage-first heap   total 305152K, used 95199K [0x0000000081400000, 0x0000000100000000)
  region size 1024K, 12 young (12288K), 12 survivors (12288K)
 Metaspace       used 82374K, committed 82944K, reserved 1179648K
  class space    used 9643K, committed 9920K, reserved 1048576K
}
Event: 58.753 GC heap before
{Heap before GC invocations=43 (full 0):
 garbage-first heap   total 305152K, used 254943K [0x0000000081400000, 0x0000000100000000)
  region size 1024K, 168 young (172032K), 12 survivors (12288K)
 Metaspace       used 85306K, committed 85952K, reserved 1179648K
  class space    used 9892K, committed 10240K, reserved 1048576K
}
Event: 58.799 GC heap after
{Heap after GC invocations=44 (full 0):
 garbage-first heap   total 305152K, used 100742K [0x0000000081400000, 0x0000000100000000)
  region size 1024K, 14 young (14336K), 14 survivors (14336K)
 Metaspace       used 85306K, committed 85952K, reserved 1179648K
  class space    used 9892K, committed 10240K, reserved 1048576K
}
Event: 62.250 GC heap before
{Heap before GC invocations=44 (full 0):
 garbage-first heap   total 305152K, used 256390K [0x0000000081400000, 0x0000000100000000)
  region size 1024K, 166 young (169984K), 14 survivors (14336K)
 Metaspace       used 90113K, committed 90816K, reserved 1179648K
  class space    used 10587K, committed 10944K, reserved 1048576K
}
Event: 62.287 GC heap after
{Heap after GC invocations=45 (full 0):
 garbage-first heap   total 305152K, used 108178K [0x0000000081400000, 0x0000000100000000)
  region size 1024K, 18 young (18432K), 18 survivors (18432K)
 Metaspace       used 90113K, committed 90816K, reserved 1179648K
  class space    used 10587K, committed 10944K, reserved 1048576K
}
Event: 63.349 GC heap before
{Heap before GC invocations=45 (full 0):
 garbage-first heap   total 305152K, used 253586K [0x0000000081400000, 0x0000000100000000)
  region size 1024K, 161 young (164864K), 18 survivors (18432K)
 Metaspace       used 92029K, committed 92736K, reserved 1179648K
  class space    used 10801K, committed 11136K, reserved 1048576K
}
Event: 63.381 GC heap after
{Heap after GC invocations=46 (full 0):
 garbage-first heap   total 305152K, used 112790K [0x0000000081400000, 0x0000000100000000)
  region size 1024K, 12 young (12288K), 12 survivors (12288K)
 Metaspace       used 92029K, committed 92736K, reserved 1179648K
  class space    used 10801K, committed 11136K, reserved 1048576K
}
Event: 65.225 GC heap before
{Heap before GC invocations=46 (full 0):
 garbage-first heap   total 305152K, used 257174K [0x0000000081400000, 0x0000000100000000)
  region size 1024K, 153 young (156672K), 12 survivors (12288K)
 Metaspace       used 94182K, committed 94912K, reserved 1179648K
  class space    used 11172K, committed 11520K, reserved 1048576K
}
Event: 65.249 GC heap after
{Heap after GC invocations=47 (full 0):
 garbage-first heap   total 305152K, used 118143K [0x0000000081400000, 0x0000000100000000)
  region size 1024K, 10 young (10240K), 10 survivors (10240K)
 Metaspace       used 94182K, committed 94912K, reserved 1179648K
  class space    used 11172K, committed 11520K, reserved 1048576K
}
Event: 66.529 GC heap before
{Heap before GC invocations=47 (full 0):
 garbage-first heap   total 305152K, used 258431K [0x0000000081400000, 0x0000000100000000)
  region size 1024K, 147 young (150528K), 10 survivors (10240K)
 Metaspace       used 94498K, committed 95232K, reserved 1179648K
  class space    used 11201K, committed 11584K, reserved 1048576K
}
Event: 66.547 GC heap after
{Heap after GC invocations=48 (full 0):
 garbage-first heap   total 305152K, used 122223K [0x0000000081400000, 0x0000000100000000)
  region size 1024K, 14 young (14336K), 14 survivors (14336K)
 Metaspace       used 94498K, committed 95232K, reserved 1179648K
  class space    used 11201K, committed 11584K, reserved 1048576K
}
Event: 67.427 GC heap before
{Heap before GC invocations=48 (full 0):
 garbage-first heap   total 305152K, used 259439K [0x0000000081400000, 0x0000000100000000)
  region size 1024K, 148 young (151552K), 14 survivors (14336K)
 Metaspace       used 94699K, committed 95424K, reserved 1179648K
  class space    used 11211K, committed 11584K, reserved 1048576K
}
Event: 67.445 GC heap after
{Heap after GC invocations=49 (full 0):
 garbage-first heap   total 305152K, used 125759K [0x0000000081400000, 0x0000000100000000)
  region size 1024K, 13 young (13312K), 13 survivors (13312K)
 Metaspace       used 94699K, committed 95424K, reserved 1179648K
  class space    used 11211K, committed 11584K, reserved 1048576K
}

Deoptimization events (20 events):
Event: 287.926 Thread 0x0000000c8f46f3c0 DEOPT PACKING pc=0x0000000cfb6751e4 sp=0x0000000c9502be90
Event: 287.926 Thread 0x0000000c8f46f3c0 DEOPT UNPACKING pc=0x0000000cfb282b43 sp=0x0000000c9502b358 mode 1
Event: 287.926 Thread 0x0000000c8f46f3c0 DEOPT PACKING pc=0x0000000cfb674edc sp=0x0000000c9502bf20
Event: 287.926 Thread 0x0000000c8f46f3c0 DEOPT UNPACKING pc=0x0000000cfb282b43 sp=0x0000000c9502b3f8 mode 1
Event: 287.967 Thread 0x0000000c8f46f3c0 DEOPT PACKING pc=0x0000000cfc52be9c sp=0x0000000c9502dfd0
Event: 287.967 Thread 0x0000000c8f46f3c0 DEOPT UNPACKING pc=0x0000000cfb282b43 sp=0x0000000c9502d660 mode 1
Event: 287.967 Thread 0x0000000c8f46f3c0 DEOPT PACKING pc=0x0000000cfb90c304 sp=0x0000000c9502e300
Event: 287.967 Thread 0x0000000c8f46f3c0 DEOPT UNPACKING pc=0x0000000cfb282b43 sp=0x0000000c9502d7c8 mode 1
Event: 287.981 Thread 0x0000000c8f46f3c0 DEOPT PACKING pc=0x0000000cfc52be9c sp=0x0000000c9502dfd0
Event: 287.981 Thread 0x0000000c8f46f3c0 DEOPT UNPACKING pc=0x0000000cfb282b43 sp=0x0000000c9502d660 mode 1
Event: 287.981 Thread 0x0000000c8f46f3c0 DEOPT PACKING pc=0x0000000cfb90c304 sp=0x0000000c9502e300
Event: 287.981 Thread 0x0000000c8f46f3c0 DEOPT UNPACKING pc=0x0000000cfb282b43 sp=0x0000000c9502d7c8 mode 1
Event: 288.119 Thread 0x0000000c8f46f3c0 DEOPT PACKING pc=0x0000000cfc52be9c sp=0x0000000c9502d870
Event: 288.119 Thread 0x0000000c8f46f3c0 DEOPT UNPACKING pc=0x0000000cfb282b43 sp=0x0000000c9502cf00 mode 1
Event: 288.119 Thread 0x0000000c8f46f3c0 DEOPT PACKING pc=0x0000000cfb90c304 sp=0x0000000c9502dba0
Event: 288.119 Thread 0x0000000c8f46f3c0 DEOPT UNPACKING pc=0x0000000cfb282b43 sp=0x0000000c9502d068 mode 1
Event: 288.125 Thread 0x0000000c8f46f3c0 DEOPT PACKING pc=0x0000000cfc52be9c sp=0x0000000c9502d870
Event: 288.125 Thread 0x0000000c8f46f3c0 DEOPT UNPACKING pc=0x0000000cfb282b43 sp=0x0000000c9502cf00 mode 1
Event: 288.125 Thread 0x0000000c8f46f3c0 DEOPT PACKING pc=0x0000000cfb90c304 sp=0x0000000c9502dba0
Event: 288.125 Thread 0x0000000c8f46f3c0 DEOPT UNPACKING pc=0x0000000cfb282b43 sp=0x0000000c9502d068 mode 1

Classes loaded (20 events):
Event: 288.088 Loading class java/text/CalendarBuilder
Event: 288.088 Loading class java/text/CalendarBuilder done
Event: 320.621 Loading class java/lang/ObjectCustomizer
Event: 320.621 Loading class java/lang/ObjectCustomizer done
Event: 320.623 Loading class java/lang/ObjectCustomizer
Event: 320.623 Loading class java/lang/ObjectCustomizer done
Event: 357.407 Loading class java/lang/Throwable$WrappedPrintStream
Event: 357.408 Loading class java/lang/Throwable$WrappedPrintStream done
Event: 379.525 Loading class java/lang/ObjectCustomizer
Event: 379.525 Loading class java/lang/ObjectCustomizer done
Event: 379.527 Loading class java/lang/ObjectCustomizer
Event: 379.527 Loading class java/lang/ObjectCustomizer done
Event: 407.200 Loading class java/lang/ObjectCustomizer
Event: 407.200 Loading class java/lang/ObjectCustomizer done
Event: 407.202 Loading class java/lang/ObjectCustomizer
Event: 407.202 Loading class java/lang/ObjectCustomizer done
Event: 407.275 Loading class java/lang/ObjectCustomizer
Event: 407.275 Loading class java/lang/ObjectCustomizer done
Event: 407.278 Loading class java/lang/ObjectCustomizer
Event: 407.278 Loading class java/lang/ObjectCustomizer done

Classes unloaded (0 events):
No events

Classes redefined (1 events):
Event: 484.673 Thread 0x0000000cff344120 redefined class name=com.maan.eway.notification.service.SmsJob, count=1

Internal exceptions (20 events):
Event: 64.161 Thread 0x0000000cf7ba2970 Exception <a 'java/lang/NoSuchMethodError'{0x000000008ea4fcf8}: 'java.lang.Object java.lang.invoke.DirectMethodHandle$Holder.newInvokeSpecial(java.lang.Object, java.lang.Object, java.lang.Object, java.lang.Object, java.lang.Object, java.lang.Object, java.lang.Object)'> (0x000000008ea4fcf8) 
thrown [s\src\hotspot\share\interpreter\linkResolver.cpp, line 766]
Event: 64.162 Thread 0x0000000cf7ba2970 Exception <a 'java/lang/NoSuchMethodError'{0x000000008ea541d8}: 'java.lang.Object java.lang.invoke.Invokers$Holder.linkToTargetMethod(java.lang.Object, java.lang.Object, java.lang.Object, java.lang.Object, java.lang.Object, java.lang.Object, java.lang.Object)'> (0x000000008ea541d8) 
thrown [s\src\hotspot\share\interpreter\linkResolver.cpp, line 766]
Event: 64.305 Thread 0x0000000cf7ba2970 Exception <a 'java/lang/NoSuchMethodError'{0x000000008e6c7ee0}: 'java.lang.Object java.lang.invoke.DirectMethodHandle$Holder.newInvokeSpecial(java.lang.Object, java.lang.Object, java.lang.Object, int)'> (0x000000008e6c7ee0) 
thrown [s\src\hotspot\share\interpreter\linkResolver.cpp, line 766]
Event: 64.306 Thread 0x0000000cf7ba2970 Exception <a 'java/lang/NoSuchMethodError'{0x000000008e6cbff0}: 'java.lang.Object java.lang.invoke.DirectMethodHandle$Holder.invokeSpecial(java.lang.Object, java.lang.Object, java.lang.Object, java.lang.Object, int)'> (0x000000008e6cbff0) 
thrown [s\src\hotspot\share\interpreter\linkResolver.cpp, line 766]
Event: 64.306 Thread 0x0000000cf7ba2970 Exception <a 'java/lang/NoSuchMethodError'{0x000000008e6cf6f8}: 'java.lang.Object java.lang.invoke.Invokers$Holder.linkToTargetMethod(java.lang.Object, java.lang.Object, int, java.lang.Object)'> (0x000000008e6cf6f8) 
thrown [s\src\hotspot\share\interpreter\linkResolver.cpp, line 766]
Event: 64.506 Thread 0x0000000cf7ba2970 Exception <a 'java/lang/NoSuchMethodError'{0x000000008de73770}: 'java.lang.Object java.lang.invoke.DirectMethodHandle$Holder.invokeStatic(java.lang.Object, int, java.lang.Object)'> (0x000000008de73770) 
thrown [s\src\hotspot\share\interpreter\linkResolver.cpp, line 766]
Event: 108.302 Thread 0x0000000c8f46e550 Exception <a 'java/lang/NoSuchMethodError'{0x000000009019baa0}: 'java.lang.Object java.lang.invoke.DirectMethodHandle$Holder.invokeInterface(java.lang.Object, java.lang.Object, int)'> (0x000000009019baa0) 
thrown [s\src\hotspot\share\interpreter\linkResolver.cpp, line 766]
Event: 108.304 Thread 0x0000000c8f46e550 Exception <a 'java/lang/IncompatibleClassChangeError'{0x00000000901ab850}: Found class java.lang.Object, but interface was expected> (0x00000000901ab850) 
thrown [s\src\hotspot\share\interpreter\linkResolver.cpp, line 833]
Event: 108.422 Thread 0x0000000c8f46e550 Exception <a 'java/lang/NoSuchMethodError'{0x000000008fcd8490}: 'java.lang.Object java.lang.invoke.DirectMethodHandle$Holder.invokeStatic(java.lang.Object, long, long)'> (0x000000008fcd8490) 
thrown [s\src\hotspot\share\interpreter\linkResolver.cpp, line 766]
Event: 287.934 Thread 0x0000000c8f46f3c0 Exception <a 'java/lang/NoSuchMethodError'{0x000000008f952910}: 'java.lang.Object java.lang.invoke.DirectMethodHandle$Holder.invokeStaticInit(java.lang.Object, java.lang.Object, java.lang.Object, java.lang.Object, java.lang.Object, java.lang.Object)'> (0x000000008f952910) 
thrown [s\src\hotspot\share\interpreter\linkResolver.cpp, line 766]
Event: 288.091 Thread 0x0000000c8f46f3c0 Exception <a 'java/lang/NoSuchMethodError'{0x000000008f7d7c48}: 'java.lang.Object java.lang.invoke.DirectMethodHandle$Holder.invokeInterface(java.lang.Object, java.lang.Object, java.lang.Object, java.lang.Object)'> (0x000000008f7d7c48) 
thrown [s\src\hotspot\share\interpreter\linkResolver.cpp, line 766]
Event: 320.623 Thread 0x0000000c8f46f3c0 Exception <a 'java/lang/ClassNotFoundException'{0x000000008f42b928}: java/lang/ObjectCustomizer> (0x000000008f42b928) 
thrown [s\src\hotspot\share\classfile\systemDictionary.cpp, line 255]
Event: 320.661 Thread 0x0000000c8f46f3c0 Exception <a 'java/lang/ClassNotFoundException'{0x000000008f433bc0}: com/maan/eway/notification/bean/NotifTransactionDetailsCustomizer> (0x000000008f433bc0) 
thrown [s\src\hotspot\share\classfile\systemDictionary.cpp, line 255]
Event: 379.527 Thread 0x0000000c8f46f3c0 Exception <a 'java/lang/ClassNotFoundException'{0x000000008ee750c0}: java/lang/ObjectCustomizer> (0x000000008ee750c0) 
thrown [s\src\hotspot\share\classfile\systemDictionary.cpp, line 255]
Event: 379.562 Thread 0x0000000c8f46f3c0 Exception <a 'java/lang/ClassNotFoundException'{0x000000008ee7d0c8}: com/maan/eway/notification/bean/MailDataDetailsCustomizer> (0x000000008ee7d0c8) 
thrown [s\src\hotspot\share\classfile\systemDictionary.cpp, line 255]
Event: 394.559 Thread 0x0000000c8f46f3c0 Exception <a 'java/lang/NullPointerException'{0x000000008ec65910}> (0x000000008ec65910) 
thrown [s\src\hotspot\share\interpreter\linkResolver.cpp, line 1357]
Event: 407.203 Thread 0x0000000c8f46f3c0 Exception <a 'java/lang/ClassNotFoundException'{0x000000008eca1ac8}: java/lang/ObjectCustomizer> (0x000000008eca1ac8) 
thrown [s\src\hotspot\share\classfile\systemDictionary.cpp, line 255]
Event: 407.234 Thread 0x0000000c8f46f3c0 Exception <a 'java/lang/ClassNotFoundException'{0x000000008eca9630}: com/maan/eway/bean/SmsDataDetailsCustomizer> (0x000000008eca9630) 
thrown [s\src\hotspot\share\classfile\systemDictionary.cpp, line 255]
Event: 407.278 Thread 0x0000000c8f46f3c0 Exception <a 'java/lang/ClassNotFoundException'{0x000000008ecbbf58}: java/lang/ObjectCustomizer> (0x000000008ecbbf58) 
thrown [s\src\hotspot\share\classfile\systemDictionary.cpp, line 255]
Event: 407.303 Thread 0x0000000c8f46f3c0 Exception <a 'java/lang/ClassNotFoundException'{0x000000008ecc3b10}: com/maan/eway/bean/SmsDataDetailsIdCustomizer> (0x000000008ecc3b10) 
thrown [s\src\hotspot\share\classfile\systemDictionary.cpp, line 255]

VM Operations (20 events):
Event: 419.393 Executing VM operation: get/set locals
Event: 419.394 Executing VM operation: get/set locals done
Event: 419.395 Executing VM operation: get/set locals
Event: 419.395 Executing VM operation: get/set locals done
Event: 419.396 Executing VM operation: get/set locals
Event: 419.397 Executing VM operation: get/set locals done
Event: 421.682 Executing VM operation: get/set locals
Event: 421.683 Executing VM operation: get/set locals done
Event: 421.684 Executing VM operation: get/set locals
Event: 421.684 Executing VM operation: get/set locals done
Event: 422.480 Executing VM operation: get/set locals
Event: 422.481 Executing VM operation: get/set locals done
Event: 422.481 Executing VM operation: get/set locals
Event: 422.482 Executing VM operation: get/set locals done
Event: 484.323 Executing VM operation: ChangeSingleStep
Event: 484.323 Executing VM operation: ChangeSingleStep done
Event: 484.323 Executing VM operation: ChangeSingleStep
Event: 484.323 Executing VM operation: ChangeSingleStep done
Event: 484.629 Executing VM operation: RedefineClasses
Event: 484.745 Executing VM operation: RedefineClasses done

Events (20 events):
Event: 63.892 Thread 0x0000000c8ec50420 Thread added: 0x0000000c8ec50420
Event: 63.914 Thread 0x0000000c8f4e3870 Thread added: 0x0000000c8f4e3870
Event: 63.917 Thread 0x0000000c8f4e33a0 Thread added: 0x0000000c8f4e33a0
Event: 67.798 Thread 0x0000000cf7ba2970 Thread exited: 0x0000000cf7ba2970
Event: 67.798 Thread 0x0000000c8f4e4210 Thread added: 0x0000000c8f4e4210
Event: 69.882 Thread 0x0000000c8f7f2720 Thread exited: 0x0000000c8f7f2720
Event: 69.882 Thread 0x0000000c8a25ff20 Thread exited: 0x0000000c8a25ff20
Event: 93.105 Thread 0x0000000cf7ba3720 Thread exited: 0x0000000cf7ba3720
Event: 108.367 Thread 0x0000000c8f4e2530 Thread added: 0x0000000c8f4e2530
Event: 227.884 Thread 0x0000000c8edffcc0 Thread added: 0x0000000c8edffcc0
Event: 232.889 Thread 0x0000000c8edffcc0 Thread exited: 0x0000000c8edffcc0
Event: 272.818 Thread 0x0000000c8edffcc0 Thread added: 0x0000000c8edffcc0
Event: 277.857 Thread 0x0000000c8edffcc0 Thread exited: 0x0000000c8edffcc0
Event: 288.029 Thread 0x0000000c8edffcc0 Thread added: 0x0000000c8edffcc0
Event: 288.030 Thread 0x0000000c8a25ff20 Thread added: 0x0000000c8a25ff20
Event: 293.158 Thread 0x0000000c8a25ff20 Thread exited: 0x0000000c8a25ff20
Event: 297.015 Thread 0x0000000c8edffcc0 Thread exited: 0x0000000c8edffcc0
Event: 320.623 Thread 0x0000000c8a03bf90 flushing nmethod 0x0000000cfb60fc90
Event: 437.796 Thread 0x0000000c8edffcc0 Thread added: 0x0000000c8edffcc0
Event: 442.799 Thread 0x0000000c8edffcc0 Thread exited: 0x0000000c8edffcc0


Dynamic libraries:
0x00007ff6527c0000 - 0x00007ff6527ce000 	C:\Users\Developer\.p2\pool\plugins\org.eclipse.justj.openjdk.hotspot.jre.full.win32.x86_64_18.0.1.v20220515-1614\jre\bin\javaw.exe
0x00007ffb31ce0000 - 0x00007ffb31e8d000 	C:\Windows\SYSTEM32\ntdll.dll
0x00007ffb2f8f0000 - 0x00007ffb2fa2f000 	C:\Windows\system32\KERNEL32.DLL
0x00007ffb2ef00000 - 0x00007ffb2f014000 	C:\Windows\system32\KERNELBASE.dll
0x00007ffb19840000 - 0x00007ffb19857000 	C:\Users\Developer\.p2\pool\plugins\org.eclipse.justj.openjdk.hotspot.jre.full.win32.x86_64_18.0.1.v20220515-1614\jre\bin\jli.dll
0x00007ffb1f730000 - 0x00007ffb1f749000 	C:\Users\Developer\.p2\pool\plugins\org.eclipse.justj.openjdk.hotspot.jre.full.win32.x86_64_18.0.1.v20220515-1614\jre\bin\VCRUNTIME140.dll
0x00007ffb25f20000 - 0x00007ffb25f24000 	C:\Users\Developer\.p2\pool\plugins\org.eclipse.justj.openjdk.hotspot.jre.full.win32.x86_64_18.0.1.v20220515-1614\jre\bin\api-ms-win-crt-stdio-l1-1-0.dll
0x00007ffb1f850000 - 0x00007ffb1f854000 	C:\Users\Developer\.p2\pool\plugins\org.eclipse.justj.openjdk.hotspot.jre.full.win32.x86_64_18.0.1.v20220515-1614\jre\bin\api-ms-win-crt-runtime-l1-1-0.dll
0x00007ffb1f7d0000 - 0x00007ffb1f7d3000 	C:\Users\Developer\.p2\pool\plugins\org.eclipse.justj.openjdk.hotspot.jre.full.win32.x86_64_18.0.1.v20220515-1614\jre\bin\api-ms-win-crt-environment-l1-1-0.dll
0x00007ffb1f5e0000 - 0x00007ffb1f5e5000 	C:\Users\Developer\.p2\pool\plugins\org.eclipse.justj.openjdk.hotspot.jre.full.win32.x86_64_18.0.1.v20220515-1614\jre\bin\api-ms-win-crt-math-l1-1-0.dll
0x00007ffb1ed30000 - 0x00007ffb1ed33000 	C:\Users\Developer\.p2\pool\plugins\org.eclipse.justj.openjdk.hotspot.jre.full.win32.x86_64_18.0.1.v20220515-1614\jre\bin\api-ms-win-crt-locale-l1-1-0.dll
0x00007ffb1ed20000 - 0x00007ffb1ed23000 	C:\Users\Developer\.p2\pool\plugins\org.eclipse.justj.openjdk.hotspot.jre.full.win32.x86_64_18.0.1.v20220515-1614\jre\bin\api-ms-win-crt-heap-l1-1-0.dll
0x00007ffb2c180000 - 0x00007ffb2c3fb000 	C:\Windows\WinSxS\amd64_microsoft.windows.common-controls_6595b64144ccf1df_6.0.9600.19394_none_62486577ecb635cf\COMCTL32.dll
0x00007ffb31920000 - 0x00007ffb31a97000 	C:\Windows\system32\USER32.dll
0x00007ffb1ed10000 - 0x00007ffb1ed13000 	C:\Users\Developer\.p2\pool\plugins\org.eclipse.justj.openjdk.hotspot.jre.full.win32.x86_64_18.0.1.v20220515-1614\jre\bin\api-ms-win-crt-filesystem-l1-1-0.dll
0x00007ffb1ecc0000 - 0x00007ffb1ecc4000 	C:\Users\Developer\.p2\pool\plugins\org.eclipse.justj.openjdk.hotspot.jre.full.win32.x86_64_18.0.1.v20220515-1614\jre\bin\api-ms-win-crt-string-l1-1-0.dll
0x00007ffb1ec90000 - 0x00007ffb1ec94000 	C:\Users\Developer\.p2\pool\plugins\org.eclipse.justj.openjdk.hotspot.jre.full.win32.x86_64_18.0.1.v20220515-1614\jre\bin\api-ms-win-crt-convert-l1-1-0.dll
0x00007ffb30070000 - 0x00007ffb3011a000 	C:\Windows\system32\msvcrt.dll
0x00007ffb2f3e0000 - 0x00007ffb2f52f000 	C:\Windows\system32\GDI32.dll
0x00007ffb1a7b0000 - 0x00007ffb1a8aa000 	C:\Users\Developer\.p2\pool\plugins\org.eclipse.justj.openjdk.hotspot.jre.full.win32.x86_64_18.0.1.v20220515-1614\jre\bin\ucrtbase.DLL
0x00007ffb318e0000 - 0x00007ffb31916000 	C:\Windows\system32\IMM32.DLL
0x00007ffb2ff10000 - 0x00007ffb30061000 	C:\Windows\system32\MSCTF.dll
0x00007ffb1ec00000 - 0x00007ffb1ec0c000 	C:\Users\Developer\.p2\pool\plugins\org.eclipse.justj.openjdk.hotspot.jre.full.win32.x86_64_18.0.1.v20220515-1614\jre\bin\vcruntime140_1.dll
0x00007ffb1a710000 - 0x00007ffb1a7a1000 	C:\Users\Developer\.p2\pool\plugins\org.eclipse.justj.openjdk.hotspot.jre.full.win32.x86_64_18.0.1.v20220515-1614\jre\bin\msvcp140.dll
0x00007ffb1ebf0000 - 0x00007ffb1ebf3000 	C:\Users\Developer\.p2\pool\plugins\org.eclipse.justj.openjdk.hotspot.jre.full.win32.x86_64_18.0.1.v20220515-1614\jre\bin\api-ms-win-crt-time-l1-1-0.dll
0x00007ffb1e680000 - 0x00007ffb1e683000 	C:\Users\Developer\.p2\pool\plugins\org.eclipse.justj.openjdk.hotspot.jre.full.win32.x86_64_18.0.1.v20220515-1614\jre\bin\api-ms-win-crt-utility-l1-1-0.dll
0x00007ffb10240000 - 0x00007ffb10ec9000 	C:\Users\Developer\.p2\pool\plugins\org.eclipse.justj.openjdk.hotspot.jre.full.win32.x86_64_18.0.1.v20220515-1614\jre\bin\server\jvm.dll
0x00007ffb2fb70000 - 0x00007ffb2fc1d000 	C:\Windows\system32\ADVAPI32.dll
0x00007ffb26aa0000 - 0x00007ffb26aa9000 	C:\Windows\SYSTEM32\WSOCK32.dll
0x00007ffb26880000 - 0x00007ffb268a2000 	C:\Windows\SYSTEM32\WINMM.dll
0x00007ffb28140000 - 0x00007ffb2814a000 	C:\Windows\SYSTEM32\VERSION.dll
0x00007ffb31870000 - 0x00007ffb31877000 	C:\Windows\system32\PSAPI.DLL
0x00007ffb31c80000 - 0x00007ffb31cdb000 	C:\Windows\SYSTEM32\sechost.dll
0x00007ffb2fa30000 - 0x00007ffb2fb65000 	C:\Windows\system32\RPCRT4.dll
0x00007ffb2f360000 - 0x00007ffb2f3ba000 	C:\Windows\system32\WS2_32.dll
0x00007ffb26830000 - 0x00007ffb2685a000 	C:\Windows\SYSTEM32\WINMMBASE.dll
0x00007ffb2f020000 - 0x00007ffb2f04e000 	C:\Windows\system32\SspiCli.dll
0x00007ffb2f530000 - 0x00007ffb2f539000 	C:\Windows\system32\NSI.dll
0x00007ffb2f2b0000 - 0x00007ffb2f2ff000 	C:\Windows\SYSTEM32\cfgmgr32.dll
0x00007ffb2da70000 - 0x00007ffb2da98000 	C:\Windows\SYSTEM32\DEVOBJ.dll
0x00007ffb19b80000 - 0x00007ffb19b8a000 	C:\Users\Developer\.p2\pool\plugins\org.eclipse.justj.openjdk.hotspot.jre.full.win32.x86_64_18.0.1.v20220515-1614\jre\bin\jimage.dll
0x00007ffb26910000 - 0x00007ffb26a9a000 	C:\Windows\SYSTEM32\DBGHELP.DLL
0x00007ffb1a6d0000 - 0x00007ffb1a70b000 	C:\Users\Developer\.p2\pool\plugins\org.eclipse.justj.openjdk.hotspot.jre.full.win32.x86_64_18.0.1.v20220515-1614\jre\bin\jdwp.dll
0x00007ffb19b70000 - 0x00007ffb19b7e000 	C:\Users\Developer\.p2\pool\plugins\org.eclipse.justj.openjdk.hotspot.jre.full.win32.x86_64_18.0.1.v20220515-1614\jre\bin\instrument.dll
0x00007ffb128e0000 - 0x00007ffb12905000 	C:\Users\Developer\.p2\pool\plugins\org.eclipse.justj.openjdk.hotspot.jre.full.win32.x86_64_18.0.1.v20220515-1614\jre\bin\java.dll
0x00007ffb1ef50000 - 0x00007ffb1ef68000 	C:\Users\Developer\.p2\pool\plugins\org.eclipse.justj.openjdk.hotspot.jre.full.win32.x86_64_18.0.1.v20220515-1614\jre\bin\zip.dll
0x00007ffb30340000 - 0x00007ffb3186f000 	C:\Windows\system32\SHELL32.dll
0x00007ffb30120000 - 0x00007ffb30332000 	C:\Windows\SYSTEM32\combase.dll
0x00007ffb2f540000 - 0x00007ffb2f594000 	C:\Windows\system32\SHLWAPI.dll
0x00007ffb2d5e0000 - 0x00007ffb2d692000 	C:\Windows\SYSTEM32\SHCORE.dll
0x00007ffb2ed80000 - 0x00007ffb2ed95000 	C:\Windows\SYSTEM32\profapi.dll
0x00007ffb1f720000 - 0x00007ffb1f72c000 	C:\Users\Developer\.p2\pool\plugins\org.eclipse.justj.openjdk.hotspot.jre.full.win32.x86_64_18.0.1.v20220515-1614\jre\bin\dt_socket.dll
0x00007ffb2a080000 - 0x00007ffb2a0aa000 	C:\Windows\SYSTEM32\IPHLPAPI.DLL
0x00007ffb2c490000 - 0x00007ffb2c49a000 	C:\Windows\SYSTEM32\WINNSI.DLL
0x00007ffb2e5c0000 - 0x00007ffb2e619000 	C:\Windows\system32\mswsock.dll
0x00007ffb2e3c0000 - 0x00007ffb2e464000 	C:\Windows\SYSTEM32\DNSAPI.dll
0x00007ffb268b0000 - 0x00007ffb268ba000 	C:\Windows\System32\rasadhlp.dll
0x00007ffb29e50000 - 0x00007ffb29ebb000 	C:\Windows\System32\fwpuclnt.dll
0x00007ffb03460000 - 0x00007ffb03473000 	C:\Users\Developer\.p2\pool\plugins\org.eclipse.justj.openjdk.hotspot.jre.full.win32.x86_64_18.0.1.v20220515-1614\jre\bin\net.dll
0x00007ffb25ab0000 - 0x00007ffb25b79000 	C:\Windows\SYSTEM32\WINHTTP.dll
0x00007ffb03440000 - 0x00007ffb03456000 	C:\Users\Developer\.p2\pool\plugins\org.eclipse.justj.openjdk.hotspot.jre.full.win32.x86_64_18.0.1.v20220515-1614\jre\bin\nio.dll
0x00007ffb1e670000 - 0x00007ffb1e679000 	C:\Users\Developer\.p2\pool\plugins\org.eclipse.justj.openjdk.hotspot.jre.full.win32.x86_64_18.0.1.v20220515-1614\jre\bin\management.dll
0x00007ffb1e620000 - 0x00007ffb1e62b000 	C:\Users\Developer\.p2\pool\plugins\org.eclipse.justj.openjdk.hotspot.jre.full.win32.x86_64_18.0.1.v20220515-1614\jre\bin\management_ext.dll
0x00007ffb268f0000 - 0x00007ffb26905000 	C:\Windows\system32\napinsp.dll
0x00007ffb268d0000 - 0x00007ffb268ea000 	C:\Windows\system32\pnrpnsp.dll
0x00007ffb2ad30000 - 0x00007ffb2ad4b000 	C:\Windows\system32\NLAapi.dll
0x00007ffb268c0000 - 0x00007ffb268cd000 	C:\Windows\System32\winrnr.dll
0x00007ffb2e620000 - 0x00007ffb2e640000 	C:\Windows\SYSTEM32\CRYPTSP.dll
0x00007ffb2e240000 - 0x00007ffb2e276000 	C:\Windows\system32\rsaenh.dll
0x00007ffb2e860000 - 0x00007ffb2e886000 	C:\Windows\SYSTEM32\bcrypt.dll
0x00007ffb2e350000 - 0x00007ffb2e371000 	C:\Windows\SYSTEM32\USERENV.dll
0x00007ffb2eb80000 - 0x00007ffb2ebe3000 	C:\Windows\system32\bcryptprimitives.dll
0x00007ffb2ecf0000 - 0x00007ffb2ecfb000 	C:\Windows\SYSTEM32\CRYPTBASE.dll
0x00007ffb29f30000 - 0x00007ffb29f46000 	C:\Windows\SYSTEM32\dhcpcsvc6.DLL
0x00007ffb29f10000 - 0x00007ffb29f2a000 	C:\Windows\SYSTEM32\dhcpcsvc.DLL
0x00007ffb18e60000 - 0x00007ffb18e70000 	C:\Users\Developer\.p2\pool\plugins\org.eclipse.justj.openjdk.hotspot.jre.full.win32.x86_64_18.0.1.v20220515-1614\jre\bin\verify.dll
0x00007ffb1df60000 - 0x00007ffb1df6e000 	C:\Users\Developer\.p2\pool\plugins\org.eclipse.justj.openjdk.hotspot.jre.full.win32.x86_64_18.0.1.v20220515-1614\jre\bin\sunmscapi.dll
0x00007ffb2f050000 - 0x00007ffb2f2a7000 	C:\Windows\system32\CRYPT32.dll
0x00007ffb2e830000 - 0x00007ffb2e855000 	C:\Windows\SYSTEM32\ncrypt.dll
0x00007ffb2ee30000 - 0x00007ffb2ee41000 	C:\Windows\system32\MSASN1.dll
0x00007ffb2e7f0000 - 0x00007ffb2e827000 	C:\Windows\SYSTEM32\NTASN1.dll
0x00007ffb01f60000 - 0x00007ffb01faf000 	C:\Windows\SYSTEM32\pdh.dll
0x00007ffb1f6b0000 - 0x00007ffb1f6bf000 	C:\Windows\System32\perfproc.dll
0x00007ffb1e9e0000 - 0x00007ffb1e9ed000 	C:\Windows\System32\perfos.dll

dbghelp: loaded successfully - version: 4.0.5 - missing functions: none
symbol engine: initialized successfully - sym options: 0x614 - pdb path: .;C:\Users\Developer\.p2\pool\plugins\org.eclipse.justj.openjdk.hotspot.jre.full.win32.x86_64_18.0.1.v20220515-1614\jre\bin;C:\Windows\SYSTEM32;C:\Windows\WinSxS\amd64_microsoft.windows.common-controls_6595b64144ccf1df_6.0.9600.19394_none_62486577ecb635cf;C:\Users\Developer\.p2\pool\plugins\org.eclipse.justj.openjdk.hotspot.jre.full.win32.x86_64_18.0.1.v20220515-1614\jre\bin\server

VM Arguments:
jvm_args: -XX:+ShowCodeDetailsInExceptionMessages -agentlib:jdwp=transport=dt_socket,suspend=y,address=localhost:65449 -Dcom.sun.management.jmxremote -Dcom.sun.management.jmxremote.port=65447 -Dcom.sun.management.jmxremote.authenticate=false -Dcom.sun.management.jmxremote.ssl=false -Djava.rmi.server.hostname=localhost -Dspring.jmx.enabled=true -Dspring.application.admin.enabled=true -XX:TieredStopAtLevel=1 -Dspring.boot.project.name=EwayCommonApi -javaagent:F:\java-2022-03\eclipse\configuration\org.eclipse.osgi\225\0\.cp\lib\javaagent-shaded.jar -Dfile.encoding=UTF-8 
java_command: com.maan.eway.EwayCommonApiApplication
java_class_path (initial): E:\Kumar\Git\EwayCommonApi\target\classes;C:\Users\Developer\.m2\repository\org\springframework\boot\spring-boot-starter-data-jpa\2.7.5\spring-boot-starter-data-jpa-2.7.5.jar;C:\Users\Developer\.m2\repository\org\springframework\boot\spring-boot-starter-aop\2.7.5\spring-boot-starter-aop-2.7.5.jar;C:\Users\Developer\.m2\repository\org\aspectj\aspectjweaver\1.9.7\aspectjweaver-1.9.7.jar;C:\Users\Developer\.m2\repository\org\springframework\boot\spring-boot-starter-jdbc\2.7.5\spring-boot-starter-jdbc-2.7.5.jar;C:\Users\Developer\.m2\repository\com\zaxxer\HikariCP\4.0.3\HikariCP-4.0.3.jar;C:\Users\Developer\.m2\repository\org\springframework\spring-jdbc\5.3.23\spring-jdbc-5.3.23.jar;C:\Users\Developer\.m2\repository\jakarta\transaction\jakarta.transaction-api\1.3.3\jakarta.transaction-api-1.3.3.jar;C:\Users\Developer\.m2\repository\jakarta\persistence\jakarta.persistence-api\2.2.3\jakarta.persistence-api-2.2.3.jar;C:\Users\Developer\.m2\repository\org\hibernate\hibernate-core\5.6.12.Final\hibernate-core-5.6.12.Final.jar;C:\Users\Developer\.m2\repository\org\jboss\logging\jboss-logging\3.4.3.Final\jboss-logging-3.4.3.Final.jar;C:\Users\Developer\.m2\repository\net\bytebuddy\byte-buddy\1.12.18\byte-buddy-1.12.18.jar;C:\Users\Developer\.m2\repository\antlr\antlr\2.7.7\antlr-2.7.7.jar;C:\Users\Developer\.m2\repository\org\jboss\jandex\2.4.2.Final\jandex-2.4.2.Final.jar;C:\Users\Developer\.m2\repository\org\hibernate\common\hibernate-commons-annotations\5.1.2.Final\hibernate-commons-annotations-5.1.2.Final.jar;C:\Users\Developer\.m2\repository\org\glassfish\jaxb\jaxb-runtime\2.3.7\jaxb-runtime-2.3.7.jar;C:\Users\Developer\.m2\repository\org\glassfish\jaxb\txw2\2.3.7\txw2-2.3.7.jar;C:\Users\Developer\.m2\repository\com\sun\istack\istack-commons-runtime\3.0.12\istack-commons-runtime-3.0.12.jar;C:\Users\Developer\.m2\repository\org\springframework\data\spring-data-jpa\2.7.5\spring-data-jpa-2.7.5.jar;C:\Users\Developer\.m2\repository\org\springframework\data\spring-data-commons\2.7.5\spring-data-commons-2.7.5.jar;C:\Users\Developer\.m2\repository\org\springframework\spring-orm\5.3.23\spring-orm-5.3.23.jar;C:\Users\Developer\.m2\repository\org\springframework\spring-context\5.3.23\spring-context-5.3.23.jar;C:\Users\Developer\.m2\repository\org\springframework\spring-tx\5.3.23\spring-tx-5.3.23.jar;C:\Users\Developer\.m2\repository\org\springframework\spring-beans\5.3.23\spring-beans-5.3.23.jar;C:\Users\Developer\.m2\repository\org\springframework\spring-aspects\5.3.23\spring-aspects-5.3.23.jar;C:\Users\Developer\.m2\repository\org\springframework\boot\spring-boot-starter-web\2.7.5\spring-boot-starter-web-2.7.5.jar;C:\Users\Developer\.m2\repository\org\springframework\boot\spring-boot-starter\2.7.5\spring-boot-starter-2.7.5.jar;C:\Users\Developer\.m2\repository\org\springframework\boot\spring-boot\2.7.5\spring-boot-2.7.5.jar;C:\Users\Developer\.m2\repository\org\springframework\boot\spring-boot-autoconfigure\2.7.5\spring-boot-autoconfigure-2.7.5.jar;C:\Users\Developer\.m2\repository\org\springframework\boot\spring-boot-starter-logging\2.7.5\spring-boot-starter-logging-2.7.5.jar;C:\Users\Developer\.m2\repository\ch\qos\logback\logback-classic\1.2.11\logback-classic-1.2.11.jar;C:\Users\Developer\.m2\repository\ch\qos\logback\logback-core\1.2.11\logback-core-1.2.11.jar;C:\Users\Developer\.m2\repository\org\apache\logging\log4j\log4j-to-slf4j\2.17.2\log4j-to-slf4j-2.17.2.jar;C:\Users\Developer\.m2\repository\org\slf4j\jul-to-slf4j\1.7.36\jul-to-slf4j-1.7.36.jar;C:\Users\Developer\.m2\repository\org\yaml\snakeyaml\1.30\snakeyaml-1.30.jar;C:\Users\Developer\.m2\repository\org\springframework\boot\spring-boot-starter-json\2.7.5\spring-boot-starter-json-2.7.5.jar;C:\Users\Developer\.m2\repository\com\fasterxml\jackson\datatype\jackson-datatype-jdk8\2.13.4\jackson-datatype-jdk8-2.13.4.jar;C:\Users\Developer\.m2\repository\com\fasterxml\jackson\datatype\jackson-datatype-jsr310\2.13.4\jackson-datatype-jsr310-2.13.4.jar;C:\Users\Developer\.m2\repository\com\fasterxml\jackson\module\jackson-module-parameter-names\2.13.4\jackson-module-parameter-names-2.13.4.jar;C:\Users\Developer\.m2\repository\org\springframework\spring-web\5.3.23\spring-web-5.3.23.jar;C:\Users\Developer\.m2\repository\org\springframework\spring-webmvc\5.3.23\spring-webmvc-5.3.23.jar;C:\Users\Developer\.m2\repository\org\springframework\spring-expression\5.3.23\spring-expression-5.3.23.jar;C:\Users\Developer\.m2\repository\org\springframework\boot\spring-boot-starter-web-services\2.7.5\spring-boot-starter-web-services-2.7.5.jar;C:\Users\Developer\.m2\repository\com\sun\xml\messaging\saaj\saaj-impl\1.5.3\saaj-impl-1.5.3.jar;C:\Users\Developer\.m2\repository\jakarta\xml\soap\jakarta.xml.soap-api\1.4.2\jakarta.xml.soap-api-1.4.2.jar;C:\Users\Developer\.m2\repository\org\jvnet\staxex\stax-ex\1.8.3\stax-ex-1.8.3.jar;C:\Users\Developer\.m2\repository\com\sun\activation\jakarta.activation\1.2.2\jakarta.activation-1.2.2.jar;C:\Users\Developer\.m2\repository\jakarta\xml\ws\jakarta.xml.ws-api\2.3.3\jakarta.xml.ws-api-2.3.3.jar;C:\Users\Developer\.m2\repository\jakarta\jws\jakarta.jws-api\2.1.0\jakarta.jws-api-2.1.0.jar;C:\Users\Developer\.m2\repository\org\springframework\spring-oxm\5.3.23\spring-oxm-5.3.23.jar;C:\Users\Developer\.m2\repository\org\springframework\ws\spring-ws-core\3.1.3\spring-ws-core-3.1.3.jar;C:\Users\Developer\.m2\repository\org\springframework\ws\spring-xml\3.1.3\spring-xml-3.1.3.jar;C:\Users\Developer\.m2\repository\org\springframework\boot\spring-boot-starter-cache\2.7.5\spring-boot-starter-cache-2.7.5.jar;C:\Users\Developer\.m2\repository\org\springframework\spring-context-support\5.3.23\spring-context-support-5.3.23.jar;C:\Users\Developer\.m2\repository\com\fasterxml\jackson\core\jackson-databind\2.13.0\jackson-databind-2.13.0.jar;C:\Users\Developer\.m2\repository\com\fasterxml\jackson\core\jackson-annotations\2.13.4\jackson-annotations-2.13.4.jar;C:\Users\Developer\.m2\repository\com\fasterxml\jackson\core\jackson-core\2.13.4\jackson-core-2.13.4.jar;C:\Users\Developer\.m2\repository\com\mysql\mysql-connector-j\8.0.31\mysql-connector-j-8.0.31.jar;C:\Users\Developer\.m2\repository\org\projectlombok\lombok\1.18.24\lombok-1.18.24.jar;C:\Users\Developer\.m2\repository\org\springframework\boot\spring-boot-starter-tomcat\2.7.5\spring-boot-starter-tomcat-2.7.5.jar;C:\Users\Developer\.m2\repository\jakarta\annotation\jakarta.annotation-api\1.3.5\jakarta.annotation-api-1.3.5.jar;C:\Users\Developer\.m2\repository\org\apache\tomcat\embed\tomcat-embed-core\9.0.68\tomcat-embed-core-9.0.68.jar;C:\Users\Developer\.m2\repository\org\apache\tomcat\embed\tomcat-embed-el\9.0.68\tomcat-embed-el-9.0.68.jar;C:\Users\Developer\.m2\repository\org\apache\tomcat\embed\tomcat-embed-websocket\9.0.68\tomcat-embed-websocket-9.0.68.jar;C:\Users\Developer\.m2\repository\jakarta\xml\bind\jakarta.xml.bind-api\2.3.3\jakarta.xml.bind-api-2.3.3.jar;C:\Users\Developer\.m2\repository\jakarta\activation\jakarta.activation-api\1.2.2\jakarta.activation-api-1.2.2.jar;C:\Users\Developer\.m2\repository\org\hamcrest\hamcrest\2.2\hamcrest-2.2.jar;C:\Users\Developer\.m2\repository\org\springframework\spring-core\5.3.23\spring-core-5.3.23.jar;C:\Users\Developer\.m2\repository\org\springframework\spring-jcl\5.3.23\spring-jcl-5.3.23.jar;C:\Users\Developer\.m2\repository\io\springfox\springfox-boot-starter\3.0.0\springfox-boot-starter-3.0.0.jar;C:\Users\Developer\.m2\repository\io\springfox\springfox-oas\3.0.0\springfox-oas-3.0.0.jar;C:\Users\Developer\.m2\repository\io\swagger\core\v3\swagger-annotations\2.1.2\swagger-annotations-2.1.2.jar;C:\Users\Developer\.m2\repository\io\swagger\core\v3\swagger-models\2.1.2\swagger-models-2.1.2.jar;C:\Users\Developer\.m2\repository\io\springfox\springfox-spi\3.0.0\springfox-spi-3.0.0.jar;C:\Users\Developer\.m2\repository\io\springfox\springfox-schema\3.0.0\springfox-schema-3.0.0.jar;C:\Users\Developer\.m2\repository\io\springfox\springfox-core\3.0.0\springfox-core-3.0.0.jar;C:\Users\Developer\.m2\repository\io\springfox\springfox-spring-web\3.0.0\springfox-spring-web-3.0.0.jar;C:\Users\Developer\.m2\repository\io\github\classgraph\classgraph\4.8.83\classgraph-4.8.83.jar;C:\Users\Developer\.m2\repository\io\springfox\springfox-spring-webmvc\3.0.0\springfox-spring-webmvc-3.0.0.jar;C:\Users\Developer\.m2\repository\io\springfox\springfox-spring-webflux\3.0.0\springfox-spring-webflux-3.0.0.jar;C:\Users\Developer\.m2\repository\io\springfox\springfox-swagger-common\3.0.0\springfox-swagger-common-3.0.0.jar;C:\Users\Developer\.m2\repository\org\mapstruct\mapstruct\1.3.1.Final\mapstruct-1.3.1.Final.jar;C:\Users\Developer\.m2\repository\io\springfox\springfox-data-rest\3.0.0\springfox-data-rest-3.0.0.jar;C:\Users\Developer\.m2\repository\io\springfox\springfox-bean-validators\3.0.0\springfox-bean-validators-3.0.0.jar;C:\Users\Developer\.m2\repository\io\springfox\springfox-swagger2\3.0.0\springfox-swagger2-3.0.0.jar;C:\Users\Developer\.m2\repository\io\swagger\swagger-annotations\1.5.20\swagger-annotations-1.5.20.jar;C:\Users\Developer\.m2\repository\io\swagger\swagger-models\1.5.20\swagger-models-1.5.20.jar;C:\Users\Developer\.m2\repository\io\springfox\springfox-swagger-ui\3.0.0\springfox-swagger-ui-3.0.0.jar;C:\Users\Developer\.m2\repository\com\fasterxml\classmate\1.5.1\classmate-1.5.1.jar;C:\Users\Developer\.m2\repository\org\slf4j\slf4j-api\1.7.36\slf4j-api-1.7.36.jar;C:\Users\Developer\.m2\repository\org\springframework\plugin\spring-plugin-core\2.0.0.RELEASE\spring-plugin-core-2.0.0.RELEASE.jar;C:\Users\Developer\.m2\repository\org\springframework\plugin\spring-plugin-metadata\2.0.0.RELEASE\spring-plugin-metadata-2.0.0.RELEASE.jar;C:\Users\Developer\.m2\repository\org\apache\logging\log4j\log4j-api\2.15.0\log4j-api-2.15.0.jar;C:\Users\Developer\.m2\repository\org\javassist\javassist\3.25.0-GA\javassist-3.25.0-GA.jar;C:\Users\Developer\.m2\repository\commons-io\commons-io\2.6\commons-io-2.6.jar;C:\Users\Developer\.m2\repository\org\modelmapper\modelmapper\2.3.5\modelmapper-2.3.5.jar;C:\Users\Developer\.m2\repository\net\sf\dozer\dozer\5.5.1\dozer-5.5.1.jar;C:\Users\Developer\.m2\repository\commons-beanutils\commons-beanutils\1.9.1\commons-beanutils-1.9.1.jar;C:\Users\Developer\.m2\repository\org\slf4j\jcl-over-slf4j\1.7.36\jcl-over-slf4j-1.7.36.jar;C:\Users\Developer\.m2\repository\com\google\code\gson\gson\2.9.1\gson-2.9.1.jar;C:\Users\Developer\.m2\repository\com\sun\mail\javax.mail\1.6.2\javax.mail-1.6.2.jar;C:\Users\Developer\.m2\repository\javax\activation\activation\1.1\activation-1.1.jar;C:\Users\Developer\.m2\repository\org\springframework\boot\spring-boot-starter-mail\2.7.0\spring-boot-starter-mail-2.7.0.jar;C:\Users\Developer\.m2\repository\com\sun\mail\jakarta.mail\1.6.7\jakarta.mail-1.6.7.jar;C:\Users\Developer\.m2\repository\org\apache\tika\tika-core\2.0.0\tika-core-2.0.0.jar;C:\Users\Developer\.m2\repository\net\coobird\thumbnailator\0.4.12\thumbnailator-0.4.12.jar;C:\Users\Developer\.m2\repository\org\jsoup\jsoup\1.15.1\jsoup-1.15.1.jar;C:\Users\Developer\.m2\repository\com\googlecode\json-simple\json-simple\1.1.1\json-simple-1.1.1.jar;C:\Users\Developer\.m2\repository\junit\junit\4.13.2\junit-4.13.2.jar;C:\Users\Developer\.m2\repository\org\hamcrest\hamcrest-core\2.2\hamcrest-core-2.2.jar;C:\Users\Developer\.m2\repository\org\apache\commons\commons-lang3\3.8.1\commons-lang3-3.8.1.jar;C:\Users\Developer\.m2\repository\com\googlecode\jmapper-framework\jmapper-core\1.6.0.1\jmapper-core-1.6.0.1.jar;C:\Users\Developer\.m2\repository\org\reflections\reflections\0.9.10\reflections-0.9.10.jar;C:\Users\Developer\.m2\repository\com\google\guava\guava\15.0\guava-15.0.jar;C:\Users\Developer\.m2\repository\com\google\code\findbugs\annotations\2.0.1\annotations-2.0.1.jar;C:\Users\Developer\.m2\repository\com\googlecode\jmapper-framework\jmapper-api\1.2.1\jmapper-api-1.2.1.jar;C:\Users\Developer\.m2\repository\commons-collections\commons-collections\3.2.2\commons-collections-3.2.2.jar;C:\Users\Developer\.m2\repository\com\thoughtworks\xstream\xstream\1.4.9\xstream-1.4.9.jar;C:\Users\Developer\.m2\repository\xmlpull\xmlpull\1.1.3.1\xmlpull-1.1.3.1.jar;C:\Users\Developer\.m2\repository\xpp3\xpp3_min\1.1.4c\xpp3_min-1.1.4c.jar;C:\Users\Developer\.m2\repository\net\sf\kxml\kxml2\2.3.0\kxml2-2.3.0.jar;C:\Users\Developer\.m2\repository\io\jsonwebtoken\jjwt\0.9.1\jjwt-0.9.1.jar;C:\Users\Developer\.m2\repository\org\springframework\boot\spring-boot-starter-security\2.7.5\spring-boot-starter-security-2.7.5.jar;C:\Users\Developer\.m2\repository\org\springframework\spring-aop\5.3.23\spring-aop-5.3.23.jar;C:\Users\Developer\.m2\repository\org\springframework\security\spring-security-config\5.7.4\spring-security-config-5.7.4.jar;C:\Users\Developer\.m2\repository\org\springframework\security\spring-security-core\5.7.4\spring-security-core-5.7.4.jar;C:\Users\Developer\.m2\repository\org\springframework\security\spring-security-crypto\5.7.4\spring-security-crypto-5.7.4.jar;C:\Users\Developer\.m2\repository\org\springframework\security\spring-security-web\5.7.4\spring-security-web-5.7.4.jar;C:\Users\Developer\.m2\repository\com\fasterxml\jackson\dataformat\jackson-dataformat-xml\2.13.4\jackson-dataformat-xml-2.13.4.jar;C:\Users\Developer\.m2\repository\org\codehaus\woodstox\stax2-api\4.2.1\stax2-api-4.2.1.jar;C:\Users\Developer\.m2\repository\com\fasterxml\woodstox\woodstox-core\6.3.1\woodstox-core-6.3.1.jar;C:\Users\Developer\.m2\repository\org\jobrunr\jobrunr-spring-boot-starter\3.2.1\jobrunr-spring-boot-starter-3.2.1.jar;C:\Users\Developer\.m2\repository\org\jobrunr\jobrunr\3.2.1\jobrunr-3.2.1.jar;C:\Users\Developer\.m2\repository\org\ow2\asm\asm\9.1\asm-9.1.jar;C:\Users\Developer\.m2\repository\org\cache2k\cache2k-api\2.6.1.Final\cache2k-api-2.6.1.Final.jar;C:\Users\Developer\.m2\repository\org\cache2k\cache2k-core\2.6.1.Final\cache2k-core-2.6.1.Final.jar;C:\Users\Developer\.m2\repository\org\cache2k\cache2k-spring\2.6.1.Final\cache2k-spring-2.6.1.Final.jar
Launcher Type: SUN_STANDARD

[Global flags]
     intx CICompilerCount                          = 3                                         {product} {ergonomic}
     uint ConcGCThreads                            = 1                                         {product} {ergonomic}
     uint G1ConcRefinementThreads                  = 4                                         {product} {ergonomic}
   size_t G1HeapRegionSize                         = 1048576                                   {product} {ergonomic}
    uintx GCDrainStackTargetSize                   = 64                                        {product} {ergonomic}
   size_t InitialHeapSize                          = 134217728                                 {product} {ergonomic}
     bool ManagementServer                         = true                                      {product} {command line}
   size_t MarkStackSize                            = 4194304                                   {product} {ergonomic}
   size_t MaxHeapSize                              = 2126512128                                {product} {ergonomic}
   size_t MaxNewSize                               = 1275068416                                {product} {ergonomic}
   size_t MinHeapDeltaBytes                        = 1048576                                   {product} {ergonomic}
   size_t MinHeapSize                              = 8388608                                   {product} {ergonomic}
    uintx NonProfiledCodeHeapSize                  = 0                                      {pd product} {ergonomic}
     bool ProfileInterpreter                       = false                                  {pd product} {command line}
    uintx ProfiledCodeHeapSize                     = 0                                      {pd product} {ergonomic}
     bool ShowCodeDetailsInExceptionMessages       = true                                   {manageable} {command line}
   size_t SoftMaxHeapSize                          = 2126512128                             {manageable} {ergonomic}
     intx TieredStopAtLevel                        = 1                                         {product} {command line}
     bool UseCompressedClassPointers               = true                           {product lp64_product} {ergonomic}
     bool UseCompressedOops                        = true                           {product lp64_product} {ergonomic}
     bool UseG1GC                                  = true                                      {product} {ergonomic}
     bool UseLargePagesIndividualAllocation        = false                                  {pd product} {ergonomic}

Logging:
Log output configuration:
 #0: stdout all=warning uptime,level,tags foldmultilines=false
 #1: stderr all=off uptime,level,tags foldmultilines=false

Environment Variables:
JAVA_HOME=C:\Program Files\Java\jdk1.8.0_111
PATH=C:\Users\Developer\.p2\pool\plugins\org.eclipse.justj.openjdk.hotspot.jre.full.win32.x86_64_18.0.1.v20220515-1614\jre\bin;C:/Users/Developer/.p2/pool/plugins/org.eclipse.justj.openjdk.hotspot.jre.full.win32.x86_64_18.0.1.v20220515-1614/jre/bin/server;C:/Users/Developer/.p2/pool/plugins/org.eclipse.justj.openjdk.hotspot.jre.full.win32.x86_64_18.0.1.v20220515-1614/jre/bin;C:\Python310\Scripts\;C:\Python310\;C:\Program Files (x86)\Common Files\Oracle\Java\javapath;C:\ProgramData\Oracle\Java\javapath;C:\Windows\system32;C:\Windows;C:\Windows\System32\Wbem;C:\Windows\System32\WindowsPowerShell\v1.0\;D:\Oracle\product\10.1.0\Client_1\bin;C:\Program Files\Java\jdk1.8.0_111;C:\Program Files (x86)\Java\jdk1.7.0_03\bin;%M2_HOME%\bin;c:\Program Files (x86)\Microsoft SQL Server\110\Tools\Binn\ManagementStudio\;c:\Program Files (x86)\Microsoft SQL Server\110\Tools\Binn\;c:\Program Files\Microsoft SQL Server\110\Tools\Binn\;c:\Program Files (x86)\Microsoft SQL Server\110\DTS\Binn\;C:\Program Files\TortoiseSVN\bin;C:\Users\Developer\Downloads\xmlbeans-2.1.0\bin;C:\maven\bin;C:\Users\Developer\AppData\Roaming\npm;C:\Program Files\nodejs\;C:\ProgramData\chocolatey\bin;C:\Program Files\PuTTY\;C:\Program Files\nodejs;;C:\Users\Developer\AppData\Local\Programs\Microsoft VS Code\bin;C:\Users\Developer\AppData\Roaming\npm;F:\java-2022-03\eclipse;
USERNAME=Shanishg
OS=Windows_NT
PROCESSOR_IDENTIFIER=Intel64 Family 6 Model 60 Stepping 3, GenuineIntel



---------------  S Y S T E M  ---------------

OS:
 Windows 8.1 , 64 bit Build 9600 (6.3.9600.20778)
OS uptime: 1 days 5:55 hours

CPU: total 4 (initial active 4) (2 cores per cpu, 2 threads per core) family 6 model 60 stepping 3 microcode 0x1d, cx8, cmov, fxsr, ht, mmx, sse, sse2, sse3, ssse3, sse4.1, sse4.2, popcnt, lzcnt, tsc, tscinvbit, avx, avx2, aes, erms, clmul, bmi1, bmi2, fma, vzeroupper, clflush

Memory: 4k page, system-wide physical 8104M (1833M free)
TotalPageFile size 10445M (AvailPageFile size 3289M)
current process WorkingSet (physical memory assigned to process): 512M, peak: 512M
current process commit charge ("private bytes"): 542M, peak: 542M

vm_info: OpenJDK 64-Bit Server VM (18.0.1+10) for windows-amd64 JRE (18.0.1+10), built on Apr 20 2022 05:04:48 by "" with MS VC++ 16.7 (VS2019)

END.
